<?xml version="1.0" ?>
<kml xmlns="http://www.opengis.net/kml/2.2">
  <Document>
    <name>Coordinate Candidates (144×4)</name>
    <Folder>
      <name>NE (+lat,+lon)</name>
      <Placemark>
        <name>NE (+lat,+lon)  Lat#1 Lon#1</name>
        <description>NE (+lat,+lon)
Lat token: 32°45′06″
Lon token: 3°03′19″
lat=32.751667, lon=3.055278</description>
        <Point>
          <altitudeMode>clampToGround</altitudeMode>
          <coordinates>3.055278,32.751667,0</coordinates>
        </Point>
      </Placemark>
      <Placemark>
        <name>NE (+lat,+lon)  Lat#1 Lon#2</name>
        <description>NE (+lat,+lon)
Lat token: 32°45′06″
Lon token: 36°49′27″
lat=32.751667, lon=36.824167</description>
        <Point>
          <altitudeMode>clampToGround</altitudeMode>
          <coordinates>36.824167,32.751667,0</coordinates>
        </Point>
      </Placemark>
      <Placemark>
        <name>NE (+lat,+lon)  Lat#1 Lon#3</name>
        <description>NE (+lat,+lon)
Lat token: 32°45′06″
Lon token: 60°35′28″
lat=32.751667, lon=60.591111</description>
        <Point>
          <altitudeMode>clampToGround</altitudeMode>
          <coordinates>60.591111,32.751667,0</coordinates>
        </Point>
      </Placemark>
      <Placemark>
        <name>NE (+lat,+lon)  Lat#1 Lon#4</name>
        <description>NE (+lat,+lon)
Lat token: 32°45′06″
Lon token: 100°29′16″
lat=32.751667, lon=100.487778</description>
        <Point>
          <altitudeMode>clampToGround</altitudeMode>
          <coordinates>100.487778,32.751667,0</coordinates>
        </Point>
      </Placemark>
      <Placemark>
        <name>NE (+lat,+lon)  Lat#1 Lon#5</name>
        <description>NE (+lat,+lon)
Lat token: 32°45′06″
Lon token: 140°42′54″
lat=32.751667, lon=140.715000</description>
        <Point>
          <altitudeMode>clampToGround</altitudeMode>
          <coordinates>140.715000,32.751667,0</coordinates>
        </Point>
      </Placemark>
      <Placemark>
        <name>NE (+lat,+lon)  Lat#1 Lon#6</name>
        <description>NE (+lat,+lon)
Lat token: 32°45′06″
Lon token: 155°23′32″
lat=32.751667, lon=155.392222</description>
        <Point>
          <altitudeMode>clampToGround</altitudeMode>
          <coordinates>155.392222,32.751667,0</coordinates>
        </Point>
      </Placemark>
      <Placemark>
        <name>NE (+lat,+lon)  Lat#1 Lon#7</name>
        <description>NE (+lat,+lon)
Lat token: 32°45′06″
Lon token: 169°51′01″
lat=32.751667, lon=169.850278</description>
        <Point>
          <altitudeMode>clampToGround</altitudeMode>
          <coordinates>169.850278,32.751667,0</coordinates>
        </Point>
      </Placemark>
      <Placemark>
        <name>NE (+lat,+lon)  Lat#1 Lon#8</name>
        <description>NE (+lat,+lon)
Lat token: 32°45′06″
Lon token: 134°59′04″
lat=32.751667, lon=134.984444</description>
        <Point>
          <altitudeMode>clampToGround</altitudeMode>
          <coordinates>134.984444,32.751667,0</coordinates>
        </Point>
      </Placemark>
      <Placemark>
        <name>NE (+lat,+lon)  Lat#1 Lon#9</name>
        <description>NE (+lat,+lon)
Lat token: 32°45′06″
Lon token: 113°29′38″
lat=32.751667, lon=113.493889</description>
        <Point>
          <altitudeMode>clampToGround</altitudeMode>
          <coordinates>113.493889,32.751667,0</coordinates>
        </Point>
      </Placemark>
      <Placemark>
        <name>NE (+lat,+lon)  Lat#1 Lon#10</name>
        <description>NE (+lat,+lon)
Lat token: 32°45′06″
Lon token: 79°53′01″
lat=32.751667, lon=79.883611</description>
        <Point>
          <altitudeMode>clampToGround</altitudeMode>
          <coordinates>79.883611,32.751667,0</coordinates>
        </Point>
      </Placemark>
      <Placemark>
        <name>NE (+lat,+lon)  Lat#1 Lon#11</name>
        <description>NE (+lat,+lon)
Lat token: 32°45′06″
Lon token: 56°10′07″
lat=32.751667, lon=56.168611</description>
        <Point>
          <altitudeMode>clampToGround</altitudeMode>
          <coordinates>56.168611,32.751667,0</coordinates>
        </Point>
      </Placemark>
      <Placemark>
        <name>NE (+lat,+lon)  Lat#1 Lon#12</name>
        <description>NE (+lat,+lon)
Lat token: 32°45′06″
Lon token: 25°37′56″
lat=32.751667, lon=25.632222</description>
        <Point>
          <altitudeMode>clampToGround</altitudeMode>
          <coordinates>25.632222,32.751667,0</coordinates>
        </Point>
      </Placemark>
      <Placemark>
        <name>NE (+lat,+lon)  Lat#2 Lon#1</name>
        <description>NE (+lat,+lon)
Lat token: 30°02′40″
Lon token: 3°03′19″
lat=30.044444, lon=3.055278</description>
        <Point>
          <altitudeMode>clampToGround</altitudeMode>
          <coordinates>3.055278,30.044444,0</coordinates>
        </Point>
      </Placemark>
      <Placemark>
        <name>NE (+lat,+lon)  Lat#2 Lon#2</name>
        <description>NE (+lat,+lon)
Lat token: 30°02′40″
Lon token: 36°49′27″
lat=30.044444, lon=36.824167</description>
        <Point>
          <altitudeMode>clampToGround</altitudeMode>
          <coordinates>36.824167,30.044444,0</coordinates>
        </Point>
      </Placemark>
      <Placemark>
        <name>NE (+lat,+lon)  Lat#2 Lon#3</name>
        <description>NE (+lat,+lon)
Lat token: 30°02′40″
Lon token: 60°35′28″
lat=30.044444, lon=60.591111</description>
        <Point>
          <altitudeMode>clampToGround</altitudeMode>
          <coordinates>60.591111,30.044444,0</coordinates>
        </Point>
      </Placemark>
      <Placemark>
        <name>NE (+lat,+lon)  Lat#2 Lon#4</name>
        <description>NE (+lat,+lon)
Lat token: 30°02′40″
Lon token: 100°29′16″
lat=30.044444, lon=100.487778</description>
        <Point>
          <altitudeMode>clampToGround</altitudeMode>
          <coordinates>100.487778,30.044444,0</coordinates>
        </Point>
      </Placemark>
      <Placemark>
        <name>NE (+lat,+lon)  Lat#2 Lon#5</name>
        <description>NE (+lat,+lon)
Lat token: 30°02′40″
Lon token: 140°42′54″
lat=30.044444, lon=140.715000</description>
        <Point>
          <altitudeMode>clampToGround</altitudeMode>
          <coordinates>140.715000,30.044444,0</coordinates>
        </Point>
      </Placemark>
      <Placemark>
        <name>NE (+lat,+lon)  Lat#2 Lon#6</name>
        <description>NE (+lat,+lon)
Lat token: 30°02′40″
Lon token: 155°23′32″
lat=30.044444, lon=155.392222</description>
        <Point>
          <altitudeMode>clampToGround</altitudeMode>
          <coordinates>155.392222,30.044444,0</coordinates>
        </Point>
      </Placemark>
      <Placemark>
        <name>NE (+lat,+lon)  Lat#2 Lon#7</name>
        <description>NE (+lat,+lon)
Lat token: 30°02′40″
Lon token: 169°51′01″
lat=30.044444, lon=169.850278</description>
        <Point>
          <altitudeMode>clampToGround</altitudeMode>
          <coordinates>169.850278,30.044444,0</coordinates>
        </Point>
      </Placemark>
      <Placemark>
        <name>NE (+lat,+lon)  Lat#2 Lon#8</name>
        <description>NE (+lat,+lon)
Lat token: 30°02′40″
Lon token: 134°59′04″
lat=30.044444, lon=134.984444</description>
        <Point>
          <altitudeMode>clampToGround</altitudeMode>
          <coordinates>134.984444,30.044444,0</coordinates>
        </Point>
      </Placemark>
      <Placemark>
        <name>NE (+lat,+lon)  Lat#2 Lon#9</name>
        <description>NE (+lat,+lon)
Lat token: 30°02′40″
Lon token: 113°29′38″
lat=30.044444, lon=113.493889</description>
        <Point>
          <altitudeMode>clampToGround</altitudeMode>
          <coordinates>113.493889,30.044444,0</coordinates>
        </Point>
      </Placemark>
      <Placemark>
        <name>NE (+lat,+lon)  Lat#2 Lon#10</name>
        <description>NE (+lat,+lon)
Lat token: 30°02′40″
Lon token: 79°53′01″
lat=30.044444, lon=79.883611</description>
        <Point>
          <altitudeMode>clampToGround</altitudeMode>
          <coordinates>79.883611,30.044444,0</coordinates>
        </Point>
      </Placemark>
      <Placemark>
        <name>NE (+lat,+lon)  Lat#2 Lon#11</name>
        <description>NE (+lat,+lon)
Lat token: 30°02′40″
Lon token: 56°10′07″
lat=30.044444, lon=56.168611</description>
        <Point>
          <altitudeMode>clampToGround</altitudeMode>
          <coordinates>56.168611,30.044444,0</coordinates>
        </Point>
      </Placemark>
      <Placemark>
        <name>NE (+lat,+lon)  Lat#2 Lon#12</name>
        <description>NE (+lat,+lon)
Lat token: 30°02′40″
Lon token: 25°37′56″
lat=30.044444, lon=25.632222</description>
        <Point>
          <altitudeMode>clampToGround</altitudeMode>
          <coordinates>25.632222,30.044444,0</coordinates>
        </Point>
      </Placemark>
      <Placemark>
        <name>NE (+lat,+lon)  Lat#3 Lon#1</name>
        <description>NE (+lat,+lon)
Lat token: 40°27′00″
Lon token: 3°03′19″
lat=40.450000, lon=3.055278</description>
        <Point>
          <altitudeMode>clampToGround</altitudeMode>
          <coordinates>3.055278,40.450000,0</coordinates>
        </Point>
      </Placemark>
      <Placemark>
        <name>NE (+lat,+lon)  Lat#3 Lon#2</name>
        <description>NE (+lat,+lon)
Lat token: 40°27′00″
Lon token: 36°49′27″
lat=40.450000, lon=36.824167</description>
        <Point>
          <altitudeMode>clampToGround</altitudeMode>
          <coordinates>36.824167,40.450000,0</coordinates>
        </Point>
      </Placemark>
      <Placemark>
        <name>NE (+lat,+lon)  Lat#3 Lon#3</name>
        <description>NE (+lat,+lon)
Lat token: 40°27′00″
Lon token: 60°35′28″
lat=40.450000, lon=60.591111</description>
        <Point>
          <altitudeMode>clampToGround</altitudeMode>
          <coordinates>60.591111,40.450000,0</coordinates>
        </Point>
      </Placemark>
      <Placemark>
        <name>NE (+lat,+lon)  Lat#3 Lon#4</name>
        <description>NE (+lat,+lon)
Lat token: 40°27′00″
Lon token: 100°29′16″
lat=40.450000, lon=100.487778</description>
        <Point>
          <altitudeMode>clampToGround</altitudeMode>
          <coordinates>100.487778,40.450000,0</coordinates>
        </Point>
      </Placemark>
      <Placemark>
        <name>NE (+lat,+lon)  Lat#3 Lon#5</name>
        <description>NE (+lat,+lon)
Lat token: 40°27′00″
Lon token: 140°42′54″
lat=40.450000, lon=140.715000</description>
        <Point>
          <altitudeMode>clampToGround</altitudeMode>
          <coordinates>140.715000,40.450000,0</coordinates>
        </Point>
      </Placemark>
      <Placemark>
        <name>NE (+lat,+lon)  Lat#3 Lon#6</name>
        <description>NE (+lat,+lon)
Lat token: 40°27′00″
Lon token: 155°23′32″
lat=40.450000, lon=155.392222</description>
        <Point>
          <altitudeMode>clampToGround</altitudeMode>
          <coordinates>155.392222,40.450000,0</coordinates>
        </Point>
      </Placemark>
      <Placemark>
        <name>NE (+lat,+lon)  Lat#3 Lon#7</name>
        <description>NE (+lat,+lon)
Lat token: 40°27′00″
Lon token: 169°51′01″
lat=40.450000, lon=169.850278</description>
        <Point>
          <altitudeMode>clampToGround</altitudeMode>
          <coordinates>169.850278,40.450000,0</coordinates>
        </Point>
      </Placemark>
      <Placemark>
        <name>NE (+lat,+lon)  Lat#3 Lon#8</name>
        <description>NE (+lat,+lon)
Lat token: 40°27′00″
Lon token: 134°59′04″
lat=40.450000, lon=134.984444</description>
        <Point>
          <altitudeMode>clampToGround</altitudeMode>
          <coordinates>134.984444,40.450000,0</coordinates>
        </Point>
      </Placemark>
      <Placemark>
        <name>NE (+lat,+lon)  Lat#3 Lon#9</name>
        <description>NE (+lat,+lon)
Lat token: 40°27′00″
Lon token: 113°29′38″
lat=40.450000, lon=113.493889</description>
        <Point>
          <altitudeMode>clampToGround</altitudeMode>
          <coordinates>113.493889,40.450000,0</coordinates>
        </Point>
      </Placemark>
      <Placemark>
        <name>NE (+lat,+lon)  Lat#3 Lon#10</name>
        <description>NE (+lat,+lon)
Lat token: 40°27′00″
Lon token: 79°53′01″
lat=40.450000, lon=79.883611</description>
        <Point>
          <altitudeMode>clampToGround</altitudeMode>
          <coordinates>79.883611,40.450000,0</coordinates>
        </Point>
      </Placemark>
      <Placemark>
        <name>NE (+lat,+lon)  Lat#3 Lon#11</name>
        <description>NE (+lat,+lon)
Lat token: 40°27′00″
Lon token: 56°10′07″
lat=40.450000, lon=56.168611</description>
        <Point>
          <altitudeMode>clampToGround</altitudeMode>
          <coordinates>56.168611,40.450000,0</coordinates>
        </Point>
      </Placemark>
      <Placemark>
        <name>NE (+lat,+lon)  Lat#3 Lon#12</name>
        <description>NE (+lat,+lon)
Lat token: 40°27′00″
Lon token: 25°37′56″
lat=40.450000, lon=25.632222</description>
        <Point>
          <altitudeMode>clampToGround</altitudeMode>
          <coordinates>25.632222,40.450000,0</coordinates>
        </Point>
      </Placemark>
      <Placemark>
        <name>NE (+lat,+lon)  Lat#4 Lon#1</name>
        <description>NE (+lat,+lon)
Lat token: 42°52′29″
Lon token: 3°03′19″
lat=42.874722, lon=3.055278</description>
        <Point>
          <altitudeMode>clampToGround</altitudeMode>
          <coordinates>3.055278,42.874722,0</coordinates>
        </Point>
      </Placemark>
      <Placemark>
        <name>NE (+lat,+lon)  Lat#4 Lon#2</name>
        <description>NE (+lat,+lon)
Lat token: 42°52′29″
Lon token: 36°49′27″
lat=42.874722, lon=36.824167</description>
        <Point>
          <altitudeMode>clampToGround</altitudeMode>
          <coordinates>36.824167,42.874722,0</coordinates>
        </Point>
      </Placemark>
      <Placemark>
        <name>NE (+lat,+lon)  Lat#4 Lon#3</name>
        <description>NE (+lat,+lon)
Lat token: 42°52′29″
Lon token: 60°35′28″
lat=42.874722, lon=60.591111</description>
        <Point>
          <altitudeMode>clampToGround</altitudeMode>
          <coordinates>60.591111,42.874722,0</coordinates>
        </Point>
      </Placemark>
      <Placemark>
        <name>NE (+lat,+lon)  Lat#4 Lon#4</name>
        <description>NE (+lat,+lon)
Lat token: 42°52′29″
Lon token: 100°29′16″
lat=42.874722, lon=100.487778</description>
        <Point>
          <altitudeMode>clampToGround</altitudeMode>
          <coordinates>100.487778,42.874722,0</coordinates>
        </Point>
      </Placemark>
      <Placemark>
        <name>NE (+lat,+lon)  Lat#4 Lon#5</name>
        <description>NE (+lat,+lon)
Lat token: 42°52′29″
Lon token: 140°42′54″
lat=42.874722, lon=140.715000</description>
        <Point>
          <altitudeMode>clampToGround</altitudeMode>
          <coordinates>140.715000,42.874722,0</coordinates>
        </Point>
      </Placemark>
      <Placemark>
        <name>NE (+lat,+lon)  Lat#4 Lon#6</name>
        <description>NE (+lat,+lon)
Lat token: 42°52′29″
Lon token: 155°23′32″
lat=42.874722, lon=155.392222</description>
        <Point>
          <altitudeMode>clampToGround</altitudeMode>
          <coordinates>155.392222,42.874722,0</coordinates>
        </Point>
      </Placemark>
      <Placemark>
        <name>NE (+lat,+lon)  Lat#4 Lon#7</name>
        <description>NE (+lat,+lon)
Lat token: 42°52′29″
Lon token: 169°51′01″
lat=42.874722, lon=169.850278</description>
        <Point>
          <altitudeMode>clampToGround</altitudeMode>
          <coordinates>169.850278,42.874722,0</coordinates>
        </Point>
      </Placemark>
      <Placemark>
        <name>NE (+lat,+lon)  Lat#4 Lon#8</name>
        <description>NE (+lat,+lon)
Lat token: 42°52′29″
Lon token: 134°59′04″
lat=42.874722, lon=134.984444</description>
        <Point>
          <altitudeMode>clampToGround</altitudeMode>
          <coordinates>134.984444,42.874722,0</coordinates>
        </Point>
      </Placemark>
      <Placemark>
        <name>NE (+lat,+lon)  Lat#4 Lon#9</name>
        <description>NE (+lat,+lon)
Lat token: 42°52′29″
Lon token: 113°29′38″
lat=42.874722, lon=113.493889</description>
        <Point>
          <altitudeMode>clampToGround</altitudeMode>
          <coordinates>113.493889,42.874722,0</coordinates>
        </Point>
      </Placemark>
      <Placemark>
        <name>NE (+lat,+lon)  Lat#4 Lon#10</name>
        <description>NE (+lat,+lon)
Lat token: 42°52′29″
Lon token: 79°53′01″
lat=42.874722, lon=79.883611</description>
        <Point>
          <altitudeMode>clampToGround</altitudeMode>
          <coordinates>79.883611,42.874722,0</coordinates>
        </Point>
      </Placemark>
      <Placemark>
        <name>NE (+lat,+lon)  Lat#4 Lon#11</name>
        <description>NE (+lat,+lon)
Lat token: 42°52′29″
Lon token: 56°10′07″
lat=42.874722, lon=56.168611</description>
        <Point>
          <altitudeMode>clampToGround</altitudeMode>
          <coordinates>56.168611,42.874722,0</coordinates>
        </Point>
      </Placemark>
      <Placemark>
        <name>NE (+lat,+lon)  Lat#4 Lon#12</name>
        <description>NE (+lat,+lon)
Lat token: 42°52′29″
Lon token: 25°37′56″
lat=42.874722, lon=25.632222</description>
        <Point>
          <altitudeMode>clampToGround</altitudeMode>
          <coordinates>25.632222,42.874722,0</coordinates>
        </Point>
      </Placemark>
      <Placemark>
        <name>NE (+lat,+lon)  Lat#5 Lon#1</name>
        <description>NE (+lat,+lon)
Lat token: 31°14′09″
Lon token: 3°03′19″
lat=31.235833, lon=3.055278</description>
        <Point>
          <altitudeMode>clampToGround</altitudeMode>
          <coordinates>3.055278,31.235833,0</coordinates>
        </Point>
      </Placemark>
      <Placemark>
        <name>NE (+lat,+lon)  Lat#5 Lon#2</name>
        <description>NE (+lat,+lon)
Lat token: 31°14′09″
Lon token: 36°49′27″
lat=31.235833, lon=36.824167</description>
        <Point>
          <altitudeMode>clampToGround</altitudeMode>
          <coordinates>36.824167,31.235833,0</coordinates>
        </Point>
      </Placemark>
      <Placemark>
        <name>NE (+lat,+lon)  Lat#5 Lon#3</name>
        <description>NE (+lat,+lon)
Lat token: 31°14′09″
Lon token: 60°35′28″
lat=31.235833, lon=60.591111</description>
        <Point>
          <altitudeMode>clampToGround</altitudeMode>
          <coordinates>60.591111,31.235833,0</coordinates>
        </Point>
      </Placemark>
      <Placemark>
        <name>NE (+lat,+lon)  Lat#5 Lon#4</name>
        <description>NE (+lat,+lon)
Lat token: 31°14′09″
Lon token: 100°29′16″
lat=31.235833, lon=100.487778</description>
        <Point>
          <altitudeMode>clampToGround</altitudeMode>
          <coordinates>100.487778,31.235833,0</coordinates>
        </Point>
      </Placemark>
      <Placemark>
        <name>NE (+lat,+lon)  Lat#5 Lon#5</name>
        <description>NE (+lat,+lon)
Lat token: 31°14′09″
Lon token: 140°42′54″
lat=31.235833, lon=140.715000</description>
        <Point>
          <altitudeMode>clampToGround</altitudeMode>
          <coordinates>140.715000,31.235833,0</coordinates>
        </Point>
      </Placemark>
      <Placemark>
        <name>NE (+lat,+lon)  Lat#5 Lon#6</name>
        <description>NE (+lat,+lon)
Lat token: 31°14′09″
Lon token: 155°23′32″
lat=31.235833, lon=155.392222</description>
        <Point>
          <altitudeMode>clampToGround</altitudeMode>
          <coordinates>155.392222,31.235833,0</coordinates>
        </Point>
      </Placemark>
      <Placemark>
        <name>NE (+lat,+lon)  Lat#5 Lon#7</name>
        <description>NE (+lat,+lon)
Lat token: 31°14′09″
Lon token: 169°51′01″
lat=31.235833, lon=169.850278</description>
        <Point>
          <altitudeMode>clampToGround</altitudeMode>
          <coordinates>169.850278,31.235833,0</coordinates>
        </Point>
      </Placemark>
      <Placemark>
        <name>NE (+lat,+lon)  Lat#5 Lon#8</name>
        <description>NE (+lat,+lon)
Lat token: 31°14′09″
Lon token: 134°59′04″
lat=31.235833, lon=134.984444</description>
        <Point>
          <altitudeMode>clampToGround</altitudeMode>
          <coordinates>134.984444,31.235833,0</coordinates>
        </Point>
      </Placemark>
      <Placemark>
        <name>NE (+lat,+lon)  Lat#5 Lon#9</name>
        <description>NE (+lat,+lon)
Lat token: 31°14′09″
Lon token: 113°29′38″
lat=31.235833, lon=113.493889</description>
        <Point>
          <altitudeMode>clampToGround</altitudeMode>
          <coordinates>113.493889,31.235833,0</coordinates>
        </Point>
      </Placemark>
      <Placemark>
        <name>NE (+lat,+lon)  Lat#5 Lon#10</name>
        <description>NE (+lat,+lon)
Lat token: 31°14′09″
Lon token: 79°53′01″
lat=31.235833, lon=79.883611</description>
        <Point>
          <altitudeMode>clampToGround</altitudeMode>
          <coordinates>79.883611,31.235833,0</coordinates>
        </Point>
      </Placemark>
      <Placemark>
        <name>NE (+lat,+lon)  Lat#5 Lon#11</name>
        <description>NE (+lat,+lon)
Lat token: 31°14′09″
Lon token: 56°10′07″
lat=31.235833, lon=56.168611</description>
        <Point>
          <altitudeMode>clampToGround</altitudeMode>
          <coordinates>56.168611,31.235833,0</coordinates>
        </Point>
      </Placemark>
      <Placemark>
        <name>NE (+lat,+lon)  Lat#5 Lon#12</name>
        <description>NE (+lat,+lon)
Lat token: 31°14′09″
Lon token: 25°37′56″
lat=31.235833, lon=25.632222</description>
        <Point>
          <altitudeMode>clampToGround</altitudeMode>
          <coordinates>25.632222,31.235833,0</coordinates>
        </Point>
      </Placemark>
      <Placemark>
        <name>NE (+lat,+lon)  Lat#6 Lon#1</name>
        <description>NE (+lat,+lon)
Lat token: 27°26′54″
Lon token: 3°03′19″
lat=27.448333, lon=3.055278</description>
        <Point>
          <altitudeMode>clampToGround</altitudeMode>
          <coordinates>3.055278,27.448333,0</coordinates>
        </Point>
      </Placemark>
      <Placemark>
        <name>NE (+lat,+lon)  Lat#6 Lon#2</name>
        <description>NE (+lat,+lon)
Lat token: 27°26′54″
Lon token: 36°49′27″
lat=27.448333, lon=36.824167</description>
        <Point>
          <altitudeMode>clampToGround</altitudeMode>
          <coordinates>36.824167,27.448333,0</coordinates>
        </Point>
      </Placemark>
      <Placemark>
        <name>NE (+lat,+lon)  Lat#6 Lon#3</name>
        <description>NE (+lat,+lon)
Lat token: 27°26′54″
Lon token: 60°35′28″
lat=27.448333, lon=60.591111</description>
        <Point>
          <altitudeMode>clampToGround</altitudeMode>
          <coordinates>60.591111,27.448333,0</coordinates>
        </Point>
      </Placemark>
      <Placemark>
        <name>NE (+lat,+lon)  Lat#6 Lon#4</name>
        <description>NE (+lat,+lon)
Lat token: 27°26′54″
Lon token: 100°29′16″
lat=27.448333, lon=100.487778</description>
        <Point>
          <altitudeMode>clampToGround</altitudeMode>
          <coordinates>100.487778,27.448333,0</coordinates>
        </Point>
      </Placemark>
      <Placemark>
        <name>NE (+lat,+lon)  Lat#6 Lon#5</name>
        <description>NE (+lat,+lon)
Lat token: 27°26′54″
Lon token: 140°42′54″
lat=27.448333, lon=140.715000</description>
        <Point>
          <altitudeMode>clampToGround</altitudeMode>
          <coordinates>140.715000,27.448333,0</coordinates>
        </Point>
      </Placemark>
      <Placemark>
        <name>NE (+lat,+lon)  Lat#6 Lon#6</name>
        <description>NE (+lat,+lon)
Lat token: 27°26′54″
Lon token: 155°23′32″
lat=27.448333, lon=155.392222</description>
        <Point>
          <altitudeMode>clampToGround</altitudeMode>
          <coordinates>155.392222,27.448333,0</coordinates>
        </Point>
      </Placemark>
      <Placemark>
        <name>NE (+lat,+lon)  Lat#6 Lon#7</name>
        <description>NE (+lat,+lon)
Lat token: 27°26′54″
Lon token: 169°51′01″
lat=27.448333, lon=169.850278</description>
        <Point>
          <altitudeMode>clampToGround</altitudeMode>
          <coordinates>169.850278,27.448333,0</coordinates>
        </Point>
      </Placemark>
      <Placemark>
        <name>NE (+lat,+lon)  Lat#6 Lon#8</name>
        <description>NE (+lat,+lon)
Lat token: 27°26′54″
Lon token: 134°59′04″
lat=27.448333, lon=134.984444</description>
        <Point>
          <altitudeMode>clampToGround</altitudeMode>
          <coordinates>134.984444,27.448333,0</coordinates>
        </Point>
      </Placemark>
      <Placemark>
        <name>NE (+lat,+lon)  Lat#6 Lon#9</name>
        <description>NE (+lat,+lon)
Lat token: 27°26′54″
Lon token: 113°29′38″
lat=27.448333, lon=113.493889</description>
        <Point>
          <altitudeMode>clampToGround</altitudeMode>
          <coordinates>113.493889,27.448333,0</coordinates>
        </Point>
      </Placemark>
      <Placemark>
        <name>NE (+lat,+lon)  Lat#6 Lon#10</name>
        <description>NE (+lat,+lon)
Lat token: 27°26′54″
Lon token: 79°53′01″
lat=27.448333, lon=79.883611</description>
        <Point>
          <altitudeMode>clampToGround</altitudeMode>
          <coordinates>79.883611,27.448333,0</coordinates>
        </Point>
      </Placemark>
      <Placemark>
        <name>NE (+lat,+lon)  Lat#6 Lon#11</name>
        <description>NE (+lat,+lon)
Lat token: 27°26′54″
Lon token: 56°10′07″
lat=27.448333, lon=56.168611</description>
        <Point>
          <altitudeMode>clampToGround</altitudeMode>
          <coordinates>56.168611,27.448333,0</coordinates>
        </Point>
      </Placemark>
      <Placemark>
        <name>NE (+lat,+lon)  Lat#6 Lon#12</name>
        <description>NE (+lat,+lon)
Lat token: 27°26′54″
Lon token: 25°37′56″
lat=27.448333, lon=25.632222</description>
        <Point>
          <altitudeMode>clampToGround</altitudeMode>
          <coordinates>25.632222,27.448333,0</coordinates>
        </Point>
      </Placemark>
      <Placemark>
        <name>NE (+lat,+lon)  Lat#7 Lon#1</name>
        <description>NE (+lat,+lon)
Lat token: 36°52′01″
Lon token: 3°03′19″
lat=36.866944, lon=3.055278</description>
        <Point>
          <altitudeMode>clampToGround</altitudeMode>
          <coordinates>3.055278,36.866944,0</coordinates>
        </Point>
      </Placemark>
      <Placemark>
        <name>NE (+lat,+lon)  Lat#7 Lon#2</name>
        <description>NE (+lat,+lon)
Lat token: 36°52′01″
Lon token: 36°49′27″
lat=36.866944, lon=36.824167</description>
        <Point>
          <altitudeMode>clampToGround</altitudeMode>
          <coordinates>36.824167,36.866944,0</coordinates>
        </Point>
      </Placemark>
      <Placemark>
        <name>NE (+lat,+lon)  Lat#7 Lon#3</name>
        <description>NE (+lat,+lon)
Lat token: 36°52′01″
Lon token: 60°35′28″
lat=36.866944, lon=60.591111</description>
        <Point>
          <altitudeMode>clampToGround</altitudeMode>
          <coordinates>60.591111,36.866944,0</coordinates>
        </Point>
      </Placemark>
      <Placemark>
        <name>NE (+lat,+lon)  Lat#7 Lon#4</name>
        <description>NE (+lat,+lon)
Lat token: 36°52′01″
Lon token: 100°29′16″
lat=36.866944, lon=100.487778</description>
        <Point>
          <altitudeMode>clampToGround</altitudeMode>
          <coordinates>100.487778,36.866944,0</coordinates>
        </Point>
      </Placemark>
      <Placemark>
        <name>NE (+lat,+lon)  Lat#7 Lon#5</name>
        <description>NE (+lat,+lon)
Lat token: 36°52′01″
Lon token: 140°42′54″
lat=36.866944, lon=140.715000</description>
        <Point>
          <altitudeMode>clampToGround</altitudeMode>
          <coordinates>140.715000,36.866944,0</coordinates>
        </Point>
      </Placemark>
      <Placemark>
        <name>NE (+lat,+lon)  Lat#7 Lon#6</name>
        <description>NE (+lat,+lon)
Lat token: 36°52′01″
Lon token: 155°23′32″
lat=36.866944, lon=155.392222</description>
        <Point>
          <altitudeMode>clampToGround</altitudeMode>
          <coordinates>155.392222,36.866944,0</coordinates>
        </Point>
      </Placemark>
      <Placemark>
        <name>NE (+lat,+lon)  Lat#7 Lon#7</name>
        <description>NE (+lat,+lon)
Lat token: 36°52′01″
Lon token: 169°51′01″
lat=36.866944, lon=169.850278</description>
        <Point>
          <altitudeMode>clampToGround</altitudeMode>
          <coordinates>169.850278,36.866944,0</coordinates>
        </Point>
      </Placemark>
      <Placemark>
        <name>NE (+lat,+lon)  Lat#7 Lon#8</name>
        <description>NE (+lat,+lon)
Lat token: 36°52′01″
Lon token: 134°59′04″
lat=36.866944, lon=134.984444</description>
        <Point>
          <altitudeMode>clampToGround</altitudeMode>
          <coordinates>134.984444,36.866944,0</coordinates>
        </Point>
      </Placemark>
      <Placemark>
        <name>NE (+lat,+lon)  Lat#7 Lon#9</name>
        <description>NE (+lat,+lon)
Lat token: 36°52′01″
Lon token: 113°29′38″
lat=36.866944, lon=113.493889</description>
        <Point>
          <altitudeMode>clampToGround</altitudeMode>
          <coordinates>113.493889,36.866944,0</coordinates>
        </Point>
      </Placemark>
      <Placemark>
        <name>NE (+lat,+lon)  Lat#7 Lon#10</name>
        <description>NE (+lat,+lon)
Lat token: 36°52′01″
Lon token: 79°53′01″
lat=36.866944, lon=79.883611</description>
        <Point>
          <altitudeMode>clampToGround</altitudeMode>
          <coordinates>79.883611,36.866944,0</coordinates>
        </Point>
      </Placemark>
      <Placemark>
        <name>NE (+lat,+lon)  Lat#7 Lon#11</name>
        <description>NE (+lat,+lon)
Lat token: 36°52′01″
Lon token: 56°10′07″
lat=36.866944, lon=56.168611</description>
        <Point>
          <altitudeMode>clampToGround</altitudeMode>
          <coordinates>56.168611,36.866944,0</coordinates>
        </Point>
      </Placemark>
      <Placemark>
        <name>NE (+lat,+lon)  Lat#7 Lon#12</name>
        <description>NE (+lat,+lon)
Lat token: 36°52′01″
Lon token: 25°37′56″
lat=36.866944, lon=25.632222</description>
        <Point>
          <altitudeMode>clampToGround</altitudeMode>
          <coordinates>25.632222,36.866944,0</coordinates>
        </Point>
      </Placemark>
      <Placemark>
        <name>NE (+lat,+lon)  Lat#8 Lon#1</name>
        <description>NE (+lat,+lon)
Lat token: 21°14′08″
Lon token: 3°03′19″
lat=21.235556, lon=3.055278</description>
        <Point>
          <altitudeMode>clampToGround</altitudeMode>
          <coordinates>3.055278,21.235556,0</coordinates>
        </Point>
      </Placemark>
      <Placemark>
        <name>NE (+lat,+lon)  Lat#8 Lon#2</name>
        <description>NE (+lat,+lon)
Lat token: 21°14′08″
Lon token: 36°49′27″
lat=21.235556, lon=36.824167</description>
        <Point>
          <altitudeMode>clampToGround</altitudeMode>
          <coordinates>36.824167,21.235556,0</coordinates>
        </Point>
      </Placemark>
      <Placemark>
        <name>NE (+lat,+lon)  Lat#8 Lon#3</name>
        <description>NE (+lat,+lon)
Lat token: 21°14′08″
Lon token: 60°35′28″
lat=21.235556, lon=60.591111</description>
        <Point>
          <altitudeMode>clampToGround</altitudeMode>
          <coordinates>60.591111,21.235556,0</coordinates>
        </Point>
      </Placemark>
      <Placemark>
        <name>NE (+lat,+lon)  Lat#8 Lon#4</name>
        <description>NE (+lat,+lon)
Lat token: 21°14′08″
Lon token: 100°29′16″
lat=21.235556, lon=100.487778</description>
        <Point>
          <altitudeMode>clampToGround</altitudeMode>
          <coordinates>100.487778,21.235556,0</coordinates>
        </Point>
      </Placemark>
      <Placemark>
        <name>NE (+lat,+lon)  Lat#8 Lon#5</name>
        <description>NE (+lat,+lon)
Lat token: 21°14′08″
Lon token: 140°42′54″
lat=21.235556, lon=140.715000</description>
        <Point>
          <altitudeMode>clampToGround</altitudeMode>
          <coordinates>140.715000,21.235556,0</coordinates>
        </Point>
      </Placemark>
      <Placemark>
        <name>NE (+lat,+lon)  Lat#8 Lon#6</name>
        <description>NE (+lat,+lon)
Lat token: 21°14′08″
Lon token: 155°23′32″
lat=21.235556, lon=155.392222</description>
        <Point>
          <altitudeMode>clampToGround</altitudeMode>
          <coordinates>155.392222,21.235556,0</coordinates>
        </Point>
      </Placemark>
      <Placemark>
        <name>NE (+lat,+lon)  Lat#8 Lon#7</name>
        <description>NE (+lat,+lon)
Lat token: 21°14′08″
Lon token: 169°51′01″
lat=21.235556, lon=169.850278</description>
        <Point>
          <altitudeMode>clampToGround</altitudeMode>
          <coordinates>169.850278,21.235556,0</coordinates>
        </Point>
      </Placemark>
      <Placemark>
        <name>NE (+lat,+lon)  Lat#8 Lon#8</name>
        <description>NE (+lat,+lon)
Lat token: 21°14′08″
Lon token: 134°59′04″
lat=21.235556, lon=134.984444</description>
        <Point>
          <altitudeMode>clampToGround</altitudeMode>
          <coordinates>134.984444,21.235556,0</coordinates>
        </Point>
      </Placemark>
      <Placemark>
        <name>NE (+lat,+lon)  Lat#8 Lon#9</name>
        <description>NE (+lat,+lon)
Lat token: 21°14′08″
Lon token: 113°29′38″
lat=21.235556, lon=113.493889</description>
        <Point>
          <altitudeMode>clampToGround</altitudeMode>
          <coordinates>113.493889,21.235556,0</coordinates>
        </Point>
      </Placemark>
      <Placemark>
        <name>NE (+lat,+lon)  Lat#8 Lon#10</name>
        <description>NE (+lat,+lon)
Lat token: 21°14′08″
Lon token: 79°53′01″
lat=21.235556, lon=79.883611</description>
        <Point>
          <altitudeMode>clampToGround</altitudeMode>
          <coordinates>79.883611,21.235556,0</coordinates>
        </Point>
      </Placemark>
      <Placemark>
        <name>NE (+lat,+lon)  Lat#8 Lon#11</name>
        <description>NE (+lat,+lon)
Lat token: 21°14′08″
Lon token: 56°10′07″
lat=21.235556, lon=56.168611</description>
        <Point>
          <altitudeMode>clampToGround</altitudeMode>
          <coordinates>56.168611,21.235556,0</coordinates>
        </Point>
      </Placemark>
      <Placemark>
        <name>NE (+lat,+lon)  Lat#8 Lon#12</name>
        <description>NE (+lat,+lon)
Lat token: 21°14′08″
Lon token: 25°37′56″
lat=21.235556, lon=25.632222</description>
        <Point>
          <altitudeMode>clampToGround</altitudeMode>
          <coordinates>25.632222,21.235556,0</coordinates>
        </Point>
      </Placemark>
      <Placemark>
        <name>NE (+lat,+lon)  Lat#9 Lon#1</name>
        <description>NE (+lat,+lon)
Lat token: 32°30′47″
Lon token: 3°03′19″
lat=32.513056, lon=3.055278</description>
        <Point>
          <altitudeMode>clampToGround</altitudeMode>
          <coordinates>3.055278,32.513056,0</coordinates>
        </Point>
      </Placemark>
      <Placemark>
        <name>NE (+lat,+lon)  Lat#9 Lon#2</name>
        <description>NE (+lat,+lon)
Lat token: 32°30′47″
Lon token: 36°49′27″
lat=32.513056, lon=36.824167</description>
        <Point>
          <altitudeMode>clampToGround</altitudeMode>
          <coordinates>36.824167,32.513056,0</coordinates>
        </Point>
      </Placemark>
      <Placemark>
        <name>NE (+lat,+lon)  Lat#9 Lon#3</name>
        <description>NE (+lat,+lon)
Lat token: 32°30′47″
Lon token: 60°35′28″
lat=32.513056, lon=60.591111</description>
        <Point>
          <altitudeMode>clampToGround</altitudeMode>
          <coordinates>60.591111,32.513056,0</coordinates>
        </Point>
      </Placemark>
      <Placemark>
        <name>NE (+lat,+lon)  Lat#9 Lon#4</name>
        <description>NE (+lat,+lon)
Lat token: 32°30′47″
Lon token: 100°29′16″
lat=32.513056, lon=100.487778</description>
        <Point>
          <altitudeMode>clampToGround</altitudeMode>
          <coordinates>100.487778,32.513056,0</coordinates>
        </Point>
      </Placemark>
      <Placemark>
        <name>NE (+lat,+lon)  Lat#9 Lon#5</name>
        <description>NE (+lat,+lon)
Lat token: 32°30′47″
Lon token: 140°42′54″
lat=32.513056, lon=140.715000</description>
        <Point>
          <altitudeMode>clampToGround</altitudeMode>
          <coordinates>140.715000,32.513056,0</coordinates>
        </Point>
      </Placemark>
      <Placemark>
        <name>NE (+lat,+lon)  Lat#9 Lon#6</name>
        <description>NE (+lat,+lon)
Lat token: 32°30′47″
Lon token: 155°23′32″
lat=32.513056, lon=155.392222</description>
        <Point>
          <altitudeMode>clampToGround</altitudeMode>
          <coordinates>155.392222,32.513056,0</coordinates>
        </Point>
      </Placemark>
      <Placemark>
        <name>NE (+lat,+lon)  Lat#9 Lon#7</name>
        <description>NE (+lat,+lon)
Lat token: 32°30′47″
Lon token: 169°51′01″
lat=32.513056, lon=169.850278</description>
        <Point>
          <altitudeMode>clampToGround</altitudeMode>
          <coordinates>169.850278,32.513056,0</coordinates>
        </Point>
      </Placemark>
      <Placemark>
        <name>NE (+lat,+lon)  Lat#9 Lon#8</name>
        <description>NE (+lat,+lon)
Lat token: 32°30′47″
Lon token: 134°59′04″
lat=32.513056, lon=134.984444</description>
        <Point>
          <altitudeMode>clampToGround</altitudeMode>
          <coordinates>134.984444,32.513056,0</coordinates>
        </Point>
      </Placemark>
      <Placemark>
        <name>NE (+lat,+lon)  Lat#9 Lon#9</name>
        <description>NE (+lat,+lon)
Lat token: 32°30′47″
Lon token: 113°29′38″
lat=32.513056, lon=113.493889</description>
        <Point>
          <altitudeMode>clampToGround</altitudeMode>
          <coordinates>113.493889,32.513056,0</coordinates>
        </Point>
      </Placemark>
      <Placemark>
        <name>NE (+lat,+lon)  Lat#9 Lon#10</name>
        <description>NE (+lat,+lon)
Lat token: 32°30′47″
Lon token: 79°53′01″
lat=32.513056, lon=79.883611</description>
        <Point>
          <altitudeMode>clampToGround</altitudeMode>
          <coordinates>79.883611,32.513056,0</coordinates>
        </Point>
      </Placemark>
      <Placemark>
        <name>NE (+lat,+lon)  Lat#9 Lon#11</name>
        <description>NE (+lat,+lon)
Lat token: 32°30′47″
Lon token: 56°10′07″
lat=32.513056, lon=56.168611</description>
        <Point>
          <altitudeMode>clampToGround</altitudeMode>
          <coordinates>56.168611,32.513056,0</coordinates>
        </Point>
      </Placemark>
      <Placemark>
        <name>NE (+lat,+lon)  Lat#9 Lon#12</name>
        <description>NE (+lat,+lon)
Lat token: 32°30′47″
Lon token: 25°37′56″
lat=32.513056, lon=25.632222</description>
        <Point>
          <altitudeMode>clampToGround</altitudeMode>
          <coordinates>25.632222,32.513056,0</coordinates>
        </Point>
      </Placemark>
      <Placemark>
        <name>NE (+lat,+lon)  Lat#10 Lon#1</name>
        <description>NE (+lat,+lon)
Lat token: 0°42′29″
Lon token: 3°03′19″
lat=0.708056, lon=3.055278</description>
        <Point>
          <altitudeMode>clampToGround</altitudeMode>
          <coordinates>3.055278,0.708056,0</coordinates>
        </Point>
      </Placemark>
      <Placemark>
        <name>NE (+lat,+lon)  Lat#10 Lon#2</name>
        <description>NE (+lat,+lon)
Lat token: 0°42′29″
Lon token: 36°49′27″
lat=0.708056, lon=36.824167</description>
        <Point>
          <altitudeMode>clampToGround</altitudeMode>
          <coordinates>36.824167,0.708056,0</coordinates>
        </Point>
      </Placemark>
      <Placemark>
        <name>NE (+lat,+lon)  Lat#10 Lon#3</name>
        <description>NE (+lat,+lon)
Lat token: 0°42′29″
Lon token: 60°35′28″
lat=0.708056, lon=60.591111</description>
        <Point>
          <altitudeMode>clampToGround</altitudeMode>
          <coordinates>60.591111,0.708056,0</coordinates>
        </Point>
      </Placemark>
      <Placemark>
        <name>NE (+lat,+lon)  Lat#10 Lon#4</name>
        <description>NE (+lat,+lon)
Lat token: 0°42′29″
Lon token: 100°29′16″
lat=0.708056, lon=100.487778</description>
        <Point>
          <altitudeMode>clampToGround</altitudeMode>
          <coordinates>100.487778,0.708056,0</coordinates>
        </Point>
      </Placemark>
      <Placemark>
        <name>NE (+lat,+lon)  Lat#10 Lon#5</name>
        <description>NE (+lat,+lon)
Lat token: 0°42′29″
Lon token: 140°42′54″
lat=0.708056, lon=140.715000</description>
        <Point>
          <altitudeMode>clampToGround</altitudeMode>
          <coordinates>140.715000,0.708056,0</coordinates>
        </Point>
      </Placemark>
      <Placemark>
        <name>NE (+lat,+lon)  Lat#10 Lon#6</name>
        <description>NE (+lat,+lon)
Lat token: 0°42′29″
Lon token: 155°23′32″
lat=0.708056, lon=155.392222</description>
        <Point>
          <altitudeMode>clampToGround</altitudeMode>
          <coordinates>155.392222,0.708056,0</coordinates>
        </Point>
      </Placemark>
      <Placemark>
        <name>NE (+lat,+lon)  Lat#10 Lon#7</name>
        <description>NE (+lat,+lon)
Lat token: 0°42′29″
Lon token: 169°51′01″
lat=0.708056, lon=169.850278</description>
        <Point>
          <altitudeMode>clampToGround</altitudeMode>
          <coordinates>169.850278,0.708056,0</coordinates>
        </Point>
      </Placemark>
      <Placemark>
        <name>NE (+lat,+lon)  Lat#10 Lon#8</name>
        <description>NE (+lat,+lon)
Lat token: 0°42′29″
Lon token: 134°59′04″
lat=0.708056, lon=134.984444</description>
        <Point>
          <altitudeMode>clampToGround</altitudeMode>
          <coordinates>134.984444,0.708056,0</coordinates>
        </Point>
      </Placemark>
      <Placemark>
        <name>NE (+lat,+lon)  Lat#10 Lon#9</name>
        <description>NE (+lat,+lon)
Lat token: 0°42′29″
Lon token: 113°29′38″
lat=0.708056, lon=113.493889</description>
        <Point>
          <altitudeMode>clampToGround</altitudeMode>
          <coordinates>113.493889,0.708056,0</coordinates>
        </Point>
      </Placemark>
      <Placemark>
        <name>NE (+lat,+lon)  Lat#10 Lon#10</name>
        <description>NE (+lat,+lon)
Lat token: 0°42′29″
Lon token: 79°53′01″
lat=0.708056, lon=79.883611</description>
        <Point>
          <altitudeMode>clampToGround</altitudeMode>
          <coordinates>79.883611,0.708056,0</coordinates>
        </Point>
      </Placemark>
      <Placemark>
        <name>NE (+lat,+lon)  Lat#10 Lon#11</name>
        <description>NE (+lat,+lon)
Lat token: 0°42′29″
Lon token: 56°10′07″
lat=0.708056, lon=56.168611</description>
        <Point>
          <altitudeMode>clampToGround</altitudeMode>
          <coordinates>56.168611,0.708056,0</coordinates>
        </Point>
      </Placemark>
      <Placemark>
        <name>NE (+lat,+lon)  Lat#10 Lon#12</name>
        <description>NE (+lat,+lon)
Lat token: 0°42′29″
Lon token: 25°37′56″
lat=0.708056, lon=25.632222</description>
        <Point>
          <altitudeMode>clampToGround</altitudeMode>
          <coordinates>25.632222,0.708056,0</coordinates>
        </Point>
      </Placemark>
      <Placemark>
        <name>NE (+lat,+lon)  Lat#11 Lon#1</name>
        <description>NE (+lat,+lon)
Lat token: 14°39′57″
Lon token: 3°03′19″
lat=14.665833, lon=3.055278</description>
        <Point>
          <altitudeMode>clampToGround</altitudeMode>
          <coordinates>3.055278,14.665833,0</coordinates>
        </Point>
      </Placemark>
      <Placemark>
        <name>NE (+lat,+lon)  Lat#11 Lon#2</name>
        <description>NE (+lat,+lon)
Lat token: 14°39′57″
Lon token: 36°49′27″
lat=14.665833, lon=36.824167</description>
        <Point>
          <altitudeMode>clampToGround</altitudeMode>
          <coordinates>36.824167,14.665833,0</coordinates>
        </Point>
      </Placemark>
      <Placemark>
        <name>NE (+lat,+lon)  Lat#11 Lon#3</name>
        <description>NE (+lat,+lon)
Lat token: 14°39′57″
Lon token: 60°35′28″
lat=14.665833, lon=60.591111</description>
        <Point>
          <altitudeMode>clampToGround</altitudeMode>
          <coordinates>60.591111,14.665833,0</coordinates>
        </Point>
      </Placemark>
      <Placemark>
        <name>NE (+lat,+lon)  Lat#11 Lon#4</name>
        <description>NE (+lat,+lon)
Lat token: 14°39′57″
Lon token: 100°29′16″
lat=14.665833, lon=100.487778</description>
        <Point>
          <altitudeMode>clampToGround</altitudeMode>
          <coordinates>100.487778,14.665833,0</coordinates>
        </Point>
      </Placemark>
      <Placemark>
        <name>NE (+lat,+lon)  Lat#11 Lon#5</name>
        <description>NE (+lat,+lon)
Lat token: 14°39′57″
Lon token: 140°42′54″
lat=14.665833, lon=140.715000</description>
        <Point>
          <altitudeMode>clampToGround</altitudeMode>
          <coordinates>140.715000,14.665833,0</coordinates>
        </Point>
      </Placemark>
      <Placemark>
        <name>NE (+lat,+lon)  Lat#11 Lon#6</name>
        <description>NE (+lat,+lon)
Lat token: 14°39′57″
Lon token: 155°23′32″
lat=14.665833, lon=155.392222</description>
        <Point>
          <altitudeMode>clampToGround</altitudeMode>
          <coordinates>155.392222,14.665833,0</coordinates>
        </Point>
      </Placemark>
      <Placemark>
        <name>NE (+lat,+lon)  Lat#11 Lon#7</name>
        <description>NE (+lat,+lon)
Lat token: 14°39′57″
Lon token: 169°51′01″
lat=14.665833, lon=169.850278</description>
        <Point>
          <altitudeMode>clampToGround</altitudeMode>
          <coordinates>169.850278,14.665833,0</coordinates>
        </Point>
      </Placemark>
      <Placemark>
        <name>NE (+lat,+lon)  Lat#11 Lon#8</name>
        <description>NE (+lat,+lon)
Lat token: 14°39′57″
Lon token: 134°59′04″
lat=14.665833, lon=134.984444</description>
        <Point>
          <altitudeMode>clampToGround</altitudeMode>
          <coordinates>134.984444,14.665833,0</coordinates>
        </Point>
      </Placemark>
      <Placemark>
        <name>NE (+lat,+lon)  Lat#11 Lon#9</name>
        <description>NE (+lat,+lon)
Lat token: 14°39′57″
Lon token: 113°29′38″
lat=14.665833, lon=113.493889</description>
        <Point>
          <altitudeMode>clampToGround</altitudeMode>
          <coordinates>113.493889,14.665833,0</coordinates>
        </Point>
      </Placemark>
      <Placemark>
        <name>NE (+lat,+lon)  Lat#11 Lon#10</name>
        <description>NE (+lat,+lon)
Lat token: 14°39′57″
Lon token: 79°53′01″
lat=14.665833, lon=79.883611</description>
        <Point>
          <altitudeMode>clampToGround</altitudeMode>
          <coordinates>79.883611,14.665833,0</coordinates>
        </Point>
      </Placemark>
      <Placemark>
        <name>NE (+lat,+lon)  Lat#11 Lon#11</name>
        <description>NE (+lat,+lon)
Lat token: 14°39′57″
Lon token: 56°10′07″
lat=14.665833, lon=56.168611</description>
        <Point>
          <altitudeMode>clampToGround</altitudeMode>
          <coordinates>56.168611,14.665833,0</coordinates>
        </Point>
      </Placemark>
      <Placemark>
        <name>NE (+lat,+lon)  Lat#11 Lon#12</name>
        <description>NE (+lat,+lon)
Lat token: 14°39′57″
Lon token: 25°37′56″
lat=14.665833, lon=25.632222</description>
        <Point>
          <altitudeMode>clampToGround</altitudeMode>
          <coordinates>25.632222,14.665833,0</coordinates>
        </Point>
      </Placemark>
      <Placemark>
        <name>NE (+lat,+lon)  Lat#12 Lon#1</name>
        <description>NE (+lat,+lon)
Lat token: 3°50′56″
Lon token: 3°03′19″
lat=3.848889, lon=3.055278</description>
        <Point>
          <altitudeMode>clampToGround</altitudeMode>
          <coordinates>3.055278,3.848889,0</coordinates>
        </Point>
      </Placemark>
      <Placemark>
        <name>NE (+lat,+lon)  Lat#12 Lon#2</name>
        <description>NE (+lat,+lon)
Lat token: 3°50′56″
Lon token: 36°49′27″
lat=3.848889, lon=36.824167</description>
        <Point>
          <altitudeMode>clampToGround</altitudeMode>
          <coordinates>36.824167,3.848889,0</coordinates>
        </Point>
      </Placemark>
      <Placemark>
        <name>NE (+lat,+lon)  Lat#12 Lon#3</name>
        <description>NE (+lat,+lon)
Lat token: 3°50′56″
Lon token: 60°35′28″
lat=3.848889, lon=60.591111</description>
        <Point>
          <altitudeMode>clampToGround</altitudeMode>
          <coordinates>60.591111,3.848889,0</coordinates>
        </Point>
      </Placemark>
      <Placemark>
        <name>NE (+lat,+lon)  Lat#12 Lon#4</name>
        <description>NE (+lat,+lon)
Lat token: 3°50′56″
Lon token: 100°29′16″
lat=3.848889, lon=100.487778</description>
        <Point>
          <altitudeMode>clampToGround</altitudeMode>
          <coordinates>100.487778,3.848889,0</coordinates>
        </Point>
      </Placemark>
      <Placemark>
        <name>NE (+lat,+lon)  Lat#12 Lon#5</name>
        <description>NE (+lat,+lon)
Lat token: 3°50′56″
Lon token: 140°42′54″
lat=3.848889, lon=140.715000</description>
        <Point>
          <altitudeMode>clampToGround</altitudeMode>
          <coordinates>140.715000,3.848889,0</coordinates>
        </Point>
      </Placemark>
      <Placemark>
        <name>NE (+lat,+lon)  Lat#12 Lon#6</name>
        <description>NE (+lat,+lon)
Lat token: 3°50′56″
Lon token: 155°23′32″
lat=3.848889, lon=155.392222</description>
        <Point>
          <altitudeMode>clampToGround</altitudeMode>
          <coordinates>155.392222,3.848889,0</coordinates>
        </Point>
      </Placemark>
      <Placemark>
        <name>NE (+lat,+lon)  Lat#12 Lon#7</name>
        <description>NE (+lat,+lon)
Lat token: 3°50′56″
Lon token: 169°51′01″
lat=3.848889, lon=169.850278</description>
        <Point>
          <altitudeMode>clampToGround</altitudeMode>
          <coordinates>169.850278,3.848889,0</coordinates>
        </Point>
      </Placemark>
      <Placemark>
        <name>NE (+lat,+lon)  Lat#12 Lon#8</name>
        <description>NE (+lat,+lon)
Lat token: 3°50′56″
Lon token: 134°59′04″
lat=3.848889, lon=134.984444</description>
        <Point>
          <altitudeMode>clampToGround</altitudeMode>
          <coordinates>134.984444,3.848889,0</coordinates>
        </Point>
      </Placemark>
      <Placemark>
        <name>NE (+lat,+lon)  Lat#12 Lon#9</name>
        <description>NE (+lat,+lon)
Lat token: 3°50′56″
Lon token: 113°29′38″
lat=3.848889, lon=113.493889</description>
        <Point>
          <altitudeMode>clampToGround</altitudeMode>
          <coordinates>113.493889,3.848889,0</coordinates>
        </Point>
      </Placemark>
      <Placemark>
        <name>NE (+lat,+lon)  Lat#12 Lon#10</name>
        <description>NE (+lat,+lon)
Lat token: 3°50′56″
Lon token: 79°53′01″
lat=3.848889, lon=79.883611</description>
        <Point>
          <altitudeMode>clampToGround</altitudeMode>
          <coordinates>79.883611,3.848889,0</coordinates>
        </Point>
      </Placemark>
      <Placemark>
        <name>NE (+lat,+lon)  Lat#12 Lon#11</name>
        <description>NE (+lat,+lon)
Lat token: 3°50′56″
Lon token: 56°10′07″
lat=3.848889, lon=56.168611</description>
        <Point>
          <altitudeMode>clampToGround</altitudeMode>
          <coordinates>56.168611,3.848889,0</coordinates>
        </Point>
      </Placemark>
      <Placemark>
        <name>NE (+lat,+lon)  Lat#12 Lon#12</name>
        <description>NE (+lat,+lon)
Lat token: 3°50′56″
Lon token: 25°37′56″
lat=3.848889, lon=25.632222</description>
        <Point>
          <altitudeMode>clampToGround</altitudeMode>
          <coordinates>25.632222,3.848889,0</coordinates>
        </Point>
      </Placemark>
    </Folder>
    <Folder>
      <name>NW (+lat,-lon)</name>
      <Placemark>
        <name>NW (+lat,-lon)  Lat#1 Lon#1</name>
        <description>NW (+lat,-lon)
Lat token: 32°45′06″
Lon token: 3°03′19″
lat=32.751667, lon=-3.055278</description>
        <Point>
          <altitudeMode>clampToGround</altitudeMode>
          <coordinates>-3.055278,32.751667,0</coordinates>
        </Point>
      </Placemark>
      <Placemark>
        <name>NW (+lat,-lon)  Lat#1 Lon#2</name>
        <description>NW (+lat,-lon)
Lat token: 32°45′06″
Lon token: 36°49′27″
lat=32.751667, lon=-36.824167</description>
        <Point>
          <altitudeMode>clampToGround</altitudeMode>
          <coordinates>-36.824167,32.751667,0</coordinates>
        </Point>
      </Placemark>
      <Placemark>
        <name>NW (+lat,-lon)  Lat#1 Lon#3</name>
        <description>NW (+lat,-lon)
Lat token: 32°45′06″
Lon token: 60°35′28″
lat=32.751667, lon=-60.591111</description>
        <Point>
          <altitudeMode>clampToGround</altitudeMode>
          <coordinates>-60.591111,32.751667,0</coordinates>
        </Point>
      </Placemark>
      <Placemark>
        <name>NW (+lat,-lon)  Lat#1 Lon#4</name>
        <description>NW (+lat,-lon)
Lat token: 32°45′06″
Lon token: 100°29′16″
lat=32.751667, lon=-100.487778</description>
        <Point>
          <altitudeMode>clampToGround</altitudeMode>
          <coordinates>-100.487778,32.751667,0</coordinates>
        </Point>
      </Placemark>
      <Placemark>
        <name>NW (+lat,-lon)  Lat#1 Lon#5</name>
        <description>NW (+lat,-lon)
Lat token: 32°45′06″
Lon token: 140°42′54″
lat=32.751667, lon=-140.715000</description>
        <Point>
          <altitudeMode>clampToGround</altitudeMode>
          <coordinates>-140.715000,32.751667,0</coordinates>
        </Point>
      </Placemark>
      <Placemark>
        <name>NW (+lat,-lon)  Lat#1 Lon#6</name>
        <description>NW (+lat,-lon)
Lat token: 32°45′06″
Lon token: 155°23′32″
lat=32.751667, lon=-155.392222</description>
        <Point>
          <altitudeMode>clampToGround</altitudeMode>
          <coordinates>-155.392222,32.751667,0</coordinates>
        </Point>
      </Placemark>
      <Placemark>
        <name>NW (+lat,-lon)  Lat#1 Lon#7</name>
        <description>NW (+lat,-lon)
Lat token: 32°45′06″
Lon token: 169°51′01″
lat=32.751667, lon=-169.850278</description>
        <Point>
          <altitudeMode>clampToGround</altitudeMode>
          <coordinates>-169.850278,32.751667,0</coordinates>
        </Point>
      </Placemark>
      <Placemark>
        <name>NW (+lat,-lon)  Lat#1 Lon#8</name>
        <description>NW (+lat,-lon)
Lat token: 32°45′06″
Lon token: 134°59′04″
lat=32.751667, lon=-134.984444</description>
        <Point>
          <altitudeMode>clampToGround</altitudeMode>
          <coordinates>-134.984444,32.751667,0</coordinates>
        </Point>
      </Placemark>
      <Placemark>
        <name>NW (+lat,-lon)  Lat#1 Lon#9</name>
        <description>NW (+lat,-lon)
Lat token: 32°45′06″
Lon token: 113°29′38″
lat=32.751667, lon=-113.493889</description>
        <Point>
          <altitudeMode>clampToGround</altitudeMode>
          <coordinates>-113.493889,32.751667,0</coordinates>
        </Point>
      </Placemark>
      <Placemark>
        <name>NW (+lat,-lon)  Lat#1 Lon#10</name>
        <description>NW (+lat,-lon)
Lat token: 32°45′06″
Lon token: 79°53′01″
lat=32.751667, lon=-79.883611</description>
        <Point>
          <altitudeMode>clampToGround</altitudeMode>
          <coordinates>-79.883611,32.751667,0</coordinates>
        </Point>
      </Placemark>
      <Placemark>
        <name>NW (+lat,-lon)  Lat#1 Lon#11</name>
        <description>NW (+lat,-lon)
Lat token: 32°45′06″
Lon token: 56°10′07″
lat=32.751667, lon=-56.168611</description>
        <Point>
          <altitudeMode>clampToGround</altitudeMode>
          <coordinates>-56.168611,32.751667,0</coordinates>
        </Point>
      </Placemark>
      <Placemark>
        <name>NW (+lat,-lon)  Lat#1 Lon#12</name>
        <description>NW (+lat,-lon)
Lat token: 32°45′06″
Lon token: 25°37′56″
lat=32.751667, lon=-25.632222</description>
        <Point>
          <altitudeMode>clampToGround</altitudeMode>
          <coordinates>-25.632222,32.751667,0</coordinates>
        </Point>
      </Placemark>
      <Placemark>
        <name>NW (+lat,-lon)  Lat#2 Lon#1</name>
        <description>NW (+lat,-lon)
Lat token: 30°02′40″
Lon token: 3°03′19″
lat=30.044444, lon=-3.055278</description>
        <Point>
          <altitudeMode>clampToGround</altitudeMode>
          <coordinates>-3.055278,30.044444,0</coordinates>
        </Point>
      </Placemark>
      <Placemark>
        <name>NW (+lat,-lon)  Lat#2 Lon#2</name>
        <description>NW (+lat,-lon)
Lat token: 30°02′40″
Lon token: 36°49′27″
lat=30.044444, lon=-36.824167</description>
        <Point>
          <altitudeMode>clampToGround</altitudeMode>
          <coordinates>-36.824167,30.044444,0</coordinates>
        </Point>
      </Placemark>
      <Placemark>
        <name>NW (+lat,-lon)  Lat#2 Lon#3</name>
        <description>NW (+lat,-lon)
Lat token: 30°02′40″
Lon token: 60°35′28″
lat=30.044444, lon=-60.591111</description>
        <Point>
          <altitudeMode>clampToGround</altitudeMode>
          <coordinates>-60.591111,30.044444,0</coordinates>
        </Point>
      </Placemark>
      <Placemark>
        <name>NW (+lat,-lon)  Lat#2 Lon#4</name>
        <description>NW (+lat,-lon)
Lat token: 30°02′40″
Lon token: 100°29′16″
lat=30.044444, lon=-100.487778</description>
        <Point>
          <altitudeMode>clampToGround</altitudeMode>
          <coordinates>-100.487778,30.044444,0</coordinates>
        </Point>
      </Placemark>
      <Placemark>
        <name>NW (+lat,-lon)  Lat#2 Lon#5</name>
        <description>NW (+lat,-lon)
Lat token: 30°02′40″
Lon token: 140°42′54″
lat=30.044444, lon=-140.715000</description>
        <Point>
          <altitudeMode>clampToGround</altitudeMode>
          <coordinates>-140.715000,30.044444,0</coordinates>
        </Point>
      </Placemark>
      <Placemark>
        <name>NW (+lat,-lon)  Lat#2 Lon#6</name>
        <description>NW (+lat,-lon)
Lat token: 30°02′40″
Lon token: 155°23′32″
lat=30.044444, lon=-155.392222</description>
        <Point>
          <altitudeMode>clampToGround</altitudeMode>
          <coordinates>-155.392222,30.044444,0</coordinates>
        </Point>
      </Placemark>
      <Placemark>
        <name>NW (+lat,-lon)  Lat#2 Lon#7</name>
        <description>NW (+lat,-lon)
Lat token: 30°02′40″
Lon token: 169°51′01″
lat=30.044444, lon=-169.850278</description>
        <Point>
          <altitudeMode>clampToGround</altitudeMode>
          <coordinates>-169.850278,30.044444,0</coordinates>
        </Point>
      </Placemark>
      <Placemark>
        <name>NW (+lat,-lon)  Lat#2 Lon#8</name>
        <description>NW (+lat,-lon)
Lat token: 30°02′40″
Lon token: 134°59′04″
lat=30.044444, lon=-134.984444</description>
        <Point>
          <altitudeMode>clampToGround</altitudeMode>
          <coordinates>-134.984444,30.044444,0</coordinates>
        </Point>
      </Placemark>
      <Placemark>
        <name>NW (+lat,-lon)  Lat#2 Lon#9</name>
        <description>NW (+lat,-lon)
Lat token: 30°02′40″
Lon token: 113°29′38″
lat=30.044444, lon=-113.493889</description>
        <Point>
          <altitudeMode>clampToGround</altitudeMode>
          <coordinates>-113.493889,30.044444,0</coordinates>
        </Point>
      </Placemark>
      <Placemark>
        <name>NW (+lat,-lon)  Lat#2 Lon#10</name>
        <description>NW (+lat,-lon)
Lat token: 30°02′40″
Lon token: 79°53′01″
lat=30.044444, lon=-79.883611</description>
        <Point>
          <altitudeMode>clampToGround</altitudeMode>
          <coordinates>-79.883611,30.044444,0</coordinates>
        </Point>
      </Placemark>
      <Placemark>
        <name>NW (+lat,-lon)  Lat#2 Lon#11</name>
        <description>NW (+lat,-lon)
Lat token: 30°02′40″
Lon token: 56°10′07″
lat=30.044444, lon=-56.168611</description>
        <Point>
          <altitudeMode>clampToGround</altitudeMode>
          <coordinates>-56.168611,30.044444,0</coordinates>
        </Point>
      </Placemark>
      <Placemark>
        <name>NW (+lat,-lon)  Lat#2 Lon#12</name>
        <description>NW (+lat,-lon)
Lat token: 30°02′40″
Lon token: 25°37′56″
lat=30.044444, lon=-25.632222</description>
        <Point>
          <altitudeMode>clampToGround</altitudeMode>
          <coordinates>-25.632222,30.044444,0</coordinates>
        </Point>
      </Placemark>
      <Placemark>
        <name>NW (+lat,-lon)  Lat#3 Lon#1</name>
        <description>NW (+lat,-lon)
Lat token: 40°27′00″
Lon token: 3°03′19″
lat=40.450000, lon=-3.055278</description>
        <Point>
          <altitudeMode>clampToGround</altitudeMode>
          <coordinates>-3.055278,40.450000,0</coordinates>
        </Point>
      </Placemark>
      <Placemark>
        <name>NW (+lat,-lon)  Lat#3 Lon#2</name>
        <description>NW (+lat,-lon)
Lat token: 40°27′00″
Lon token: 36°49′27″
lat=40.450000, lon=-36.824167</description>
        <Point>
          <altitudeMode>clampToGround</altitudeMode>
          <coordinates>-36.824167,40.450000,0</coordinates>
        </Point>
      </Placemark>
      <Placemark>
        <name>NW (+lat,-lon)  Lat#3 Lon#3</name>
        <description>NW (+lat,-lon)
Lat token: 40°27′00″
Lon token: 60°35′28″
lat=40.450000, lon=-60.591111</description>
        <Point>
          <altitudeMode>clampToGround</altitudeMode>
          <coordinates>-60.591111,40.450000,0</coordinates>
        </Point>
      </Placemark>
      <Placemark>
        <name>NW (+lat,-lon)  Lat#3 Lon#4</name>
        <description>NW (+lat,-lon)
Lat token: 40°27′00″
Lon token: 100°29′16″
lat=40.450000, lon=-100.487778</description>
        <Point>
          <altitudeMode>clampToGround</altitudeMode>
          <coordinates>-100.487778,40.450000,0</coordinates>
        </Point>
      </Placemark>
      <Placemark>
        <name>NW (+lat,-lon)  Lat#3 Lon#5</name>
        <description>NW (+lat,-lon)
Lat token: 40°27′00″
Lon token: 140°42′54″
lat=40.450000, lon=-140.715000</description>
        <Point>
          <altitudeMode>clampToGround</altitudeMode>
          <coordinates>-140.715000,40.450000,0</coordinates>
        </Point>
      </Placemark>
      <Placemark>
        <name>NW (+lat,-lon)  Lat#3 Lon#6</name>
        <description>NW (+lat,-lon)
Lat token: 40°27′00″
Lon token: 155°23′32″
lat=40.450000, lon=-155.392222</description>
        <Point>
          <altitudeMode>clampToGround</altitudeMode>
          <coordinates>-155.392222,40.450000,0</coordinates>
        </Point>
      </Placemark>
      <Placemark>
        <name>NW (+lat,-lon)  Lat#3 Lon#7</name>
        <description>NW (+lat,-lon)
Lat token: 40°27′00″
Lon token: 169°51′01″
lat=40.450000, lon=-169.850278</description>
        <Point>
          <altitudeMode>clampToGround</altitudeMode>
          <coordinates>-169.850278,40.450000,0</coordinates>
        </Point>
      </Placemark>
      <Placemark>
        <name>NW (+lat,-lon)  Lat#3 Lon#8</name>
        <description>NW (+lat,-lon)
Lat token: 40°27′00″
Lon token: 134°59′04″
lat=40.450000, lon=-134.984444</description>
        <Point>
          <altitudeMode>clampToGround</altitudeMode>
          <coordinates>-134.984444,40.450000,0</coordinates>
        </Point>
      </Placemark>
      <Placemark>
        <name>NW (+lat,-lon)  Lat#3 Lon#9</name>
        <description>NW (+lat,-lon)
Lat token: 40°27′00″
Lon token: 113°29′38″
lat=40.450000, lon=-113.493889</description>
        <Point>
          <altitudeMode>clampToGround</altitudeMode>
          <coordinates>-113.493889,40.450000,0</coordinates>
        </Point>
      </Placemark>
      <Placemark>
        <name>NW (+lat,-lon)  Lat#3 Lon#10</name>
        <description>NW (+lat,-lon)
Lat token: 40°27′00″
Lon token: 79°53′01″
lat=40.450000, lon=-79.883611</description>
        <Point>
          <altitudeMode>clampToGround</altitudeMode>
          <coordinates>-79.883611,40.450000,0</coordinates>
        </Point>
      </Placemark>
      <Placemark>
        <name>NW (+lat,-lon)  Lat#3 Lon#11</name>
        <description>NW (+lat,-lon)
Lat token: 40°27′00″
Lon token: 56°10′07″
lat=40.450000, lon=-56.168611</description>
        <Point>
          <altitudeMode>clampToGround</altitudeMode>
          <coordinates>-56.168611,40.450000,0</coordinates>
        </Point>
      </Placemark>
      <Placemark>
        <name>NW (+lat,-lon)  Lat#3 Lon#12</name>
        <description>NW (+lat,-lon)
Lat token: 40°27′00″
Lon token: 25°37′56″
lat=40.450000, lon=-25.632222</description>
        <Point>
          <altitudeMode>clampToGround</altitudeMode>
          <coordinates>-25.632222,40.450000,0</coordinates>
        </Point>
      </Placemark>
      <Placemark>
        <name>NW (+lat,-lon)  Lat#4 Lon#1</name>
        <description>NW (+lat,-lon)
Lat token: 42°52′29″
Lon token: 3°03′19″
lat=42.874722, lon=-3.055278</description>
        <Point>
          <altitudeMode>clampToGround</altitudeMode>
          <coordinates>-3.055278,42.874722,0</coordinates>
        </Point>
      </Placemark>
      <Placemark>
        <name>NW (+lat,-lon)  Lat#4 Lon#2</name>
        <description>NW (+lat,-lon)
Lat token: 42°52′29″
Lon token: 36°49′27″
lat=42.874722, lon=-36.824167</description>
        <Point>
          <altitudeMode>clampToGround</altitudeMode>
          <coordinates>-36.824167,42.874722,0</coordinates>
        </Point>
      </Placemark>
      <Placemark>
        <name>NW (+lat,-lon)  Lat#4 Lon#3</name>
        <description>NW (+lat,-lon)
Lat token: 42°52′29″
Lon token: 60°35′28″
lat=42.874722, lon=-60.591111</description>
        <Point>
          <altitudeMode>clampToGround</altitudeMode>
          <coordinates>-60.591111,42.874722,0</coordinates>
        </Point>
      </Placemark>
      <Placemark>
        <name>NW (+lat,-lon)  Lat#4 Lon#4</name>
        <description>NW (+lat,-lon)
Lat token: 42°52′29″
Lon token: 100°29′16″
lat=42.874722, lon=-100.487778</description>
        <Point>
          <altitudeMode>clampToGround</altitudeMode>
          <coordinates>-100.487778,42.874722,0</coordinates>
        </Point>
      </Placemark>
      <Placemark>
        <name>NW (+lat,-lon)  Lat#4 Lon#5</name>
        <description>NW (+lat,-lon)
Lat token: 42°52′29″
Lon token: 140°42′54″
lat=42.874722, lon=-140.715000</description>
        <Point>
          <altitudeMode>clampToGround</altitudeMode>
          <coordinates>-140.715000,42.874722,0</coordinates>
        </Point>
      </Placemark>
      <Placemark>
        <name>NW (+lat,-lon)  Lat#4 Lon#6</name>
        <description>NW (+lat,-lon)
Lat token: 42°52′29″
Lon token: 155°23′32″
lat=42.874722, lon=-155.392222</description>
        <Point>
          <altitudeMode>clampToGround</altitudeMode>
          <coordinates>-155.392222,42.874722,0</coordinates>
        </Point>
      </Placemark>
      <Placemark>
        <name>NW (+lat,-lon)  Lat#4 Lon#7</name>
        <description>NW (+lat,-lon)
Lat token: 42°52′29″
Lon token: 169°51′01″
lat=42.874722, lon=-169.850278</description>
        <Point>
          <altitudeMode>clampToGround</altitudeMode>
          <coordinates>-169.850278,42.874722,0</coordinates>
        </Point>
      </Placemark>
      <Placemark>
        <name>NW (+lat,-lon)  Lat#4 Lon#8</name>
        <description>NW (+lat,-lon)
Lat token: 42°52′29″
Lon token: 134°59′04″
lat=42.874722, lon=-134.984444</description>
        <Point>
          <altitudeMode>clampToGround</altitudeMode>
          <coordinates>-134.984444,42.874722,0</coordinates>
        </Point>
      </Placemark>
      <Placemark>
        <name>NW (+lat,-lon)  Lat#4 Lon#9</name>
        <description>NW (+lat,-lon)
Lat token: 42°52′29″
Lon token: 113°29′38″
lat=42.874722, lon=-113.493889</description>
        <Point>
          <altitudeMode>clampToGround</altitudeMode>
          <coordinates>-113.493889,42.874722,0</coordinates>
        </Point>
      </Placemark>
      <Placemark>
        <name>NW (+lat,-lon)  Lat#4 Lon#10</name>
        <description>NW (+lat,-lon)
Lat token: 42°52′29″
Lon token: 79°53′01″
lat=42.874722, lon=-79.883611</description>
        <Point>
          <altitudeMode>clampToGround</altitudeMode>
          <coordinates>-79.883611,42.874722,0</coordinates>
        </Point>
      </Placemark>
      <Placemark>
        <name>NW (+lat,-lon)  Lat#4 Lon#11</name>
        <description>NW (+lat,-lon)
Lat token: 42°52′29″
Lon token: 56°10′07″
lat=42.874722, lon=-56.168611</description>
        <Point>
          <altitudeMode>clampToGround</altitudeMode>
          <coordinates>-56.168611,42.874722,0</coordinates>
        </Point>
      </Placemark>
      <Placemark>
        <name>NW (+lat,-lon)  Lat#4 Lon#12</name>
        <description>NW (+lat,-lon)
Lat token: 42°52′29″
Lon token: 25°37′56″
lat=42.874722, lon=-25.632222</description>
        <Point>
          <altitudeMode>clampToGround</altitudeMode>
          <coordinates>-25.632222,42.874722,0</coordinates>
        </Point>
      </Placemark>
      <Placemark>
        <name>NW (+lat,-lon)  Lat#5 Lon#1</name>
        <description>NW (+lat,-lon)
Lat token: 31°14′09″
Lon token: 3°03′19″
lat=31.235833, lon=-3.055278</description>
        <Point>
          <altitudeMode>clampToGround</altitudeMode>
          <coordinates>-3.055278,31.235833,0</coordinates>
        </Point>
      </Placemark>
      <Placemark>
        <name>NW (+lat,-lon)  Lat#5 Lon#2</name>
        <description>NW (+lat,-lon)
Lat token: 31°14′09″
Lon token: 36°49′27″
lat=31.235833, lon=-36.824167</description>
        <Point>
          <altitudeMode>clampToGround</altitudeMode>
          <coordinates>-36.824167,31.235833,0</coordinates>
        </Point>
      </Placemark>
      <Placemark>
        <name>NW (+lat,-lon)  Lat#5 Lon#3</name>
        <description>NW (+lat,-lon)
Lat token: 31°14′09″
Lon token: 60°35′28″
lat=31.235833, lon=-60.591111</description>
        <Point>
          <altitudeMode>clampToGround</altitudeMode>
          <coordinates>-60.591111,31.235833,0</coordinates>
        </Point>
      </Placemark>
      <Placemark>
        <name>NW (+lat,-lon)  Lat#5 Lon#4</name>
        <description>NW (+lat,-lon)
Lat token: 31°14′09″
Lon token: 100°29′16″
lat=31.235833, lon=-100.487778</description>
        <Point>
          <altitudeMode>clampToGround</altitudeMode>
          <coordinates>-100.487778,31.235833,0</coordinates>
        </Point>
      </Placemark>
      <Placemark>
        <name>NW (+lat,-lon)  Lat#5 Lon#5</name>
        <description>NW (+lat,-lon)
Lat token: 31°14′09″
Lon token: 140°42′54″
lat=31.235833, lon=-140.715000</description>
        <Point>
          <altitudeMode>clampToGround</altitudeMode>
          <coordinates>-140.715000,31.235833,0</coordinates>
        </Point>
      </Placemark>
      <Placemark>
        <name>NW (+lat,-lon)  Lat#5 Lon#6</name>
        <description>NW (+lat,-lon)
Lat token: 31°14′09″
Lon token: 155°23′32″
lat=31.235833, lon=-155.392222</description>
        <Point>
          <altitudeMode>clampToGround</altitudeMode>
          <coordinates>-155.392222,31.235833,0</coordinates>
        </Point>
      </Placemark>
      <Placemark>
        <name>NW (+lat,-lon)  Lat#5 Lon#7</name>
        <description>NW (+lat,-lon)
Lat token: 31°14′09″
Lon token: 169°51′01″
lat=31.235833, lon=-169.850278</description>
        <Point>
          <altitudeMode>clampToGround</altitudeMode>
          <coordinates>-169.850278,31.235833,0</coordinates>
        </Point>
      </Placemark>
      <Placemark>
        <name>NW (+lat,-lon)  Lat#5 Lon#8</name>
        <description>NW (+lat,-lon)
Lat token: 31°14′09″
Lon token: 134°59′04″
lat=31.235833, lon=-134.984444</description>
        <Point>
          <altitudeMode>clampToGround</altitudeMode>
          <coordinates>-134.984444,31.235833,0</coordinates>
        </Point>
      </Placemark>
      <Placemark>
        <name>NW (+lat,-lon)  Lat#5 Lon#9</name>
        <description>NW (+lat,-lon)
Lat token: 31°14′09″
Lon token: 113°29′38″
lat=31.235833, lon=-113.493889</description>
        <Point>
          <altitudeMode>clampToGround</altitudeMode>
          <coordinates>-113.493889,31.235833,0</coordinates>
        </Point>
      </Placemark>
      <Placemark>
        <name>NW (+lat,-lon)  Lat#5 Lon#10</name>
        <description>NW (+lat,-lon)
Lat token: 31°14′09″
Lon token: 79°53′01″
lat=31.235833, lon=-79.883611</description>
        <Point>
          <altitudeMode>clampToGround</altitudeMode>
          <coordinates>-79.883611,31.235833,0</coordinates>
        </Point>
      </Placemark>
      <Placemark>
        <name>NW (+lat,-lon)  Lat#5 Lon#11</name>
        <description>NW (+lat,-lon)
Lat token: 31°14′09″
Lon token: 56°10′07″
lat=31.235833, lon=-56.168611</description>
        <Point>
          <altitudeMode>clampToGround</altitudeMode>
          <coordinates>-56.168611,31.235833,0</coordinates>
        </Point>
      </Placemark>
      <Placemark>
        <name>NW (+lat,-lon)  Lat#5 Lon#12</name>
        <description>NW (+lat,-lon)
Lat token: 31°14′09″
Lon token: 25°37′56″
lat=31.235833, lon=-25.632222</description>
        <Point>
          <altitudeMode>clampToGround</altitudeMode>
          <coordinates>-25.632222,31.235833,0</coordinates>
        </Point>
      </Placemark>
      <Placemark>
        <name>NW (+lat,-lon)  Lat#6 Lon#1</name>
        <description>NW (+lat,-lon)
Lat token: 27°26′54″
Lon token: 3°03′19″
lat=27.448333, lon=-3.055278</description>
        <Point>
          <altitudeMode>clampToGround</altitudeMode>
          <coordinates>-3.055278,27.448333,0</coordinates>
        </Point>
      </Placemark>
      <Placemark>
        <name>NW (+lat,-lon)  Lat#6 Lon#2</name>
        <description>NW (+lat,-lon)
Lat token: 27°26′54″
Lon token: 36°49′27″
lat=27.448333, lon=-36.824167</description>
        <Point>
          <altitudeMode>clampToGround</altitudeMode>
          <coordinates>-36.824167,27.448333,0</coordinates>
        </Point>
      </Placemark>
      <Placemark>
        <name>NW (+lat,-lon)  Lat#6 Lon#3</name>
        <description>NW (+lat,-lon)
Lat token: 27°26′54″
Lon token: 60°35′28″
lat=27.448333, lon=-60.591111</description>
        <Point>
          <altitudeMode>clampToGround</altitudeMode>
          <coordinates>-60.591111,27.448333,0</coordinates>
        </Point>
      </Placemark>
      <Placemark>
        <name>NW (+lat,-lon)  Lat#6 Lon#4</name>
        <description>NW (+lat,-lon)
Lat token: 27°26′54″
Lon token: 100°29′16″
lat=27.448333, lon=-100.487778</description>
        <Point>
          <altitudeMode>clampToGround</altitudeMode>
          <coordinates>-100.487778,27.448333,0</coordinates>
        </Point>
      </Placemark>
      <Placemark>
        <name>NW (+lat,-lon)  Lat#6 Lon#5</name>
        <description>NW (+lat,-lon)
Lat token: 27°26′54″
Lon token: 140°42′54″
lat=27.448333, lon=-140.715000</description>
        <Point>
          <altitudeMode>clampToGround</altitudeMode>
          <coordinates>-140.715000,27.448333,0</coordinates>
        </Point>
      </Placemark>
      <Placemark>
        <name>NW (+lat,-lon)  Lat#6 Lon#6</name>
        <description>NW (+lat,-lon)
Lat token: 27°26′54″
Lon token: 155°23′32″
lat=27.448333, lon=-155.392222</description>
        <Point>
          <altitudeMode>clampToGround</altitudeMode>
          <coordinates>-155.392222,27.448333,0</coordinates>
        </Point>
      </Placemark>
      <Placemark>
        <name>NW (+lat,-lon)  Lat#6 Lon#7</name>
        <description>NW (+lat,-lon)
Lat token: 27°26′54″
Lon token: 169°51′01″
lat=27.448333, lon=-169.850278</description>
        <Point>
          <altitudeMode>clampToGround</altitudeMode>
          <coordinates>-169.850278,27.448333,0</coordinates>
        </Point>
      </Placemark>
      <Placemark>
        <name>NW (+lat,-lon)  Lat#6 Lon#8</name>
        <description>NW (+lat,-lon)
Lat token: 27°26′54″
Lon token: 134°59′04″
lat=27.448333, lon=-134.984444</description>
        <Point>
          <altitudeMode>clampToGround</altitudeMode>
          <coordinates>-134.984444,27.448333,0</coordinates>
        </Point>
      </Placemark>
      <Placemark>
        <name>NW (+lat,-lon)  Lat#6 Lon#9</name>
        <description>NW (+lat,-lon)
Lat token: 27°26′54″
Lon token: 113°29′38″
lat=27.448333, lon=-113.493889</description>
        <Point>
          <altitudeMode>clampToGround</altitudeMode>
          <coordinates>-113.493889,27.448333,0</coordinates>
        </Point>
      </Placemark>
      <Placemark>
        <name>NW (+lat,-lon)  Lat#6 Lon#10</name>
        <description>NW (+lat,-lon)
Lat token: 27°26′54″
Lon token: 79°53′01″
lat=27.448333, lon=-79.883611</description>
        <Point>
          <altitudeMode>clampToGround</altitudeMode>
          <coordinates>-79.883611,27.448333,0</coordinates>
        </Point>
      </Placemark>
      <Placemark>
        <name>NW (+lat,-lon)  Lat#6 Lon#11</name>
        <description>NW (+lat,-lon)
Lat token: 27°26′54″
Lon token: 56°10′07″
lat=27.448333, lon=-56.168611</description>
        <Point>
          <altitudeMode>clampToGround</altitudeMode>
          <coordinates>-56.168611,27.448333,0</coordinates>
        </Point>
      </Placemark>
      <Placemark>
        <name>NW (+lat,-lon)  Lat#6 Lon#12</name>
        <description>NW (+lat,-lon)
Lat token: 27°26′54″
Lon token: 25°37′56″
lat=27.448333, lon=-25.632222</description>
        <Point>
          <altitudeMode>clampToGround</altitudeMode>
          <coordinates>-25.632222,27.448333,0</coordinates>
        </Point>
      </Placemark>
      <Placemark>
        <name>NW (+lat,-lon)  Lat#7 Lon#1</name>
        <description>NW (+lat,-lon)
Lat token: 36°52′01″
Lon token: 3°03′19″
lat=36.866944, lon=-3.055278</description>
        <Point>
          <altitudeMode>clampToGround</altitudeMode>
          <coordinates>-3.055278,36.866944,0</coordinates>
        </Point>
      </Placemark>
      <Placemark>
        <name>NW (+lat,-lon)  Lat#7 Lon#2</name>
        <description>NW (+lat,-lon)
Lat token: 36°52′01″
Lon token: 36°49′27″
lat=36.866944, lon=-36.824167</description>
        <Point>
          <altitudeMode>clampToGround</altitudeMode>
          <coordinates>-36.824167,36.866944,0</coordinates>
        </Point>
      </Placemark>
      <Placemark>
        <name>NW (+lat,-lon)  Lat#7 Lon#3</name>
        <description>NW (+lat,-lon)
Lat token: 36°52′01″
Lon token: 60°35′28″
lat=36.866944, lon=-60.591111</description>
        <Point>
          <altitudeMode>clampToGround</altitudeMode>
          <coordinates>-60.591111,36.866944,0</coordinates>
        </Point>
      </Placemark>
      <Placemark>
        <name>NW (+lat,-lon)  Lat#7 Lon#4</name>
        <description>NW (+lat,-lon)
Lat token: 36°52′01″
Lon token: 100°29′16″
lat=36.866944, lon=-100.487778</description>
        <Point>
          <altitudeMode>clampToGround</altitudeMode>
          <coordinates>-100.487778,36.866944,0</coordinates>
        </Point>
      </Placemark>
      <Placemark>
        <name>NW (+lat,-lon)  Lat#7 Lon#5</name>
        <description>NW (+lat,-lon)
Lat token: 36°52′01″
Lon token: 140°42′54″
lat=36.866944, lon=-140.715000</description>
        <Point>
          <altitudeMode>clampToGround</altitudeMode>
          <coordinates>-140.715000,36.866944,0</coordinates>
        </Point>
      </Placemark>
      <Placemark>
        <name>NW (+lat,-lon)  Lat#7 Lon#6</name>
        <description>NW (+lat,-lon)
Lat token: 36°52′01″
Lon token: 155°23′32″
lat=36.866944, lon=-155.392222</description>
        <Point>
          <altitudeMode>clampToGround</altitudeMode>
          <coordinates>-155.392222,36.866944,0</coordinates>
        </Point>
      </Placemark>
      <Placemark>
        <name>NW (+lat,-lon)  Lat#7 Lon#7</name>
        <description>NW (+lat,-lon)
Lat token: 36°52′01″
Lon token: 169°51′01″
lat=36.866944, lon=-169.850278</description>
        <Point>
          <altitudeMode>clampToGround</altitudeMode>
          <coordinates>-169.850278,36.866944,0</coordinates>
        </Point>
      </Placemark>
      <Placemark>
        <name>NW (+lat,-lon)  Lat#7 Lon#8</name>
        <description>NW (+lat,-lon)
Lat token: 36°52′01″
Lon token: 134°59′04″
lat=36.866944, lon=-134.984444</description>
        <Point>
          <altitudeMode>clampToGround</altitudeMode>
          <coordinates>-134.984444,36.866944,0</coordinates>
        </Point>
      </Placemark>
      <Placemark>
        <name>NW (+lat,-lon)  Lat#7 Lon#9</name>
        <description>NW (+lat,-lon)
Lat token: 36°52′01″
Lon token: 113°29′38″
lat=36.866944, lon=-113.493889</description>
        <Point>
          <altitudeMode>clampToGround</altitudeMode>
          <coordinates>-113.493889,36.866944,0</coordinates>
        </Point>
      </Placemark>
      <Placemark>
        <name>NW (+lat,-lon)  Lat#7 Lon#10</name>
        <description>NW (+lat,-lon)
Lat token: 36°52′01″
Lon token: 79°53′01″
lat=36.866944, lon=-79.883611</description>
        <Point>
          <altitudeMode>clampToGround</altitudeMode>
          <coordinates>-79.883611,36.866944,0</coordinates>
        </Point>
      </Placemark>
      <Placemark>
        <name>NW (+lat,-lon)  Lat#7 Lon#11</name>
        <description>NW (+lat,-lon)
Lat token: 36°52′01″
Lon token: 56°10′07″
lat=36.866944, lon=-56.168611</description>
        <Point>
          <altitudeMode>clampToGround</altitudeMode>
          <coordinates>-56.168611,36.866944,0</coordinates>
        </Point>
      </Placemark>
      <Placemark>
        <name>NW (+lat,-lon)  Lat#7 Lon#12</name>
        <description>NW (+lat,-lon)
Lat token: 36°52′01″
Lon token: 25°37′56″
lat=36.866944, lon=-25.632222</description>
        <Point>
          <altitudeMode>clampToGround</altitudeMode>
          <coordinates>-25.632222,36.866944,0</coordinates>
        </Point>
      </Placemark>
      <Placemark>
        <name>NW (+lat,-lon)  Lat#8 Lon#1</name>
        <description>NW (+lat,-lon)
Lat token: 21°14′08″
Lon token: 3°03′19″
lat=21.235556, lon=-3.055278</description>
        <Point>
          <altitudeMode>clampToGround</altitudeMode>
          <coordinates>-3.055278,21.235556,0</coordinates>
        </Point>
      </Placemark>
      <Placemark>
        <name>NW (+lat,-lon)  Lat#8 Lon#2</name>
        <description>NW (+lat,-lon)
Lat token: 21°14′08″
Lon token: 36°49′27″
lat=21.235556, lon=-36.824167</description>
        <Point>
          <altitudeMode>clampToGround</altitudeMode>
          <coordinates>-36.824167,21.235556,0</coordinates>
        </Point>
      </Placemark>
      <Placemark>
        <name>NW (+lat,-lon)  Lat#8 Lon#3</name>
        <description>NW (+lat,-lon)
Lat token: 21°14′08″
Lon token: 60°35′28″
lat=21.235556, lon=-60.591111</description>
        <Point>
          <altitudeMode>clampToGround</altitudeMode>
          <coordinates>-60.591111,21.235556,0</coordinates>
        </Point>
      </Placemark>
      <Placemark>
        <name>NW (+lat,-lon)  Lat#8 Lon#4</name>
        <description>NW (+lat,-lon)
Lat token: 21°14′08″
Lon token: 100°29′16″
lat=21.235556, lon=-100.487778</description>
        <Point>
          <altitudeMode>clampToGround</altitudeMode>
          <coordinates>-100.487778,21.235556,0</coordinates>
        </Point>
      </Placemark>
      <Placemark>
        <name>NW (+lat,-lon)  Lat#8 Lon#5</name>
        <description>NW (+lat,-lon)
Lat token: 21°14′08″
Lon token: 140°42′54″
lat=21.235556, lon=-140.715000</description>
        <Point>
          <altitudeMode>clampToGround</altitudeMode>
          <coordinates>-140.715000,21.235556,0</coordinates>
        </Point>
      </Placemark>
      <Placemark>
        <name>NW (+lat,-lon)  Lat#8 Lon#6</name>
        <description>NW (+lat,-lon)
Lat token: 21°14′08″
Lon token: 155°23′32″
lat=21.235556, lon=-155.392222</description>
        <Point>
          <altitudeMode>clampToGround</altitudeMode>
          <coordinates>-155.392222,21.235556,0</coordinates>
        </Point>
      </Placemark>
      <Placemark>
        <name>NW (+lat,-lon)  Lat#8 Lon#7</name>
        <description>NW (+lat,-lon)
Lat token: 21°14′08″
Lon token: 169°51′01″
lat=21.235556, lon=-169.850278</description>
        <Point>
          <altitudeMode>clampToGround</altitudeMode>
          <coordinates>-169.850278,21.235556,0</coordinates>
        </Point>
      </Placemark>
      <Placemark>
        <name>NW (+lat,-lon)  Lat#8 Lon#8</name>
        <description>NW (+lat,-lon)
Lat token: 21°14′08″
Lon token: 134°59′04″
lat=21.235556, lon=-134.984444</description>
        <Point>
          <altitudeMode>clampToGround</altitudeMode>
          <coordinates>-134.984444,21.235556,0</coordinates>
        </Point>
      </Placemark>
      <Placemark>
        <name>NW (+lat,-lon)  Lat#8 Lon#9</name>
        <description>NW (+lat,-lon)
Lat token: 21°14′08″
Lon token: 113°29′38″
lat=21.235556, lon=-113.493889</description>
        <Point>
          <altitudeMode>clampToGround</altitudeMode>
          <coordinates>-113.493889,21.235556,0</coordinates>
        </Point>
      </Placemark>
      <Placemark>
        <name>NW (+lat,-lon)  Lat#8 Lon#10</name>
        <description>NW (+lat,-lon)
Lat token: 21°14′08″
Lon token: 79°53′01″
lat=21.235556, lon=-79.883611</description>
        <Point>
          <altitudeMode>clampToGround</altitudeMode>
          <coordinates>-79.883611,21.235556,0</coordinates>
        </Point>
      </Placemark>
      <Placemark>
        <name>NW (+lat,-lon)  Lat#8 Lon#11</name>
        <description>NW (+lat,-lon)
Lat token: 21°14′08″
Lon token: 56°10′07″
lat=21.235556, lon=-56.168611</description>
        <Point>
          <altitudeMode>clampToGround</altitudeMode>
          <coordinates>-56.168611,21.235556,0</coordinates>
        </Point>
      </Placemark>
      <Placemark>
        <name>NW (+lat,-lon)  Lat#8 Lon#12</name>
        <description>NW (+lat,-lon)
Lat token: 21°14′08″
Lon token: 25°37′56″
lat=21.235556, lon=-25.632222</description>
        <Point>
          <altitudeMode>clampToGround</altitudeMode>
          <coordinates>-25.632222,21.235556,0</coordinates>
        </Point>
      </Placemark>
      <Placemark>
        <name>NW (+lat,-lon)  Lat#9 Lon#1</name>
        <description>NW (+lat,-lon)
Lat token: 32°30′47″
Lon token: 3°03′19″
lat=32.513056, lon=-3.055278</description>
        <Point>
          <altitudeMode>clampToGround</altitudeMode>
          <coordinates>-3.055278,32.513056,0</coordinates>
        </Point>
      </Placemark>
      <Placemark>
        <name>NW (+lat,-lon)  Lat#9 Lon#2</name>
        <description>NW (+lat,-lon)
Lat token: 32°30′47″
Lon token: 36°49′27″
lat=32.513056, lon=-36.824167</description>
        <Point>
          <altitudeMode>clampToGround</altitudeMode>
          <coordinates>-36.824167,32.513056,0</coordinates>
        </Point>
      </Placemark>
      <Placemark>
        <name>NW (+lat,-lon)  Lat#9 Lon#3</name>
        <description>NW (+lat,-lon)
Lat token: 32°30′47″
Lon token: 60°35′28″
lat=32.513056, lon=-60.591111</description>
        <Point>
          <altitudeMode>clampToGround</altitudeMode>
          <coordinates>-60.591111,32.513056,0</coordinates>
        </Point>
      </Placemark>
      <Placemark>
        <name>NW (+lat,-lon)  Lat#9 Lon#4</name>
        <description>NW (+lat,-lon)
Lat token: 32°30′47″
Lon token: 100°29′16″
lat=32.513056, lon=-100.487778</description>
        <Point>
          <altitudeMode>clampToGround</altitudeMode>
          <coordinates>-100.487778,32.513056,0</coordinates>
        </Point>
      </Placemark>
      <Placemark>
        <name>NW (+lat,-lon)  Lat#9 Lon#5</name>
        <description>NW (+lat,-lon)
Lat token: 32°30′47″
Lon token: 140°42′54″
lat=32.513056, lon=-140.715000</description>
        <Point>
          <altitudeMode>clampToGround</altitudeMode>
          <coordinates>-140.715000,32.513056,0</coordinates>
        </Point>
      </Placemark>
      <Placemark>
        <name>NW (+lat,-lon)  Lat#9 Lon#6</name>
        <description>NW (+lat,-lon)
Lat token: 32°30′47″
Lon token: 155°23′32″
lat=32.513056, lon=-155.392222</description>
        <Point>
          <altitudeMode>clampToGround</altitudeMode>
          <coordinates>-155.392222,32.513056,0</coordinates>
        </Point>
      </Placemark>
      <Placemark>
        <name>NW (+lat,-lon)  Lat#9 Lon#7</name>
        <description>NW (+lat,-lon)
Lat token: 32°30′47″
Lon token: 169°51′01″
lat=32.513056, lon=-169.850278</description>
        <Point>
          <altitudeMode>clampToGround</altitudeMode>
          <coordinates>-169.850278,32.513056,0</coordinates>
        </Point>
      </Placemark>
      <Placemark>
        <name>NW (+lat,-lon)  Lat#9 Lon#8</name>
        <description>NW (+lat,-lon)
Lat token: 32°30′47″
Lon token: 134°59′04″
lat=32.513056, lon=-134.984444</description>
        <Point>
          <altitudeMode>clampToGround</altitudeMode>
          <coordinates>-134.984444,32.513056,0</coordinates>
        </Point>
      </Placemark>
      <Placemark>
        <name>NW (+lat,-lon)  Lat#9 Lon#9</name>
        <description>NW (+lat,-lon)
Lat token: 32°30′47″
Lon token: 113°29′38″
lat=32.513056, lon=-113.493889</description>
        <Point>
          <altitudeMode>clampToGround</altitudeMode>
          <coordinates>-113.493889,32.513056,0</coordinates>
        </Point>
      </Placemark>
      <Placemark>
        <name>NW (+lat,-lon)  Lat#9 Lon#10</name>
        <description>NW (+lat,-lon)
Lat token: 32°30′47″
Lon token: 79°53′01″
lat=32.513056, lon=-79.883611</description>
        <Point>
          <altitudeMode>clampToGround</altitudeMode>
          <coordinates>-79.883611,32.513056,0</coordinates>
        </Point>
      </Placemark>
      <Placemark>
        <name>NW (+lat,-lon)  Lat#9 Lon#11</name>
        <description>NW (+lat,-lon)
Lat token: 32°30′47″
Lon token: 56°10′07″
lat=32.513056, lon=-56.168611</description>
        <Point>
          <altitudeMode>clampToGround</altitudeMode>
          <coordinates>-56.168611,32.513056,0</coordinates>
        </Point>
      </Placemark>
      <Placemark>
        <name>NW (+lat,-lon)  Lat#9 Lon#12</name>
        <description>NW (+lat,-lon)
Lat token: 32°30′47″
Lon token: 25°37′56″
lat=32.513056, lon=-25.632222</description>
        <Point>
          <altitudeMode>clampToGround</altitudeMode>
          <coordinates>-25.632222,32.513056,0</coordinates>
        </Point>
      </Placemark>
      <Placemark>
        <name>NW (+lat,-lon)  Lat#10 Lon#1</name>
        <description>NW (+lat,-lon)
Lat token: 0°42′29″
Lon token: 3°03′19″
lat=0.708056, lon=-3.055278</description>
        <Point>
          <altitudeMode>clampToGround</altitudeMode>
          <coordinates>-3.055278,0.708056,0</coordinates>
        </Point>
      </Placemark>
      <Placemark>
        <name>NW (+lat,-lon)  Lat#10 Lon#2</name>
        <description>NW (+lat,-lon)
Lat token: 0°42′29″
Lon token: 36°49′27″
lat=0.708056, lon=-36.824167</description>
        <Point>
          <altitudeMode>clampToGround</altitudeMode>
          <coordinates>-36.824167,0.708056,0</coordinates>
        </Point>
      </Placemark>
      <Placemark>
        <name>NW (+lat,-lon)  Lat#10 Lon#3</name>
        <description>NW (+lat,-lon)
Lat token: 0°42′29″
Lon token: 60°35′28″
lat=0.708056, lon=-60.591111</description>
        <Point>
          <altitudeMode>clampToGround</altitudeMode>
          <coordinates>-60.591111,0.708056,0</coordinates>
        </Point>
      </Placemark>
      <Placemark>
        <name>NW (+lat,-lon)  Lat#10 Lon#4</name>
        <description>NW (+lat,-lon)
Lat token: 0°42′29″
Lon token: 100°29′16″
lat=0.708056, lon=-100.487778</description>
        <Point>
          <altitudeMode>clampToGround</altitudeMode>
          <coordinates>-100.487778,0.708056,0</coordinates>
        </Point>
      </Placemark>
      <Placemark>
        <name>NW (+lat,-lon)  Lat#10 Lon#5</name>
        <description>NW (+lat,-lon)
Lat token: 0°42′29″
Lon token: 140°42′54″
lat=0.708056, lon=-140.715000</description>
        <Point>
          <altitudeMode>clampToGround</altitudeMode>
          <coordinates>-140.715000,0.708056,0</coordinates>
        </Point>
      </Placemark>
      <Placemark>
        <name>NW (+lat,-lon)  Lat#10 Lon#6</name>
        <description>NW (+lat,-lon)
Lat token: 0°42′29″
Lon token: 155°23′32″
lat=0.708056, lon=-155.392222</description>
        <Point>
          <altitudeMode>clampToGround</altitudeMode>
          <coordinates>-155.392222,0.708056,0</coordinates>
        </Point>
      </Placemark>
      <Placemark>
        <name>NW (+lat,-lon)  Lat#10 Lon#7</name>
        <description>NW (+lat,-lon)
Lat token: 0°42′29″
Lon token: 169°51′01″
lat=0.708056, lon=-169.850278</description>
        <Point>
          <altitudeMode>clampToGround</altitudeMode>
          <coordinates>-169.850278,0.708056,0</coordinates>
        </Point>
      </Placemark>
      <Placemark>
        <name>NW (+lat,-lon)  Lat#10 Lon#8</name>
        <description>NW (+lat,-lon)
Lat token: 0°42′29″
Lon token: 134°59′04″
lat=0.708056, lon=-134.984444</description>
        <Point>
          <altitudeMode>clampToGround</altitudeMode>
          <coordinates>-134.984444,0.708056,0</coordinates>
        </Point>
      </Placemark>
      <Placemark>
        <name>NW (+lat,-lon)  Lat#10 Lon#9</name>
        <description>NW (+lat,-lon)
Lat token: 0°42′29″
Lon token: 113°29′38″
lat=0.708056, lon=-113.493889</description>
        <Point>
          <altitudeMode>clampToGround</altitudeMode>
          <coordinates>-113.493889,0.708056,0</coordinates>
        </Point>
      </Placemark>
      <Placemark>
        <name>NW (+lat,-lon)  Lat#10 Lon#10</name>
        <description>NW (+lat,-lon)
Lat token: 0°42′29″
Lon token: 79°53′01″
lat=0.708056, lon=-79.883611</description>
        <Point>
          <altitudeMode>clampToGround</altitudeMode>
          <coordinates>-79.883611,0.708056,0</coordinates>
        </Point>
      </Placemark>
      <Placemark>
        <name>NW (+lat,-lon)  Lat#10 Lon#11</name>
        <description>NW (+lat,-lon)
Lat token: 0°42′29″
Lon token: 56°10′07″
lat=0.708056, lon=-56.168611</description>
        <Point>
          <altitudeMode>clampToGround</altitudeMode>
          <coordinates>-56.168611,0.708056,0</coordinates>
        </Point>
      </Placemark>
      <Placemark>
        <name>NW (+lat,-lon)  Lat#10 Lon#12</name>
        <description>NW (+lat,-lon)
Lat token: 0°42′29″
Lon token: 25°37′56″
lat=0.708056, lon=-25.632222</description>
        <Point>
          <altitudeMode>clampToGround</altitudeMode>
          <coordinates>-25.632222,0.708056,0</coordinates>
        </Point>
      </Placemark>
      <Placemark>
        <name>NW (+lat,-lon)  Lat#11 Lon#1</name>
        <description>NW (+lat,-lon)
Lat token: 14°39′57″
Lon token: 3°03′19″
lat=14.665833, lon=-3.055278</description>
        <Point>
          <altitudeMode>clampToGround</altitudeMode>
          <coordinates>-3.055278,14.665833,0</coordinates>
        </Point>
      </Placemark>
      <Placemark>
        <name>NW (+lat,-lon)  Lat#11 Lon#2</name>
        <description>NW (+lat,-lon)
Lat token: 14°39′57″
Lon token: 36°49′27″
lat=14.665833, lon=-36.824167</description>
        <Point>
          <altitudeMode>clampToGround</altitudeMode>
          <coordinates>-36.824167,14.665833,0</coordinates>
        </Point>
      </Placemark>
      <Placemark>
        <name>NW (+lat,-lon)  Lat#11 Lon#3</name>
        <description>NW (+lat,-lon)
Lat token: 14°39′57″
Lon token: 60°35′28″
lat=14.665833, lon=-60.591111</description>
        <Point>
          <altitudeMode>clampToGround</altitudeMode>
          <coordinates>-60.591111,14.665833,0</coordinates>
        </Point>
      </Placemark>
      <Placemark>
        <name>NW (+lat,-lon)  Lat#11 Lon#4</name>
        <description>NW (+lat,-lon)
Lat token: 14°39′57″
Lon token: 100°29′16″
lat=14.665833, lon=-100.487778</description>
        <Point>
          <altitudeMode>clampToGround</altitudeMode>
          <coordinates>-100.487778,14.665833,0</coordinates>
        </Point>
      </Placemark>
      <Placemark>
        <name>NW (+lat,-lon)  Lat#11 Lon#5</name>
        <description>NW (+lat,-lon)
Lat token: 14°39′57″
Lon token: 140°42′54″
lat=14.665833, lon=-140.715000</description>
        <Point>
          <altitudeMode>clampToGround</altitudeMode>
          <coordinates>-140.715000,14.665833,0</coordinates>
        </Point>
      </Placemark>
      <Placemark>
        <name>NW (+lat,-lon)  Lat#11 Lon#6</name>
        <description>NW (+lat,-lon)
Lat token: 14°39′57″
Lon token: 155°23′32″
lat=14.665833, lon=-155.392222</description>
        <Point>
          <altitudeMode>clampToGround</altitudeMode>
          <coordinates>-155.392222,14.665833,0</coordinates>
        </Point>
      </Placemark>
      <Placemark>
        <name>NW (+lat,-lon)  Lat#11 Lon#7</name>
        <description>NW (+lat,-lon)
Lat token: 14°39′57″
Lon token: 169°51′01″
lat=14.665833, lon=-169.850278</description>
        <Point>
          <altitudeMode>clampToGround</altitudeMode>
          <coordinates>-169.850278,14.665833,0</coordinates>
        </Point>
      </Placemark>
      <Placemark>
        <name>NW (+lat,-lon)  Lat#11 Lon#8</name>
        <description>NW (+lat,-lon)
Lat token: 14°39′57″
Lon token: 134°59′04″
lat=14.665833, lon=-134.984444</description>
        <Point>
          <altitudeMode>clampToGround</altitudeMode>
          <coordinates>-134.984444,14.665833,0</coordinates>
        </Point>
      </Placemark>
      <Placemark>
        <name>NW (+lat,-lon)  Lat#11 Lon#9</name>
        <description>NW (+lat,-lon)
Lat token: 14°39′57″
Lon token: 113°29′38″
lat=14.665833, lon=-113.493889</description>
        <Point>
          <altitudeMode>clampToGround</altitudeMode>
          <coordinates>-113.493889,14.665833,0</coordinates>
        </Point>
      </Placemark>
      <Placemark>
        <name>NW (+lat,-lon)  Lat#11 Lon#10</name>
        <description>NW (+lat,-lon)
Lat token: 14°39′57″
Lon token: 79°53′01″
lat=14.665833, lon=-79.883611</description>
        <Point>
          <altitudeMode>clampToGround</altitudeMode>
          <coordinates>-79.883611,14.665833,0</coordinates>
        </Point>
      </Placemark>
      <Placemark>
        <name>NW (+lat,-lon)  Lat#11 Lon#11</name>
        <description>NW (+lat,-lon)
Lat token: 14°39′57″
Lon token: 56°10′07″
lat=14.665833, lon=-56.168611</description>
        <Point>
          <altitudeMode>clampToGround</altitudeMode>
          <coordinates>-56.168611,14.665833,0</coordinates>
        </Point>
      </Placemark>
      <Placemark>
        <name>NW (+lat,-lon)  Lat#11 Lon#12</name>
        <description>NW (+lat,-lon)
Lat token: 14°39′57″
Lon token: 25°37′56″
lat=14.665833, lon=-25.632222</description>
        <Point>
          <altitudeMode>clampToGround</altitudeMode>
          <coordinates>-25.632222,14.665833,0</coordinates>
        </Point>
      </Placemark>
      <Placemark>
        <name>NW (+lat,-lon)  Lat#12 Lon#1</name>
        <description>NW (+lat,-lon)
Lat token: 3°50′56″
Lon token: 3°03′19″
lat=3.848889, lon=-3.055278</description>
        <Point>
          <altitudeMode>clampToGround</altitudeMode>
          <coordinates>-3.055278,3.848889,0</coordinates>
        </Point>
      </Placemark>
      <Placemark>
        <name>NW (+lat,-lon)  Lat#12 Lon#2</name>
        <description>NW (+lat,-lon)
Lat token: 3°50′56″
Lon token: 36°49′27″
lat=3.848889, lon=-36.824167</description>
        <Point>
          <altitudeMode>clampToGround</altitudeMode>
          <coordinates>-36.824167,3.848889,0</coordinates>
        </Point>
      </Placemark>
      <Placemark>
        <name>NW (+lat,-lon)  Lat#12 Lon#3</name>
        <description>NW (+lat,-lon)
Lat token: 3°50′56″
Lon token: 60°35′28″
lat=3.848889, lon=-60.591111</description>
        <Point>
          <altitudeMode>clampToGround</altitudeMode>
          <coordinates>-60.591111,3.848889,0</coordinates>
        </Point>
      </Placemark>
      <Placemark>
        <name>NW (+lat,-lon)  Lat#12 Lon#4</name>
        <description>NW (+lat,-lon)
Lat token: 3°50′56″
Lon token: 100°29′16″
lat=3.848889, lon=-100.487778</description>
        <Point>
          <altitudeMode>clampToGround</altitudeMode>
          <coordinates>-100.487778,3.848889,0</coordinates>
        </Point>
      </Placemark>
      <Placemark>
        <name>NW (+lat,-lon)  Lat#12 Lon#5</name>
        <description>NW (+lat,-lon)
Lat token: 3°50′56″
Lon token: 140°42′54″
lat=3.848889, lon=-140.715000</description>
        <Point>
          <altitudeMode>clampToGround</altitudeMode>
          <coordinates>-140.715000,3.848889,0</coordinates>
        </Point>
      </Placemark>
      <Placemark>
        <name>NW (+lat,-lon)  Lat#12 Lon#6</name>
        <description>NW (+lat,-lon)
Lat token: 3°50′56″
Lon token: 155°23′32″
lat=3.848889, lon=-155.392222</description>
        <Point>
          <altitudeMode>clampToGround</altitudeMode>
          <coordinates>-155.392222,3.848889,0</coordinates>
        </Point>
      </Placemark>
      <Placemark>
        <name>NW (+lat,-lon)  Lat#12 Lon#7</name>
        <description>NW (+lat,-lon)
Lat token: 3°50′56″
Lon token: 169°51′01″
lat=3.848889, lon=-169.850278</description>
        <Point>
          <altitudeMode>clampToGround</altitudeMode>
          <coordinates>-169.850278,3.848889,0</coordinates>
        </Point>
      </Placemark>
      <Placemark>
        <name>NW (+lat,-lon)  Lat#12 Lon#8</name>
        <description>NW (+lat,-lon)
Lat token: 3°50′56″
Lon token: 134°59′04″
lat=3.848889, lon=-134.984444</description>
        <Point>
          <altitudeMode>clampToGround</altitudeMode>
          <coordinates>-134.984444,3.848889,0</coordinates>
        </Point>
      </Placemark>
      <Placemark>
        <name>NW (+lat,-lon)  Lat#12 Lon#9</name>
        <description>NW (+lat,-lon)
Lat token: 3°50′56″
Lon token: 113°29′38″
lat=3.848889, lon=-113.493889</description>
        <Point>
          <altitudeMode>clampToGround</altitudeMode>
          <coordinates>-113.493889,3.848889,0</coordinates>
        </Point>
      </Placemark>
      <Placemark>
        <name>NW (+lat,-lon)  Lat#12 Lon#10</name>
        <description>NW (+lat,-lon)
Lat token: 3°50′56″
Lon token: 79°53′01″
lat=3.848889, lon=-79.883611</description>
        <Point>
          <altitudeMode>clampToGround</altitudeMode>
          <coordinates>-79.883611,3.848889,0</coordinates>
        </Point>
      </Placemark>
      <Placemark>
        <name>NW (+lat,-lon)  Lat#12 Lon#11</name>
        <description>NW (+lat,-lon)
Lat token: 3°50′56″
Lon token: 56°10′07″
lat=3.848889, lon=-56.168611</description>
        <Point>
          <altitudeMode>clampToGround</altitudeMode>
          <coordinates>-56.168611,3.848889,0</coordinates>
        </Point>
      </Placemark>
      <Placemark>
        <name>NW (+lat,-lon)  Lat#12 Lon#12</name>
        <description>NW (+lat,-lon)
Lat token: 3°50′56″
Lon token: 25°37′56″
lat=3.848889, lon=-25.632222</description>
        <Point>
          <altitudeMode>clampToGround</altitudeMode>
          <coordinates>-25.632222,3.848889,0</coordinates>
        </Point>
      </Placemark>
    </Folder>
    <Folder>
      <name>SE (-lat,+lon)</name>
      <Placemark>
        <name>SE (-lat,+lon)  Lat#1 Lon#1</name>
        <description>SE (-lat,+lon)
Lat token: 32°45′06″
Lon token: 3°03′19″
lat=-32.751667, lon=3.055278</description>
        <Point>
          <altitudeMode>clampToGround</altitudeMode>
          <coordinates>3.055278,-32.751667,0</coordinates>
        </Point>
      </Placemark>
      <Placemark>
        <name>SE (-lat,+lon)  Lat#1 Lon#2</name>
        <description>SE (-lat,+lon)
Lat token: 32°45′06″
Lon token: 36°49′27″
lat=-32.751667, lon=36.824167</description>
        <Point>
          <altitudeMode>clampToGround</altitudeMode>
          <coordinates>36.824167,-32.751667,0</coordinates>
        </Point>
      </Placemark>
      <Placemark>
        <name>SE (-lat,+lon)  Lat#1 Lon#3</name>
        <description>SE (-lat,+lon)
Lat token: 32°45′06″
Lon token: 60°35′28″
lat=-32.751667, lon=60.591111</description>
        <Point>
          <altitudeMode>clampToGround</altitudeMode>
          <coordinates>60.591111,-32.751667,0</coordinates>
        </Point>
      </Placemark>
      <Placemark>
        <name>SE (-lat,+lon)  Lat#1 Lon#4</name>
        <description>SE (-lat,+lon)
Lat token: 32°45′06″
Lon token: 100°29′16″
lat=-32.751667, lon=100.487778</description>
        <Point>
          <altitudeMode>clampToGround</altitudeMode>
          <coordinates>100.487778,-32.751667,0</coordinates>
        </Point>
      </Placemark>
      <Placemark>
        <name>SE (-lat,+lon)  Lat#1 Lon#5</name>
        <description>SE (-lat,+lon)
Lat token: 32°45′06″
Lon token: 140°42′54″
lat=-32.751667, lon=140.715000</description>
        <Point>
          <altitudeMode>clampToGround</altitudeMode>
          <coordinates>140.715000,-32.751667,0</coordinates>
        </Point>
      </Placemark>
      <Placemark>
        <name>SE (-lat,+lon)  Lat#1 Lon#6</name>
        <description>SE (-lat,+lon)
Lat token: 32°45′06″
Lon token: 155°23′32″
lat=-32.751667, lon=155.392222</description>
        <Point>
          <altitudeMode>clampToGround</altitudeMode>
          <coordinates>155.392222,-32.751667,0</coordinates>
        </Point>
      </Placemark>
      <Placemark>
        <name>SE (-lat,+lon)  Lat#1 Lon#7</name>
        <description>SE (-lat,+lon)
Lat token: 32°45′06″
Lon token: 169°51′01″
lat=-32.751667, lon=169.850278</description>
        <Point>
          <altitudeMode>clampToGround</altitudeMode>
          <coordinates>169.850278,-32.751667,0</coordinates>
        </Point>
      </Placemark>
      <Placemark>
        <name>SE (-lat,+lon)  Lat#1 Lon#8</name>
        <description>SE (-lat,+lon)
Lat token: 32°45′06″
Lon token: 134°59′04″
lat=-32.751667, lon=134.984444</description>
        <Point>
          <altitudeMode>clampToGround</altitudeMode>
          <coordinates>134.984444,-32.751667,0</coordinates>
        </Point>
      </Placemark>
      <Placemark>
        <name>SE (-lat,+lon)  Lat#1 Lon#9</name>
        <description>SE (-lat,+lon)
Lat token: 32°45′06″
Lon token: 113°29′38″
lat=-32.751667, lon=113.493889</description>
        <Point>
          <altitudeMode>clampToGround</altitudeMode>
          <coordinates>113.493889,-32.751667,0</coordinates>
        </Point>
      </Placemark>
      <Placemark>
        <name>SE (-lat,+lon)  Lat#1 Lon#10</name>
        <description>SE (-lat,+lon)
Lat token: 32°45′06″
Lon token: 79°53′01″
lat=-32.751667, lon=79.883611</description>
        <Point>
          <altitudeMode>clampToGround</altitudeMode>
          <coordinates>79.883611,-32.751667,0</coordinates>
        </Point>
      </Placemark>
      <Placemark>
        <name>SE (-lat,+lon)  Lat#1 Lon#11</name>
        <description>SE (-lat,+lon)
Lat token: 32°45′06″
Lon token: 56°10′07″
lat=-32.751667, lon=56.168611</description>
        <Point>
          <altitudeMode>clampToGround</altitudeMode>
          <coordinates>56.168611,-32.751667,0</coordinates>
        </Point>
      </Placemark>
      <Placemark>
        <name>SE (-lat,+lon)  Lat#1 Lon#12</name>
        <description>SE (-lat,+lon)
Lat token: 32°45′06″
Lon token: 25°37′56″
lat=-32.751667, lon=25.632222</description>
        <Point>
          <altitudeMode>clampToGround</altitudeMode>
          <coordinates>25.632222,-32.751667,0</coordinates>
        </Point>
      </Placemark>
      <Placemark>
        <name>SE (-lat,+lon)  Lat#2 Lon#1</name>
        <description>SE (-lat,+lon)
Lat token: 30°02′40″
Lon token: 3°03′19″
lat=-30.044444, lon=3.055278</description>
        <Point>
          <altitudeMode>clampToGround</altitudeMode>
          <coordinates>3.055278,-30.044444,0</coordinates>
        </Point>
      </Placemark>
      <Placemark>
        <name>SE (-lat,+lon)  Lat#2 Lon#2</name>
        <description>SE (-lat,+lon)
Lat token: 30°02′40″
Lon token: 36°49′27″
lat=-30.044444, lon=36.824167</description>
        <Point>
          <altitudeMode>clampToGround</altitudeMode>
          <coordinates>36.824167,-30.044444,0</coordinates>
        </Point>
      </Placemark>
      <Placemark>
        <name>SE (-lat,+lon)  Lat#2 Lon#3</name>
        <description>SE (-lat,+lon)
Lat token: 30°02′40″
Lon token: 60°35′28″
lat=-30.044444, lon=60.591111</description>
        <Point>
          <altitudeMode>clampToGround</altitudeMode>
          <coordinates>60.591111,-30.044444,0</coordinates>
        </Point>
      </Placemark>
      <Placemark>
        <name>SE (-lat,+lon)  Lat#2 Lon#4</name>
        <description>SE (-lat,+lon)
Lat token: 30°02′40″
Lon token: 100°29′16″
lat=-30.044444, lon=100.487778</description>
        <Point>
          <altitudeMode>clampToGround</altitudeMode>
          <coordinates>100.487778,-30.044444,0</coordinates>
        </Point>
      </Placemark>
      <Placemark>
        <name>SE (-lat,+lon)  Lat#2 Lon#5</name>
        <description>SE (-lat,+lon)
Lat token: 30°02′40″
Lon token: 140°42′54″
lat=-30.044444, lon=140.715000</description>
        <Point>
          <altitudeMode>clampToGround</altitudeMode>
          <coordinates>140.715000,-30.044444,0</coordinates>
        </Point>
      </Placemark>
      <Placemark>
        <name>SE (-lat,+lon)  Lat#2 Lon#6</name>
        <description>SE (-lat,+lon)
Lat token: 30°02′40″
Lon token: 155°23′32″
lat=-30.044444, lon=155.392222</description>
        <Point>
          <altitudeMode>clampToGround</altitudeMode>
          <coordinates>155.392222,-30.044444,0</coordinates>
        </Point>
      </Placemark>
      <Placemark>
        <name>SE (-lat,+lon)  Lat#2 Lon#7</name>
        <description>SE (-lat,+lon)
Lat token: 30°02′40″
Lon token: 169°51′01″
lat=-30.044444, lon=169.850278</description>
        <Point>
          <altitudeMode>clampToGround</altitudeMode>
          <coordinates>169.850278,-30.044444,0</coordinates>
        </Point>
      </Placemark>
      <Placemark>
        <name>SE (-lat,+lon)  Lat#2 Lon#8</name>
        <description>SE (-lat,+lon)
Lat token: 30°02′40″
Lon token: 134°59′04″
lat=-30.044444, lon=134.984444</description>
        <Point>
          <altitudeMode>clampToGround</altitudeMode>
          <coordinates>134.984444,-30.044444,0</coordinates>
        </Point>
      </Placemark>
      <Placemark>
        <name>SE (-lat,+lon)  Lat#2 Lon#9</name>
        <description>SE (-lat,+lon)
Lat token: 30°02′40″
Lon token: 113°29′38″
lat=-30.044444, lon=113.493889</description>
        <Point>
          <altitudeMode>clampToGround</altitudeMode>
          <coordinates>113.493889,-30.044444,0</coordinates>
        </Point>
      </Placemark>
      <Placemark>
        <name>SE (-lat,+lon)  Lat#2 Lon#10</name>
        <description>SE (-lat,+lon)
Lat token: 30°02′40″
Lon token: 79°53′01″
lat=-30.044444, lon=79.883611</description>
        <Point>
          <altitudeMode>clampToGround</altitudeMode>
          <coordinates>79.883611,-30.044444,0</coordinates>
        </Point>
      </Placemark>
      <Placemark>
        <name>SE (-lat,+lon)  Lat#2 Lon#11</name>
        <description>SE (-lat,+lon)
Lat token: 30°02′40″
Lon token: 56°10′07″
lat=-30.044444, lon=56.168611</description>
        <Point>
          <altitudeMode>clampToGround</altitudeMode>
          <coordinates>56.168611,-30.044444,0</coordinates>
        </Point>
      </Placemark>
      <Placemark>
        <name>SE (-lat,+lon)  Lat#2 Lon#12</name>
        <description>SE (-lat,+lon)
Lat token: 30°02′40″
Lon token: 25°37′56″
lat=-30.044444, lon=25.632222</description>
        <Point>
          <altitudeMode>clampToGround</altitudeMode>
          <coordinates>25.632222,-30.044444,0</coordinates>
        </Point>
      </Placemark>
      <Placemark>
        <name>SE (-lat,+lon)  Lat#3 Lon#1</name>
        <description>SE (-lat,+lon)
Lat token: 40°27′00″
Lon token: 3°03′19″
lat=-40.450000, lon=3.055278</description>
        <Point>
          <altitudeMode>clampToGround</altitudeMode>
          <coordinates>3.055278,-40.450000,0</coordinates>
        </Point>
      </Placemark>
      <Placemark>
        <name>SE (-lat,+lon)  Lat#3 Lon#2</name>
        <description>SE (-lat,+lon)
Lat token: 40°27′00″
Lon token: 36°49′27″
lat=-40.450000, lon=36.824167</description>
        <Point>
          <altitudeMode>clampToGround</altitudeMode>
          <coordinates>36.824167,-40.450000,0</coordinates>
        </Point>
      </Placemark>
      <Placemark>
        <name>SE (-lat,+lon)  Lat#3 Lon#3</name>
        <description>SE (-lat,+lon)
Lat token: 40°27′00″
Lon token: 60°35′28″
lat=-40.450000, lon=60.591111</description>
        <Point>
          <altitudeMode>clampToGround</altitudeMode>
          <coordinates>60.591111,-40.450000,0</coordinates>
        </Point>
      </Placemark>
      <Placemark>
        <name>SE (-lat,+lon)  Lat#3 Lon#4</name>
        <description>SE (-lat,+lon)
Lat token: 40°27′00″
Lon token: 100°29′16″
lat=-40.450000, lon=100.487778</description>
        <Point>
          <altitudeMode>clampToGround</altitudeMode>
          <coordinates>100.487778,-40.450000,0</coordinates>
        </Point>
      </Placemark>
      <Placemark>
        <name>SE (-lat,+lon)  Lat#3 Lon#5</name>
        <description>SE (-lat,+lon)
Lat token: 40°27′00″
Lon token: 140°42′54″
lat=-40.450000, lon=140.715000</description>
        <Point>
          <altitudeMode>clampToGround</altitudeMode>
          <coordinates>140.715000,-40.450000,0</coordinates>
        </Point>
      </Placemark>
      <Placemark>
        <name>SE (-lat,+lon)  Lat#3 Lon#6</name>
        <description>SE (-lat,+lon)
Lat token: 40°27′00″
Lon token: 155°23′32″
lat=-40.450000, lon=155.392222</description>
        <Point>
          <altitudeMode>clampToGround</altitudeMode>
          <coordinates>155.392222,-40.450000,0</coordinates>
        </Point>
      </Placemark>
      <Placemark>
        <name>SE (-lat,+lon)  Lat#3 Lon#7</name>
        <description>SE (-lat,+lon)
Lat token: 40°27′00″
Lon token: 169°51′01″
lat=-40.450000, lon=169.850278</description>
        <Point>
          <altitudeMode>clampToGround</altitudeMode>
          <coordinates>169.850278,-40.450000,0</coordinates>
        </Point>
      </Placemark>
      <Placemark>
        <name>SE (-lat,+lon)  Lat#3 Lon#8</name>
        <description>SE (-lat,+lon)
Lat token: 40°27′00″
Lon token: 134°59′04″
lat=-40.450000, lon=134.984444</description>
        <Point>
          <altitudeMode>clampToGround</altitudeMode>
          <coordinates>134.984444,-40.450000,0</coordinates>
        </Point>
      </Placemark>
      <Placemark>
        <name>SE (-lat,+lon)  Lat#3 Lon#9</name>
        <description>SE (-lat,+lon)
Lat token: 40°27′00″
Lon token: 113°29′38″
lat=-40.450000, lon=113.493889</description>
        <Point>
          <altitudeMode>clampToGround</altitudeMode>
          <coordinates>113.493889,-40.450000,0</coordinates>
        </Point>
      </Placemark>
      <Placemark>
        <name>SE (-lat,+lon)  Lat#3 Lon#10</name>
        <description>SE (-lat,+lon)
Lat token: 40°27′00″
Lon token: 79°53′01″
lat=-40.450000, lon=79.883611</description>
        <Point>
          <altitudeMode>clampToGround</altitudeMode>
          <coordinates>79.883611,-40.450000,0</coordinates>
        </Point>
      </Placemark>
      <Placemark>
        <name>SE (-lat,+lon)  Lat#3 Lon#11</name>
        <description>SE (-lat,+lon)
Lat token: 40°27′00″
Lon token: 56°10′07″
lat=-40.450000, lon=56.168611</description>
        <Point>
          <altitudeMode>clampToGround</altitudeMode>
          <coordinates>56.168611,-40.450000,0</coordinates>
        </Point>
      </Placemark>
      <Placemark>
        <name>SE (-lat,+lon)  Lat#3 Lon#12</name>
        <description>SE (-lat,+lon)
Lat token: 40°27′00″
Lon token: 25°37′56″
lat=-40.450000, lon=25.632222</description>
        <Point>
          <altitudeMode>clampToGround</altitudeMode>
          <coordinates>25.632222,-40.450000,0</coordinates>
        </Point>
      </Placemark>
      <Placemark>
        <name>SE (-lat,+lon)  Lat#4 Lon#1</name>
        <description>SE (-lat,+lon)
Lat token: 42°52′29″
Lon token: 3°03′19″
lat=-42.874722, lon=3.055278</description>
        <Point>
          <altitudeMode>clampToGround</altitudeMode>
          <coordinates>3.055278,-42.874722,0</coordinates>
        </Point>
      </Placemark>
      <Placemark>
        <name>SE (-lat,+lon)  Lat#4 Lon#2</name>
        <description>SE (-lat,+lon)
Lat token: 42°52′29″
Lon token: 36°49′27″
lat=-42.874722, lon=36.824167</description>
        <Point>
          <altitudeMode>clampToGround</altitudeMode>
          <coordinates>36.824167,-42.874722,0</coordinates>
        </Point>
      </Placemark>
      <Placemark>
        <name>SE (-lat,+lon)  Lat#4 Lon#3</name>
        <description>SE (-lat,+lon)
Lat token: 42°52′29″
Lon token: 60°35′28″
lat=-42.874722, lon=60.591111</description>
        <Point>
          <altitudeMode>clampToGround</altitudeMode>
          <coordinates>60.591111,-42.874722,0</coordinates>
        </Point>
      </Placemark>
      <Placemark>
        <name>SE (-lat,+lon)  Lat#4 Lon#4</name>
        <description>SE (-lat,+lon)
Lat token: 42°52′29″
Lon token: 100°29′16″
lat=-42.874722, lon=100.487778</description>
        <Point>
          <altitudeMode>clampToGround</altitudeMode>
          <coordinates>100.487778,-42.874722,0</coordinates>
        </Point>
      </Placemark>
      <Placemark>
        <name>SE (-lat,+lon)  Lat#4 Lon#5</name>
        <description>SE (-lat,+lon)
Lat token: 42°52′29″
Lon token: 140°42′54″
lat=-42.874722, lon=140.715000</description>
        <Point>
          <altitudeMode>clampToGround</altitudeMode>
          <coordinates>140.715000,-42.874722,0</coordinates>
        </Point>
      </Placemark>
      <Placemark>
        <name>SE (-lat,+lon)  Lat#4 Lon#6</name>
        <description>SE (-lat,+lon)
Lat token: 42°52′29″
Lon token: 155°23′32″
lat=-42.874722, lon=155.392222</description>
        <Point>
          <altitudeMode>clampToGround</altitudeMode>
          <coordinates>155.392222,-42.874722,0</coordinates>
        </Point>
      </Placemark>
      <Placemark>
        <name>SE (-lat,+lon)  Lat#4 Lon#7</name>
        <description>SE (-lat,+lon)
Lat token: 42°52′29″
Lon token: 169°51′01″
lat=-42.874722, lon=169.850278</description>
        <Point>
          <altitudeMode>clampToGround</altitudeMode>
          <coordinates>169.850278,-42.874722,0</coordinates>
        </Point>
      </Placemark>
      <Placemark>
        <name>SE (-lat,+lon)  Lat#4 Lon#8</name>
        <description>SE (-lat,+lon)
Lat token: 42°52′29″
Lon token: 134°59′04″
lat=-42.874722, lon=134.984444</description>
        <Point>
          <altitudeMode>clampToGround</altitudeMode>
          <coordinates>134.984444,-42.874722,0</coordinates>
        </Point>
      </Placemark>
      <Placemark>
        <name>SE (-lat,+lon)  Lat#4 Lon#9</name>
        <description>SE (-lat,+lon)
Lat token: 42°52′29″
Lon token: 113°29′38″
lat=-42.874722, lon=113.493889</description>
        <Point>
          <altitudeMode>clampToGround</altitudeMode>
          <coordinates>113.493889,-42.874722,0</coordinates>
        </Point>
      </Placemark>
      <Placemark>
        <name>SE (-lat,+lon)  Lat#4 Lon#10</name>
        <description>SE (-lat,+lon)
Lat token: 42°52′29″
Lon token: 79°53′01″
lat=-42.874722, lon=79.883611</description>
        <Point>
          <altitudeMode>clampToGround</altitudeMode>
          <coordinates>79.883611,-42.874722,0</coordinates>
        </Point>
      </Placemark>
      <Placemark>
        <name>SE (-lat,+lon)  Lat#4 Lon#11</name>
        <description>SE (-lat,+lon)
Lat token: 42°52′29″
Lon token: 56°10′07″
lat=-42.874722, lon=56.168611</description>
        <Point>
          <altitudeMode>clampToGround</altitudeMode>
          <coordinates>56.168611,-42.874722,0</coordinates>
        </Point>
      </Placemark>
      <Placemark>
        <name>SE (-lat,+lon)  Lat#4 Lon#12</name>
        <description>SE (-lat,+lon)
Lat token: 42°52′29″
Lon token: 25°37′56″
lat=-42.874722, lon=25.632222</description>
        <Point>
          <altitudeMode>clampToGround</altitudeMode>
          <coordinates>25.632222,-42.874722,0</coordinates>
        </Point>
      </Placemark>
      <Placemark>
        <name>SE (-lat,+lon)  Lat#5 Lon#1</name>
        <description>SE (-lat,+lon)
Lat token: 31°14′09″
Lon token: 3°03′19″
lat=-31.235833, lon=3.055278</description>
        <Point>
          <altitudeMode>clampToGround</altitudeMode>
          <coordinates>3.055278,-31.235833,0</coordinates>
        </Point>
      </Placemark>
      <Placemark>
        <name>SE (-lat,+lon)  Lat#5 Lon#2</name>
        <description>SE (-lat,+lon)
Lat token: 31°14′09″
Lon token: 36°49′27″
lat=-31.235833, lon=36.824167</description>
        <Point>
          <altitudeMode>clampToGround</altitudeMode>
          <coordinates>36.824167,-31.235833,0</coordinates>
        </Point>
      </Placemark>
      <Placemark>
        <name>SE (-lat,+lon)  Lat#5 Lon#3</name>
        <description>SE (-lat,+lon)
Lat token: 31°14′09″
Lon token: 60°35′28″
lat=-31.235833, lon=60.591111</description>
        <Point>
          <altitudeMode>clampToGround</altitudeMode>
          <coordinates>60.591111,-31.235833,0</coordinates>
        </Point>
      </Placemark>
      <Placemark>
        <name>SE (-lat,+lon)  Lat#5 Lon#4</name>
        <description>SE (-lat,+lon)
Lat token: 31°14′09″
Lon token: 100°29′16″
lat=-31.235833, lon=100.487778</description>
        <Point>
          <altitudeMode>clampToGround</altitudeMode>
          <coordinates>100.487778,-31.235833,0</coordinates>
        </Point>
      </Placemark>
      <Placemark>
        <name>SE (-lat,+lon)  Lat#5 Lon#5</name>
        <description>SE (-lat,+lon)
Lat token: 31°14′09″
Lon token: 140°42′54″
lat=-31.235833, lon=140.715000</description>
        <Point>
          <altitudeMode>clampToGround</altitudeMode>
          <coordinates>140.715000,-31.235833,0</coordinates>
        </Point>
      </Placemark>
      <Placemark>
        <name>SE (-lat,+lon)  Lat#5 Lon#6</name>
        <description>SE (-lat,+lon)
Lat token: 31°14′09″
Lon token: 155°23′32″
lat=-31.235833, lon=155.392222</description>
        <Point>
          <altitudeMode>clampToGround</altitudeMode>
          <coordinates>155.392222,-31.235833,0</coordinates>
        </Point>
      </Placemark>
      <Placemark>
        <name>SE (-lat,+lon)  Lat#5 Lon#7</name>
        <description>SE (-lat,+lon)
Lat token: 31°14′09″
Lon token: 169°51′01″
lat=-31.235833, lon=169.850278</description>
        <Point>
          <altitudeMode>clampToGround</altitudeMode>
          <coordinates>169.850278,-31.235833,0</coordinates>
        </Point>
      </Placemark>
      <Placemark>
        <name>SE (-lat,+lon)  Lat#5 Lon#8</name>
        <description>SE (-lat,+lon)
Lat token: 31°14′09″
Lon token: 134°59′04″
lat=-31.235833, lon=134.984444</description>
        <Point>
          <altitudeMode>clampToGround</altitudeMode>
          <coordinates>134.984444,-31.235833,0</coordinates>
        </Point>
      </Placemark>
      <Placemark>
        <name>SE (-lat,+lon)  Lat#5 Lon#9</name>
        <description>SE (-lat,+lon)
Lat token: 31°14′09″
Lon token: 113°29′38″
lat=-31.235833, lon=113.493889</description>
        <Point>
          <altitudeMode>clampToGround</altitudeMode>
          <coordinates>113.493889,-31.235833,0</coordinates>
        </Point>
      </Placemark>
      <Placemark>
        <name>SE (-lat,+lon)  Lat#5 Lon#10</name>
        <description>SE (-lat,+lon)
Lat token: 31°14′09″
Lon token: 79°53′01″
lat=-31.235833, lon=79.883611</description>
        <Point>
          <altitudeMode>clampToGround</altitudeMode>
          <coordinates>79.883611,-31.235833,0</coordinates>
        </Point>
      </Placemark>
      <Placemark>
        <name>SE (-lat,+lon)  Lat#5 Lon#11</name>
        <description>SE (-lat,+lon)
Lat token: 31°14′09″
Lon token: 56°10′07″
lat=-31.235833, lon=56.168611</description>
        <Point>
          <altitudeMode>clampToGround</altitudeMode>
          <coordinates>56.168611,-31.235833,0</coordinates>
        </Point>
      </Placemark>
      <Placemark>
        <name>SE (-lat,+lon)  Lat#5 Lon#12</name>
        <description>SE (-lat,+lon)
Lat token: 31°14′09″
Lon token: 25°37′56″
lat=-31.235833, lon=25.632222</description>
        <Point>
          <altitudeMode>clampToGround</altitudeMode>
          <coordinates>25.632222,-31.235833,0</coordinates>
        </Point>
      </Placemark>
      <Placemark>
        <name>SE (-lat,+lon)  Lat#6 Lon#1</name>
        <description>SE (-lat,+lon)
Lat token: 27°26′54″
Lon token: 3°03′19″
lat=-27.448333, lon=3.055278</description>
        <Point>
          <altitudeMode>clampToGround</altitudeMode>
          <coordinates>3.055278,-27.448333,0</coordinates>
        </Point>
      </Placemark>
      <Placemark>
        <name>SE (-lat,+lon)  Lat#6 Lon#2</name>
        <description>SE (-lat,+lon)
Lat token: 27°26′54″
Lon token: 36°49′27″
lat=-27.448333, lon=36.824167</description>
        <Point>
          <altitudeMode>clampToGround</altitudeMode>
          <coordinates>36.824167,-27.448333,0</coordinates>
        </Point>
      </Placemark>
      <Placemark>
        <name>SE (-lat,+lon)  Lat#6 Lon#3</name>
        <description>SE (-lat,+lon)
Lat token: 27°26′54″
Lon token: 60°35′28″
lat=-27.448333, lon=60.591111</description>
        <Point>
          <altitudeMode>clampToGround</altitudeMode>
          <coordinates>60.591111,-27.448333,0</coordinates>
        </Point>
      </Placemark>
      <Placemark>
        <name>SE (-lat,+lon)  Lat#6 Lon#4</name>
        <description>SE (-lat,+lon)
Lat token: 27°26′54″
Lon token: 100°29′16″
lat=-27.448333, lon=100.487778</description>
        <Point>
          <altitudeMode>clampToGround</altitudeMode>
          <coordinates>100.487778,-27.448333,0</coordinates>
        </Point>
      </Placemark>
      <Placemark>
        <name>SE (-lat,+lon)  Lat#6 Lon#5</name>
        <description>SE (-lat,+lon)
Lat token: 27°26′54″
Lon token: 140°42′54″
lat=-27.448333, lon=140.715000</description>
        <Point>
          <altitudeMode>clampToGround</altitudeMode>
          <coordinates>140.715000,-27.448333,0</coordinates>
        </Point>
      </Placemark>
      <Placemark>
        <name>SE (-lat,+lon)  Lat#6 Lon#6</name>
        <description>SE (-lat,+lon)
Lat token: 27°26′54″
Lon token: 155°23′32″
lat=-27.448333, lon=155.392222</description>
        <Point>
          <altitudeMode>clampToGround</altitudeMode>
          <coordinates>155.392222,-27.448333,0</coordinates>
        </Point>
      </Placemark>
      <Placemark>
        <name>SE (-lat,+lon)  Lat#6 Lon#7</name>
        <description>SE (-lat,+lon)
Lat token: 27°26′54″
Lon token: 169°51′01″
lat=-27.448333, lon=169.850278</description>
        <Point>
          <altitudeMode>clampToGround</altitudeMode>
          <coordinates>169.850278,-27.448333,0</coordinates>
        </Point>
      </Placemark>
      <Placemark>
        <name>SE (-lat,+lon)  Lat#6 Lon#8</name>
        <description>SE (-lat,+lon)
Lat token: 27°26′54″
Lon token: 134°59′04″
lat=-27.448333, lon=134.984444</description>
        <Point>
          <altitudeMode>clampToGround</altitudeMode>
          <coordinates>134.984444,-27.448333,0</coordinates>
        </Point>
      </Placemark>
      <Placemark>
        <name>SE (-lat,+lon)  Lat#6 Lon#9</name>
        <description>SE (-lat,+lon)
Lat token: 27°26′54″
Lon token: 113°29′38″
lat=-27.448333, lon=113.493889</description>
        <Point>
          <altitudeMode>clampToGround</altitudeMode>
          <coordinates>113.493889,-27.448333,0</coordinates>
        </Point>
      </Placemark>
      <Placemark>
        <name>SE (-lat,+lon)  Lat#6 Lon#10</name>
        <description>SE (-lat,+lon)
Lat token: 27°26′54″
Lon token: 79°53′01″
lat=-27.448333, lon=79.883611</description>
        <Point>
          <altitudeMode>clampToGround</altitudeMode>
          <coordinates>79.883611,-27.448333,0</coordinates>
        </Point>
      </Placemark>
      <Placemark>
        <name>SE (-lat,+lon)  Lat#6 Lon#11</name>
        <description>SE (-lat,+lon)
Lat token: 27°26′54″
Lon token: 56°10′07″
lat=-27.448333, lon=56.168611</description>
        <Point>
          <altitudeMode>clampToGround</altitudeMode>
          <coordinates>56.168611,-27.448333,0</coordinates>
        </Point>
      </Placemark>
      <Placemark>
        <name>SE (-lat,+lon)  Lat#6 Lon#12</name>
        <description>SE (-lat,+lon)
Lat token: 27°26′54″
Lon token: 25°37′56″
lat=-27.448333, lon=25.632222</description>
        <Point>
          <altitudeMode>clampToGround</altitudeMode>
          <coordinates>25.632222,-27.448333,0</coordinates>
        </Point>
      </Placemark>
      <Placemark>
        <name>SE (-lat,+lon)  Lat#7 Lon#1</name>
        <description>SE (-lat,+lon)
Lat token: 36°52′01″
Lon token: 3°03′19″
lat=-36.866944, lon=3.055278</description>
        <Point>
          <altitudeMode>clampToGround</altitudeMode>
          <coordinates>3.055278,-36.866944,0</coordinates>
        </Point>
      </Placemark>
      <Placemark>
        <name>SE (-lat,+lon)  Lat#7 Lon#2</name>
        <description>SE (-lat,+lon)
Lat token: 36°52′01″
Lon token: 36°49′27″
lat=-36.866944, lon=36.824167</description>
        <Point>
          <altitudeMode>clampToGround</altitudeMode>
          <coordinates>36.824167,-36.866944,0</coordinates>
        </Point>
      </Placemark>
      <Placemark>
        <name>SE (-lat,+lon)  Lat#7 Lon#3</name>
        <description>SE (-lat,+lon)
Lat token: 36°52′01″
Lon token: 60°35′28″
lat=-36.866944, lon=60.591111</description>
        <Point>
          <altitudeMode>clampToGround</altitudeMode>
          <coordinates>60.591111,-36.866944,0</coordinates>
        </Point>
      </Placemark>
      <Placemark>
        <name>SE (-lat,+lon)  Lat#7 Lon#4</name>
        <description>SE (-lat,+lon)
Lat token: 36°52′01″
Lon token: 100°29′16″
lat=-36.866944, lon=100.487778</description>
        <Point>
          <altitudeMode>clampToGround</altitudeMode>
          <coordinates>100.487778,-36.866944,0</coordinates>
        </Point>
      </Placemark>
      <Placemark>
        <name>SE (-lat,+lon)  Lat#7 Lon#5</name>
        <description>SE (-lat,+lon)
Lat token: 36°52′01″
Lon token: 140°42′54″
lat=-36.866944, lon=140.715000</description>
        <Point>
          <altitudeMode>clampToGround</altitudeMode>
          <coordinates>140.715000,-36.866944,0</coordinates>
        </Point>
      </Placemark>
      <Placemark>
        <name>SE (-lat,+lon)  Lat#7 Lon#6</name>
        <description>SE (-lat,+lon)
Lat token: 36°52′01″
Lon token: 155°23′32″
lat=-36.866944, lon=155.392222</description>
        <Point>
          <altitudeMode>clampToGround</altitudeMode>
          <coordinates>155.392222,-36.866944,0</coordinates>
        </Point>
      </Placemark>
      <Placemark>
        <name>SE (-lat,+lon)  Lat#7 Lon#7</name>
        <description>SE (-lat,+lon)
Lat token: 36°52′01″
Lon token: 169°51′01″
lat=-36.866944, lon=169.850278</description>
        <Point>
          <altitudeMode>clampToGround</altitudeMode>
          <coordinates>169.850278,-36.866944,0</coordinates>
        </Point>
      </Placemark>
      <Placemark>
        <name>SE (-lat,+lon)  Lat#7 Lon#8</name>
        <description>SE (-lat,+lon)
Lat token: 36°52′01″
Lon token: 134°59′04″
lat=-36.866944, lon=134.984444</description>
        <Point>
          <altitudeMode>clampToGround</altitudeMode>
          <coordinates>134.984444,-36.866944,0</coordinates>
        </Point>
      </Placemark>
      <Placemark>
        <name>SE (-lat,+lon)  Lat#7 Lon#9</name>
        <description>SE (-lat,+lon)
Lat token: 36°52′01″
Lon token: 113°29′38″
lat=-36.866944, lon=113.493889</description>
        <Point>
          <altitudeMode>clampToGround</altitudeMode>
          <coordinates>113.493889,-36.866944,0</coordinates>
        </Point>
      </Placemark>
      <Placemark>
        <name>SE (-lat,+lon)  Lat#7 Lon#10</name>
        <description>SE (-lat,+lon)
Lat token: 36°52′01″
Lon token: 79°53′01″
lat=-36.866944, lon=79.883611</description>
        <Point>
          <altitudeMode>clampToGround</altitudeMode>
          <coordinates>79.883611,-36.866944,0</coordinates>
        </Point>
      </Placemark>
      <Placemark>
        <name>SE (-lat,+lon)  Lat#7 Lon#11</name>
        <description>SE (-lat,+lon)
Lat token: 36°52′01″
Lon token: 56°10′07″
lat=-36.866944, lon=56.168611</description>
        <Point>
          <altitudeMode>clampToGround</altitudeMode>
          <coordinates>56.168611,-36.866944,0</coordinates>
        </Point>
      </Placemark>
      <Placemark>
        <name>SE (-lat,+lon)  Lat#7 Lon#12</name>
        <description>SE (-lat,+lon)
Lat token: 36°52′01″
Lon token: 25°37′56″
lat=-36.866944, lon=25.632222</description>
        <Point>
          <altitudeMode>clampToGround</altitudeMode>
          <coordinates>25.632222,-36.866944,0</coordinates>
        </Point>
      </Placemark>
      <Placemark>
        <name>SE (-lat,+lon)  Lat#8 Lon#1</name>
        <description>SE (-lat,+lon)
Lat token: 21°14′08″
Lon token: 3°03′19″
lat=-21.235556, lon=3.055278</description>
        <Point>
          <altitudeMode>clampToGround</altitudeMode>
          <coordinates>3.055278,-21.235556,0</coordinates>
        </Point>
      </Placemark>
      <Placemark>
        <name>SE (-lat,+lon)  Lat#8 Lon#2</name>
        <description>SE (-lat,+lon)
Lat token: 21°14′08″
Lon token: 36°49′27″
lat=-21.235556, lon=36.824167</description>
        <Point>
          <altitudeMode>clampToGround</altitudeMode>
          <coordinates>36.824167,-21.235556,0</coordinates>
        </Point>
      </Placemark>
      <Placemark>
        <name>SE (-lat,+lon)  Lat#8 Lon#3</name>
        <description>SE (-lat,+lon)
Lat token: 21°14′08″
Lon token: 60°35′28″
lat=-21.235556, lon=60.591111</description>
        <Point>
          <altitudeMode>clampToGround</altitudeMode>
          <coordinates>60.591111,-21.235556,0</coordinates>
        </Point>
      </Placemark>
      <Placemark>
        <name>SE (-lat,+lon)  Lat#8 Lon#4</name>
        <description>SE (-lat,+lon)
Lat token: 21°14′08″
Lon token: 100°29′16″
lat=-21.235556, lon=100.487778</description>
        <Point>
          <altitudeMode>clampToGround</altitudeMode>
          <coordinates>100.487778,-21.235556,0</coordinates>
        </Point>
      </Placemark>
      <Placemark>
        <name>SE (-lat,+lon)  Lat#8 Lon#5</name>
        <description>SE (-lat,+lon)
Lat token: 21°14′08″
Lon token: 140°42′54″
lat=-21.235556, lon=140.715000</description>
        <Point>
          <altitudeMode>clampToGround</altitudeMode>
          <coordinates>140.715000,-21.235556,0</coordinates>
        </Point>
      </Placemark>
      <Placemark>
        <name>SE (-lat,+lon)  Lat#8 Lon#6</name>
        <description>SE (-lat,+lon)
Lat token: 21°14′08″
Lon token: 155°23′32″
lat=-21.235556, lon=155.392222</description>
        <Point>
          <altitudeMode>clampToGround</altitudeMode>
          <coordinates>155.392222,-21.235556,0</coordinates>
        </Point>
      </Placemark>
      <Placemark>
        <name>SE (-lat,+lon)  Lat#8 Lon#7</name>
        <description>SE (-lat,+lon)
Lat token: 21°14′08″
Lon token: 169°51′01″
lat=-21.235556, lon=169.850278</description>
        <Point>
          <altitudeMode>clampToGround</altitudeMode>
          <coordinates>169.850278,-21.235556,0</coordinates>
        </Point>
      </Placemark>
      <Placemark>
        <name>SE (-lat,+lon)  Lat#8 Lon#8</name>
        <description>SE (-lat,+lon)
Lat token: 21°14′08″
Lon token: 134°59′04″
lat=-21.235556, lon=134.984444</description>
        <Point>
          <altitudeMode>clampToGround</altitudeMode>
          <coordinates>134.984444,-21.235556,0</coordinates>
        </Point>
      </Placemark>
      <Placemark>
        <name>SE (-lat,+lon)  Lat#8 Lon#9</name>
        <description>SE (-lat,+lon)
Lat token: 21°14′08″
Lon token: 113°29′38″
lat=-21.235556, lon=113.493889</description>
        <Point>
          <altitudeMode>clampToGround</altitudeMode>
          <coordinates>113.493889,-21.235556,0</coordinates>
        </Point>
      </Placemark>
      <Placemark>
        <name>SE (-lat,+lon)  Lat#8 Lon#10</name>
        <description>SE (-lat,+lon)
Lat token: 21°14′08″
Lon token: 79°53′01″
lat=-21.235556, lon=79.883611</description>
        <Point>
          <altitudeMode>clampToGround</altitudeMode>
          <coordinates>79.883611,-21.235556,0</coordinates>
        </Point>
      </Placemark>
      <Placemark>
        <name>SE (-lat,+lon)  Lat#8 Lon#11</name>
        <description>SE (-lat,+lon)
Lat token: 21°14′08″
Lon token: 56°10′07″
lat=-21.235556, lon=56.168611</description>
        <Point>
          <altitudeMode>clampToGround</altitudeMode>
          <coordinates>56.168611,-21.235556,0</coordinates>
        </Point>
      </Placemark>
      <Placemark>
        <name>SE (-lat,+lon)  Lat#8 Lon#12</name>
        <description>SE (-lat,+lon)
Lat token: 21°14′08″
Lon token: 25°37′56″
lat=-21.235556, lon=25.632222</description>
        <Point>
          <altitudeMode>clampToGround</altitudeMode>
          <coordinates>25.632222,-21.235556,0</coordinates>
        </Point>
      </Placemark>
      <Placemark>
        <name>SE (-lat,+lon)  Lat#9 Lon#1</name>
        <description>SE (-lat,+lon)
Lat token: 32°30′47″
Lon token: 3°03′19″
lat=-32.513056, lon=3.055278</description>
        <Point>
          <altitudeMode>clampToGround</altitudeMode>
          <coordinates>3.055278,-32.513056,0</coordinates>
        </Point>
      </Placemark>
      <Placemark>
        <name>SE (-lat,+lon)  Lat#9 Lon#2</name>
        <description>SE (-lat,+lon)
Lat token: 32°30′47″
Lon token: 36°49′27″
lat=-32.513056, lon=36.824167</description>
        <Point>
          <altitudeMode>clampToGround</altitudeMode>
          <coordinates>36.824167,-32.513056,0</coordinates>
        </Point>
      </Placemark>
      <Placemark>
        <name>SE (-lat,+lon)  Lat#9 Lon#3</name>
        <description>SE (-lat,+lon)
Lat token: 32°30′47″
Lon token: 60°35′28″
lat=-32.513056, lon=60.591111</description>
        <Point>
          <altitudeMode>clampToGround</altitudeMode>
          <coordinates>60.591111,-32.513056,0</coordinates>
        </Point>
      </Placemark>
      <Placemark>
        <name>SE (-lat,+lon)  Lat#9 Lon#4</name>
        <description>SE (-lat,+lon)
Lat token: 32°30′47″
Lon token: 100°29′16″
lat=-32.513056, lon=100.487778</description>
        <Point>
          <altitudeMode>clampToGround</altitudeMode>
          <coordinates>100.487778,-32.513056,0</coordinates>
        </Point>
      </Placemark>
      <Placemark>
        <name>SE (-lat,+lon)  Lat#9 Lon#5</name>
        <description>SE (-lat,+lon)
Lat token: 32°30′47″
Lon token: 140°42′54″
lat=-32.513056, lon=140.715000</description>
        <Point>
          <altitudeMode>clampToGround</altitudeMode>
          <coordinates>140.715000,-32.513056,0</coordinates>
        </Point>
      </Placemark>
      <Placemark>
        <name>SE (-lat,+lon)  Lat#9 Lon#6</name>
        <description>SE (-lat,+lon)
Lat token: 32°30′47″
Lon token: 155°23′32″
lat=-32.513056, lon=155.392222</description>
        <Point>
          <altitudeMode>clampToGround</altitudeMode>
          <coordinates>155.392222,-32.513056,0</coordinates>
        </Point>
      </Placemark>
      <Placemark>
        <name>SE (-lat,+lon)  Lat#9 Lon#7</name>
        <description>SE (-lat,+lon)
Lat token: 32°30′47″
Lon token: 169°51′01″
lat=-32.513056, lon=169.850278</description>
        <Point>
          <altitudeMode>clampToGround</altitudeMode>
          <coordinates>169.850278,-32.513056,0</coordinates>
        </Point>
      </Placemark>
      <Placemark>
        <name>SE (-lat,+lon)  Lat#9 Lon#8</name>
        <description>SE (-lat,+lon)
Lat token: 32°30′47″
Lon token: 134°59′04″
lat=-32.513056, lon=134.984444</description>
        <Point>
          <altitudeMode>clampToGround</altitudeMode>
          <coordinates>134.984444,-32.513056,0</coordinates>
        </Point>
      </Placemark>
      <Placemark>
        <name>SE (-lat,+lon)  Lat#9 Lon#9</name>
        <description>SE (-lat,+lon)
Lat token: 32°30′47″
Lon token: 113°29′38″
lat=-32.513056, lon=113.493889</description>
        <Point>
          <altitudeMode>clampToGround</altitudeMode>
          <coordinates>113.493889,-32.513056,0</coordinates>
        </Point>
      </Placemark>
      <Placemark>
        <name>SE (-lat,+lon)  Lat#9 Lon#10</name>
        <description>SE (-lat,+lon)
Lat token: 32°30′47″
Lon token: 79°53′01″
lat=-32.513056, lon=79.883611</description>
        <Point>
          <altitudeMode>clampToGround</altitudeMode>
          <coordinates>79.883611,-32.513056,0</coordinates>
        </Point>
      </Placemark>
      <Placemark>
        <name>SE (-lat,+lon)  Lat#9 Lon#11</name>
        <description>SE (-lat,+lon)
Lat token: 32°30′47″
Lon token: 56°10′07″
lat=-32.513056, lon=56.168611</description>
        <Point>
          <altitudeMode>clampToGround</altitudeMode>
          <coordinates>56.168611,-32.513056,0</coordinates>
        </Point>
      </Placemark>
      <Placemark>
        <name>SE (-lat,+lon)  Lat#9 Lon#12</name>
        <description>SE (-lat,+lon)
Lat token: 32°30′47″
Lon token: 25°37′56″
lat=-32.513056, lon=25.632222</description>
        <Point>
          <altitudeMode>clampToGround</altitudeMode>
          <coordinates>25.632222,-32.513056,0</coordinates>
        </Point>
      </Placemark>
      <Placemark>
        <name>SE (-lat,+lon)  Lat#10 Lon#1</name>
        <description>SE (-lat,+lon)
Lat token: 0°42′29″
Lon token: 3°03′19″
lat=-0.708056, lon=3.055278</description>
        <Point>
          <altitudeMode>clampToGround</altitudeMode>
          <coordinates>3.055278,-0.708056,0</coordinates>
        </Point>
      </Placemark>
      <Placemark>
        <name>SE (-lat,+lon)  Lat#10 Lon#2</name>
        <description>SE (-lat,+lon)
Lat token: 0°42′29″
Lon token: 36°49′27″
lat=-0.708056, lon=36.824167</description>
        <Point>
          <altitudeMode>clampToGround</altitudeMode>
          <coordinates>36.824167,-0.708056,0</coordinates>
        </Point>
      </Placemark>
      <Placemark>
        <name>SE (-lat,+lon)  Lat#10 Lon#3</name>
        <description>SE (-lat,+lon)
Lat token: 0°42′29″
Lon token: 60°35′28″
lat=-0.708056, lon=60.591111</description>
        <Point>
          <altitudeMode>clampToGround</altitudeMode>
          <coordinates>60.591111,-0.708056,0</coordinates>
        </Point>
      </Placemark>
      <Placemark>
        <name>SE (-lat,+lon)  Lat#10 Lon#4</name>
        <description>SE (-lat,+lon)
Lat token: 0°42′29″
Lon token: 100°29′16″
lat=-0.708056, lon=100.487778</description>
        <Point>
          <altitudeMode>clampToGround</altitudeMode>
          <coordinates>100.487778,-0.708056,0</coordinates>
        </Point>
      </Placemark>
      <Placemark>
        <name>SE (-lat,+lon)  Lat#10 Lon#5</name>
        <description>SE (-lat,+lon)
Lat token: 0°42′29″
Lon token: 140°42′54″
lat=-0.708056, lon=140.715000</description>
        <Point>
          <altitudeMode>clampToGround</altitudeMode>
          <coordinates>140.715000,-0.708056,0</coordinates>
        </Point>
      </Placemark>
      <Placemark>
        <name>SE (-lat,+lon)  Lat#10 Lon#6</name>
        <description>SE (-lat,+lon)
Lat token: 0°42′29″
Lon token: 155°23′32″
lat=-0.708056, lon=155.392222</description>
        <Point>
          <altitudeMode>clampToGround</altitudeMode>
          <coordinates>155.392222,-0.708056,0</coordinates>
        </Point>
      </Placemark>
      <Placemark>
        <name>SE (-lat,+lon)  Lat#10 Lon#7</name>
        <description>SE (-lat,+lon)
Lat token: 0°42′29″
Lon token: 169°51′01″
lat=-0.708056, lon=169.850278</description>
        <Point>
          <altitudeMode>clampToGround</altitudeMode>
          <coordinates>169.850278,-0.708056,0</coordinates>
        </Point>
      </Placemark>
      <Placemark>
        <name>SE (-lat,+lon)  Lat#10 Lon#8</name>
        <description>SE (-lat,+lon)
Lat token: 0°42′29″
Lon token: 134°59′04″
lat=-0.708056, lon=134.984444</description>
        <Point>
          <altitudeMode>clampToGround</altitudeMode>
          <coordinates>134.984444,-0.708056,0</coordinates>
        </Point>
      </Placemark>
      <Placemark>
        <name>SE (-lat,+lon)  Lat#10 Lon#9</name>
        <description>SE (-lat,+lon)
Lat token: 0°42′29″
Lon token: 113°29′38″
lat=-0.708056, lon=113.493889</description>
        <Point>
          <altitudeMode>clampToGround</altitudeMode>
          <coordinates>113.493889,-0.708056,0</coordinates>
        </Point>
      </Placemark>
      <Placemark>
        <name>SE (-lat,+lon)  Lat#10 Lon#10</name>
        <description>SE (-lat,+lon)
Lat token: 0°42′29″
Lon token: 79°53′01″
lat=-0.708056, lon=79.883611</description>
        <Point>
          <altitudeMode>clampToGround</altitudeMode>
          <coordinates>79.883611,-0.708056,0</coordinates>
        </Point>
      </Placemark>
      <Placemark>
        <name>SE (-lat,+lon)  Lat#10 Lon#11</name>
        <description>SE (-lat,+lon)
Lat token: 0°42′29″
Lon token: 56°10′07″
lat=-0.708056, lon=56.168611</description>
        <Point>
          <altitudeMode>clampToGround</altitudeMode>
          <coordinates>56.168611,-0.708056,0</coordinates>
        </Point>
      </Placemark>
      <Placemark>
        <name>SE (-lat,+lon)  Lat#10 Lon#12</name>
        <description>SE (-lat,+lon)
Lat token: 0°42′29″
Lon token: 25°37′56″
lat=-0.708056, lon=25.632222</description>
        <Point>
          <altitudeMode>clampToGround</altitudeMode>
          <coordinates>25.632222,-0.708056,0</coordinates>
        </Point>
      </Placemark>
      <Placemark>
        <name>SE (-lat,+lon)  Lat#11 Lon#1</name>
        <description>SE (-lat,+lon)
Lat token: 14°39′57″
Lon token: 3°03′19″
lat=-14.665833, lon=3.055278</description>
        <Point>
          <altitudeMode>clampToGround</altitudeMode>
          <coordinates>3.055278,-14.665833,0</coordinates>
        </Point>
      </Placemark>
      <Placemark>
        <name>SE (-lat,+lon)  Lat#11 Lon#2</name>
        <description>SE (-lat,+lon)
Lat token: 14°39′57″
Lon token: 36°49′27″
lat=-14.665833, lon=36.824167</description>
        <Point>
          <altitudeMode>clampToGround</altitudeMode>
          <coordinates>36.824167,-14.665833,0</coordinates>
        </Point>
      </Placemark>
      <Placemark>
        <name>SE (-lat,+lon)  Lat#11 Lon#3</name>
        <description>SE (-lat,+lon)
Lat token: 14°39′57″
Lon token: 60°35′28″
lat=-14.665833, lon=60.591111</description>
        <Point>
          <altitudeMode>clampToGround</altitudeMode>
          <coordinates>60.591111,-14.665833,0</coordinates>
        </Point>
      </Placemark>
      <Placemark>
        <name>SE (-lat,+lon)  Lat#11 Lon#4</name>
        <description>SE (-lat,+lon)
Lat token: 14°39′57″
Lon token: 100°29′16″
lat=-14.665833, lon=100.487778</description>
        <Point>
          <altitudeMode>clampToGround</altitudeMode>
          <coordinates>100.487778,-14.665833,0</coordinates>
        </Point>
      </Placemark>
      <Placemark>
        <name>SE (-lat,+lon)  Lat#11 Lon#5</name>
        <description>SE (-lat,+lon)
Lat token: 14°39′57″
Lon token: 140°42′54″
lat=-14.665833, lon=140.715000</description>
        <Point>
          <altitudeMode>clampToGround</altitudeMode>
          <coordinates>140.715000,-14.665833,0</coordinates>
        </Point>
      </Placemark>
      <Placemark>
        <name>SE (-lat,+lon)  Lat#11 Lon#6</name>
        <description>SE (-lat,+lon)
Lat token: 14°39′57″
Lon token: 155°23′32″
lat=-14.665833, lon=155.392222</description>
        <Point>
          <altitudeMode>clampToGround</altitudeMode>
          <coordinates>155.392222,-14.665833,0</coordinates>
        </Point>
      </Placemark>
      <Placemark>
        <name>SE (-lat,+lon)  Lat#11 Lon#7</name>
        <description>SE (-lat,+lon)
Lat token: 14°39′57″
Lon token: 169°51′01″
lat=-14.665833, lon=169.850278</description>
        <Point>
          <altitudeMode>clampToGround</altitudeMode>
          <coordinates>169.850278,-14.665833,0</coordinates>
        </Point>
      </Placemark>
      <Placemark>
        <name>SE (-lat,+lon)  Lat#11 Lon#8</name>
        <description>SE (-lat,+lon)
Lat token: 14°39′57″
Lon token: 134°59′04″
lat=-14.665833, lon=134.984444</description>
        <Point>
          <altitudeMode>clampToGround</altitudeMode>
          <coordinates>134.984444,-14.665833,0</coordinates>
        </Point>
      </Placemark>
      <Placemark>
        <name>SE (-lat,+lon)  Lat#11 Lon#9</name>
        <description>SE (-lat,+lon)
Lat token: 14°39′57″
Lon token: 113°29′38″
lat=-14.665833, lon=113.493889</description>
        <Point>
          <altitudeMode>clampToGround</altitudeMode>
          <coordinates>113.493889,-14.665833,0</coordinates>
        </Point>
      </Placemark>
      <Placemark>
        <name>SE (-lat,+lon)  Lat#11 Lon#10</name>
        <description>SE (-lat,+lon)
Lat token: 14°39′57″
Lon token: 79°53′01″
lat=-14.665833, lon=79.883611</description>
        <Point>
          <altitudeMode>clampToGround</altitudeMode>
          <coordinates>79.883611,-14.665833,0</coordinates>
        </Point>
      </Placemark>
      <Placemark>
        <name>SE (-lat,+lon)  Lat#11 Lon#11</name>
        <description>SE (-lat,+lon)
Lat token: 14°39′57″
Lon token: 56°10′07″
lat=-14.665833, lon=56.168611</description>
        <Point>
          <altitudeMode>clampToGround</altitudeMode>
          <coordinates>56.168611,-14.665833,0</coordinates>
        </Point>
      </Placemark>
      <Placemark>
        <name>SE (-lat,+lon)  Lat#11 Lon#12</name>
        <description>SE (-lat,+lon)
Lat token: 14°39′57″
Lon token: 25°37′56″
lat=-14.665833, lon=25.632222</description>
        <Point>
          <altitudeMode>clampToGround</altitudeMode>
          <coordinates>25.632222,-14.665833,0</coordinates>
        </Point>
      </Placemark>
      <Placemark>
        <name>SE (-lat,+lon)  Lat#12 Lon#1</name>
        <description>SE (-lat,+lon)
Lat token: 3°50′56″
Lon token: 3°03′19″
lat=-3.848889, lon=3.055278</description>
        <Point>
          <altitudeMode>clampToGround</altitudeMode>
          <coordinates>3.055278,-3.848889,0</coordinates>
        </Point>
      </Placemark>
      <Placemark>
        <name>SE (-lat,+lon)  Lat#12 Lon#2</name>
        <description>SE (-lat,+lon)
Lat token: 3°50′56″
Lon token: 36°49′27″
lat=-3.848889, lon=36.824167</description>
        <Point>
          <altitudeMode>clampToGround</altitudeMode>
          <coordinates>36.824167,-3.848889,0</coordinates>
        </Point>
      </Placemark>
      <Placemark>
        <name>SE (-lat,+lon)  Lat#12 Lon#3</name>
        <description>SE (-lat,+lon)
Lat token: 3°50′56″
Lon token: 60°35′28″
lat=-3.848889, lon=60.591111</description>
        <Point>
          <altitudeMode>clampToGround</altitudeMode>
          <coordinates>60.591111,-3.848889,0</coordinates>
        </Point>
      </Placemark>
      <Placemark>
        <name>SE (-lat,+lon)  Lat#12 Lon#4</name>
        <description>SE (-lat,+lon)
Lat token: 3°50′56″
Lon token: 100°29′16″
lat=-3.848889, lon=100.487778</description>
        <Point>
          <altitudeMode>clampToGround</altitudeMode>
          <coordinates>100.487778,-3.848889,0</coordinates>
        </Point>
      </Placemark>
      <Placemark>
        <name>SE (-lat,+lon)  Lat#12 Lon#5</name>
        <description>SE (-lat,+lon)
Lat token: 3°50′56″
Lon token: 140°42′54″
lat=-3.848889, lon=140.715000</description>
        <Point>
          <altitudeMode>clampToGround</altitudeMode>
          <coordinates>140.715000,-3.848889,0</coordinates>
        </Point>
      </Placemark>
      <Placemark>
        <name>SE (-lat,+lon)  Lat#12 Lon#6</name>
        <description>SE (-lat,+lon)
Lat token: 3°50′56″
Lon token: 155°23′32″
lat=-3.848889, lon=155.392222</description>
        <Point>
          <altitudeMode>clampToGround</altitudeMode>
          <coordinates>155.392222,-3.848889,0</coordinates>
        </Point>
      </Placemark>
      <Placemark>
        <name>SE (-lat,+lon)  Lat#12 Lon#7</name>
        <description>SE (-lat,+lon)
Lat token: 3°50′56″
Lon token: 169°51′01″
lat=-3.848889, lon=169.850278</description>
        <Point>
          <altitudeMode>clampToGround</altitudeMode>
          <coordinates>169.850278,-3.848889,0</coordinates>
        </Point>
      </Placemark>
      <Placemark>
        <name>SE (-lat,+lon)  Lat#12 Lon#8</name>
        <description>SE (-lat,+lon)
Lat token: 3°50′56″
Lon token: 134°59′04″
lat=-3.848889, lon=134.984444</description>
        <Point>
          <altitudeMode>clampToGround</altitudeMode>
          <coordinates>134.984444,-3.848889,0</coordinates>
        </Point>
      </Placemark>
      <Placemark>
        <name>SE (-lat,+lon)  Lat#12 Lon#9</name>
        <description>SE (-lat,+lon)
Lat token: 3°50′56″
Lon token: 113°29′38″
lat=-3.848889, lon=113.493889</description>
        <Point>
          <altitudeMode>clampToGround</altitudeMode>
          <coordinates>113.493889,-3.848889,0</coordinates>
        </Point>
      </Placemark>
      <Placemark>
        <name>SE (-lat,+lon)  Lat#12 Lon#10</name>
        <description>SE (-lat,+lon)
Lat token: 3°50′56″
Lon token: 79°53′01″
lat=-3.848889, lon=79.883611</description>
        <Point>
          <altitudeMode>clampToGround</altitudeMode>
          <coordinates>79.883611,-3.848889,0</coordinates>
        </Point>
      </Placemark>
      <Placemark>
        <name>SE (-lat,+lon)  Lat#12 Lon#11</name>
        <description>SE (-lat,+lon)
Lat token: 3°50′56″
Lon token: 56°10′07″
lat=-3.848889, lon=56.168611</description>
        <Point>
          <altitudeMode>clampToGround</altitudeMode>
          <coordinates>56.168611,-3.848889,0</coordinates>
        </Point>
      </Placemark>
      <Placemark>
        <name>SE (-lat,+lon)  Lat#12 Lon#12</name>
        <description>SE (-lat,+lon)
Lat token: 3°50′56″
Lon token: 25°37′56″
lat=-3.848889, lon=25.632222</description>
        <Point>
          <altitudeMode>clampToGround</altitudeMode>
          <coordinates>25.632222,-3.848889,0</coordinates>
        </Point>
      </Placemark>
    </Folder>
    <Folder>
      <name>SW (-lat,-lon)</name>
      <Placemark>
        <name>SW (-lat,-lon)  Lat#1 Lon#1</name>
        <description>SW (-lat,-lon)
Lat token: 32°45′06″
Lon token: 3°03′19″
lat=-32.751667, lon=-3.055278</description>
        <Point>
          <altitudeMode>clampToGround</altitudeMode>
          <coordinates>-3.055278,-32.751667,0</coordinates>
        </Point>
      </Placemark>
      <Placemark>
        <name>SW (-lat,-lon)  Lat#1 Lon#2</name>
        <description>SW (-lat,-lon)
Lat token: 32°45′06″
Lon token: 36°49′27″
lat=-32.751667, lon=-36.824167</description>
        <Point>
          <altitudeMode>clampToGround</altitudeMode>
          <coordinates>-36.824167,-32.751667,0</coordinates>
        </Point>
      </Placemark>
      <Placemark>
        <name>SW (-lat,-lon)  Lat#1 Lon#3</name>
        <description>SW (-lat,-lon)
Lat token: 32°45′06″
Lon token: 60°35′28″
lat=-32.751667, lon=-60.591111</description>
        <Point>
          <altitudeMode>clampToGround</altitudeMode>
          <coordinates>-60.591111,-32.751667,0</coordinates>
        </Point>
      </Placemark>
      <Placemark>
        <name>SW (-lat,-lon)  Lat#1 Lon#4</name>
        <description>SW (-lat,-lon)
Lat token: 32°45′06″
Lon token: 100°29′16″
lat=-32.751667, lon=-100.487778</description>
        <Point>
          <altitudeMode>clampToGround</altitudeMode>
          <coordinates>-100.487778,-32.751667,0</coordinates>
        </Point>
      </Placemark>
      <Placemark>
        <name>SW (-lat,-lon)  Lat#1 Lon#5</name>
        <description>SW (-lat,-lon)
Lat token: 32°45′06″
Lon token: 140°42′54″
lat=-32.751667, lon=-140.715000</description>
        <Point>
          <altitudeMode>clampToGround</altitudeMode>
          <coordinates>-140.715000,-32.751667,0</coordinates>
        </Point>
      </Placemark>
      <Placemark>
        <name>SW (-lat,-lon)  Lat#1 Lon#6</name>
        <description>SW (-lat,-lon)
Lat token: 32°45′06″
Lon token: 155°23′32″
lat=-32.751667, lon=-155.392222</description>
        <Point>
          <altitudeMode>clampToGround</altitudeMode>
          <coordinates>-155.392222,-32.751667,0</coordinates>
        </Point>
      </Placemark>
      <Placemark>
        <name>SW (-lat,-lon)  Lat#1 Lon#7</name>
        <description>SW (-lat,-lon)
Lat token: 32°45′06″
Lon token: 169°51′01″
lat=-32.751667, lon=-169.850278</description>
        <Point>
          <altitudeMode>clampToGround</altitudeMode>
          <coordinates>-169.850278,-32.751667,0</coordinates>
        </Point>
      </Placemark>
      <Placemark>
        <name>SW (-lat,-lon)  Lat#1 Lon#8</name>
        <description>SW (-lat,-lon)
Lat token: 32°45′06″
Lon token: 134°59′04″
lat=-32.751667, lon=-134.984444</description>
        <Point>
          <altitudeMode>clampToGround</altitudeMode>
          <coordinates>-134.984444,-32.751667,0</coordinates>
        </Point>
      </Placemark>
      <Placemark>
        <name>SW (-lat,-lon)  Lat#1 Lon#9</name>
        <description>SW (-lat,-lon)
Lat token: 32°45′06″
Lon token: 113°29′38″
lat=-32.751667, lon=-113.493889</description>
        <Point>
          <altitudeMode>clampToGround</altitudeMode>
          <coordinates>-113.493889,-32.751667,0</coordinates>
        </Point>
      </Placemark>
      <Placemark>
        <name>SW (-lat,-lon)  Lat#1 Lon#10</name>
        <description>SW (-lat,-lon)
Lat token: 32°45′06″
Lon token: 79°53′01″
lat=-32.751667, lon=-79.883611</description>
        <Point>
          <altitudeMode>clampToGround</altitudeMode>
          <coordinates>-79.883611,-32.751667,0</coordinates>
        </Point>
      </Placemark>
      <Placemark>
        <name>SW (-lat,-lon)  Lat#1 Lon#11</name>
        <description>SW (-lat,-lon)
Lat token: 32°45′06″
Lon token: 56°10′07″
lat=-32.751667, lon=-56.168611</description>
        <Point>
          <altitudeMode>clampToGround</altitudeMode>
          <coordinates>-56.168611,-32.751667,0</coordinates>
        </Point>
      </Placemark>
      <Placemark>
        <name>SW (-lat,-lon)  Lat#1 Lon#12</name>
        <description>SW (-lat,-lon)
Lat token: 32°45′06″
Lon token: 25°37′56″
lat=-32.751667, lon=-25.632222</description>
        <Point>
          <altitudeMode>clampToGround</altitudeMode>
          <coordinates>-25.632222,-32.751667,0</coordinates>
        </Point>
      </Placemark>
      <Placemark>
        <name>SW (-lat,-lon)  Lat#2 Lon#1</name>
        <description>SW (-lat,-lon)
Lat token: 30°02′40″
Lon token: 3°03′19″
lat=-30.044444, lon=-3.055278</description>
        <Point>
          <altitudeMode>clampToGround</altitudeMode>
          <coordinates>-3.055278,-30.044444,0</coordinates>
        </Point>
      </Placemark>
      <Placemark>
        <name>SW (-lat,-lon)  Lat#2 Lon#2</name>
        <description>SW (-lat,-lon)
Lat token: 30°02′40″
Lon token: 36°49′27″
lat=-30.044444, lon=-36.824167</description>
        <Point>
          <altitudeMode>clampToGround</altitudeMode>
          <coordinates>-36.824167,-30.044444,0</coordinates>
        </Point>
      </Placemark>
      <Placemark>
        <name>SW (-lat,-lon)  Lat#2 Lon#3</name>
        <description>SW (-lat,-lon)
Lat token: 30°02′40″
Lon token: 60°35′28″
lat=-30.044444, lon=-60.591111</description>
        <Point>
          <altitudeMode>clampToGround</altitudeMode>
          <coordinates>-60.591111,-30.044444,0</coordinates>
        </Point>
      </Placemark>
      <Placemark>
        <name>SW (-lat,-lon)  Lat#2 Lon#4</name>
        <description>SW (-lat,-lon)
Lat token: 30°02′40″
Lon token: 100°29′16″
lat=-30.044444, lon=-100.487778</description>
        <Point>
          <altitudeMode>clampToGround</altitudeMode>
          <coordinates>-100.487778,-30.044444,0</coordinates>
        </Point>
      </Placemark>
      <Placemark>
        <name>SW (-lat,-lon)  Lat#2 Lon#5</name>
        <description>SW (-lat,-lon)
Lat token: 30°02′40″
Lon token: 140°42′54″
lat=-30.044444, lon=-140.715000</description>
        <Point>
          <altitudeMode>clampToGround</altitudeMode>
          <coordinates>-140.715000,-30.044444,0</coordinates>
        </Point>
      </Placemark>
      <Placemark>
        <name>SW (-lat,-lon)  Lat#2 Lon#6</name>
        <description>SW (-lat,-lon)
Lat token: 30°02′40″
Lon token: 155°23′32″
lat=-30.044444, lon=-155.392222</description>
        <Point>
          <altitudeMode>clampToGround</altitudeMode>
          <coordinates>-155.392222,-30.044444,0</coordinates>
        </Point>
      </Placemark>
      <Placemark>
        <name>SW (-lat,-lon)  Lat#2 Lon#7</name>
        <description>SW (-lat,-lon)
Lat token: 30°02′40″
Lon token: 169°51′01″
lat=-30.044444, lon=-169.850278</description>
        <Point>
          <altitudeMode>clampToGround</altitudeMode>
          <coordinates>-169.850278,-30.044444,0</coordinates>
        </Point>
      </Placemark>
      <Placemark>
        <name>SW (-lat,-lon)  Lat#2 Lon#8</name>
        <description>SW (-lat,-lon)
Lat token: 30°02′40″
Lon token: 134°59′04″
lat=-30.044444, lon=-134.984444</description>
        <Point>
          <altitudeMode>clampToGround</altitudeMode>
          <coordinates>-134.984444,-30.044444,0</coordinates>
        </Point>
      </Placemark>
      <Placemark>
        <name>SW (-lat,-lon)  Lat#2 Lon#9</name>
        <description>SW (-lat,-lon)
Lat token: 30°02′40″
Lon token: 113°29′38″
lat=-30.044444, lon=-113.493889</description>
        <Point>
          <altitudeMode>clampToGround</altitudeMode>
          <coordinates>-113.493889,-30.044444,0</coordinates>
        </Point>
      </Placemark>
      <Placemark>
        <name>SW (-lat,-lon)  Lat#2 Lon#10</name>
        <description>SW (-lat,-lon)
Lat token: 30°02′40″
Lon token: 79°53′01″
lat=-30.044444, lon=-79.883611</description>
        <Point>
          <altitudeMode>clampToGround</altitudeMode>
          <coordinates>-79.883611,-30.044444,0</coordinates>
        </Point>
      </Placemark>
      <Placemark>
        <name>SW (-lat,-lon)  Lat#2 Lon#11</name>
        <description>SW (-lat,-lon)
Lat token: 30°02′40″
Lon token: 56°10′07″
lat=-30.044444, lon=-56.168611</description>
        <Point>
          <altitudeMode>clampToGround</altitudeMode>
          <coordinates>-56.168611,-30.044444,0</coordinates>
        </Point>
      </Placemark>
      <Placemark>
        <name>SW (-lat,-lon)  Lat#2 Lon#12</name>
        <description>SW (-lat,-lon)
Lat token: 30°02′40″
Lon token: 25°37′56″
lat=-30.044444, lon=-25.632222</description>
        <Point>
          <altitudeMode>clampToGround</altitudeMode>
          <coordinates>-25.632222,-30.044444,0</coordinates>
        </Point>
      </Placemark>
      <Placemark>
        <name>SW (-lat,-lon)  Lat#3 Lon#1</name>
        <description>SW (-lat,-lon)
Lat token: 40°27′00″
Lon token: 3°03′19″
lat=-40.450000, lon=-3.055278</description>
        <Point>
          <altitudeMode>clampToGround</altitudeMode>
          <coordinates>-3.055278,-40.450000,0</coordinates>
        </Point>
      </Placemark>
      <Placemark>
        <name>SW (-lat,-lon)  Lat#3 Lon#2</name>
        <description>SW (-lat,-lon)
Lat token: 40°27′00″
Lon token: 36°49′27″
lat=-40.450000, lon=-36.824167</description>
        <Point>
          <altitudeMode>clampToGround</altitudeMode>
          <coordinates>-36.824167,-40.450000,0</coordinates>
        </Point>
      </Placemark>
      <Placemark>
        <name>SW (-lat,-lon)  Lat#3 Lon#3</name>
        <description>SW (-lat,-lon)
Lat token: 40°27′00″
Lon token: 60°35′28″
lat=-40.450000, lon=-60.591111</description>
        <Point>
          <altitudeMode>clampToGround</altitudeMode>
          <coordinates>-60.591111,-40.450000,0</coordinates>
        </Point>
      </Placemark>
      <Placemark>
        <name>SW (-lat,-lon)  Lat#3 Lon#4</name>
        <description>SW (-lat,-lon)
Lat token: 40°27′00″
Lon token: 100°29′16″
lat=-40.450000, lon=-100.487778</description>
        <Point>
          <altitudeMode>clampToGround</altitudeMode>
          <coordinates>-100.487778,-40.450000,0</coordinates>
        </Point>
      </Placemark>
      <Placemark>
        <name>SW (-lat,-lon)  Lat#3 Lon#5</name>
        <description>SW (-lat,-lon)
Lat token: 40°27′00″
Lon token: 140°42′54″
lat=-40.450000, lon=-140.715000</description>
        <Point>
          <altitudeMode>clampToGround</altitudeMode>
          <coordinates>-140.715000,-40.450000,0</coordinates>
        </Point>
      </Placemark>
      <Placemark>
        <name>SW (-lat,-lon)  Lat#3 Lon#6</name>
        <description>SW (-lat,-lon)
Lat token: 40°27′00″
Lon token: 155°23′32″
lat=-40.450000, lon=-155.392222</description>
        <Point>
          <altitudeMode>clampToGround</altitudeMode>
          <coordinates>-155.392222,-40.450000,0</coordinates>
        </Point>
      </Placemark>
      <Placemark>
        <name>SW (-lat,-lon)  Lat#3 Lon#7</name>
        <description>SW (-lat,-lon)
Lat token: 40°27′00″
Lon token: 169°51′01″
lat=-40.450000, lon=-169.850278</description>
        <Point>
          <altitudeMode>clampToGround</altitudeMode>
          <coordinates>-169.850278,-40.450000,0</coordinates>
        </Point>
      </Placemark>
      <Placemark>
        <name>SW (-lat,-lon)  Lat#3 Lon#8</name>
        <description>SW (-lat,-lon)
Lat token: 40°27′00″
Lon token: 134°59′04″
lat=-40.450000, lon=-134.984444</description>
        <Point>
          <altitudeMode>clampToGround</altitudeMode>
          <coordinates>-134.984444,-40.450000,0</coordinates>
        </Point>
      </Placemark>
      <Placemark>
        <name>SW (-lat,-lon)  Lat#3 Lon#9</name>
        <description>SW (-lat,-lon)
Lat token: 40°27′00″
Lon token: 113°29′38″
lat=-40.450000, lon=-113.493889</description>
        <Point>
          <altitudeMode>clampToGround</altitudeMode>
          <coordinates>-113.493889,-40.450000,0</coordinates>
        </Point>
      </Placemark>
      <Placemark>
        <name>SW (-lat,-lon)  Lat#3 Lon#10</name>
        <description>SW (-lat,-lon)
Lat token: 40°27′00″
Lon token: 79°53′01″
lat=-40.450000, lon=-79.883611</description>
        <Point>
          <altitudeMode>clampToGround</altitudeMode>
          <coordinates>-79.883611,-40.450000,0</coordinates>
        </Point>
      </Placemark>
      <Placemark>
        <name>SW (-lat,-lon)  Lat#3 Lon#11</name>
        <description>SW (-lat,-lon)
Lat token: 40°27′00″
Lon token: 56°10′07″
lat=-40.450000, lon=-56.168611</description>
        <Point>
          <altitudeMode>clampToGround</altitudeMode>
          <coordinates>-56.168611,-40.450000,0</coordinates>
        </Point>
      </Placemark>
      <Placemark>
        <name>SW (-lat,-lon)  Lat#3 Lon#12</name>
        <description>SW (-lat,-lon)
Lat token: 40°27′00″
Lon token: 25°37′56″
lat=-40.450000, lon=-25.632222</description>
        <Point>
          <altitudeMode>clampToGround</altitudeMode>
          <coordinates>-25.632222,-40.450000,0</coordinates>
        </Point>
      </Placemark>
      <Placemark>
        <name>SW (-lat,-lon)  Lat#4 Lon#1</name>
        <description>SW (-lat,-lon)
Lat token: 42°52′29″
Lon token: 3°03′19″
lat=-42.874722, lon=-3.055278</description>
        <Point>
          <altitudeMode>clampToGround</altitudeMode>
          <coordinates>-3.055278,-42.874722,0</coordinates>
        </Point>
      </Placemark>
      <Placemark>
        <name>SW (-lat,-lon)  Lat#4 Lon#2</name>
        <description>SW (-lat,-lon)
Lat token: 42°52′29″
Lon token: 36°49′27″
lat=-42.874722, lon=-36.824167</description>
        <Point>
          <altitudeMode>clampToGround</altitudeMode>
          <coordinates>-36.824167,-42.874722,0</coordinates>
        </Point>
      </Placemark>
      <Placemark>
        <name>SW (-lat,-lon)  Lat#4 Lon#3</name>
        <description>SW (-lat,-lon)
Lat token: 42°52′29″
Lon token: 60°35′28″
lat=-42.874722, lon=-60.591111</description>
        <Point>
          <altitudeMode>clampToGround</altitudeMode>
          <coordinates>-60.591111,-42.874722,0</coordinates>
        </Point>
      </Placemark>
      <Placemark>
        <name>SW (-lat,-lon)  Lat#4 Lon#4</name>
        <description>SW (-lat,-lon)
Lat token: 42°52′29″
Lon token: 100°29′16″
lat=-42.874722, lon=-100.487778</description>
        <Point>
          <altitudeMode>clampToGround</altitudeMode>
          <coordinates>-100.487778,-42.874722,0</coordinates>
        </Point>
      </Placemark>
      <Placemark>
        <name>SW (-lat,-lon)  Lat#4 Lon#5</name>
        <description>SW (-lat,-lon)
Lat token: 42°52′29″
Lon token: 140°42′54″
lat=-42.874722, lon=-140.715000</description>
        <Point>
          <altitudeMode>clampToGround</altitudeMode>
          <coordinates>-140.715000,-42.874722,0</coordinates>
        </Point>
      </Placemark>
      <Placemark>
        <name>SW (-lat,-lon)  Lat#4 Lon#6</name>
        <description>SW (-lat,-lon)
Lat token: 42°52′29″
Lon token: 155°23′32″
lat=-42.874722, lon=-155.392222</description>
        <Point>
          <altitudeMode>clampToGround</altitudeMode>
          <coordinates>-155.392222,-42.874722,0</coordinates>
        </Point>
      </Placemark>
      <Placemark>
        <name>SW (-lat,-lon)  Lat#4 Lon#7</name>
        <description>SW (-lat,-lon)
Lat token: 42°52′29″
Lon token: 169°51′01″
lat=-42.874722, lon=-169.850278</description>
        <Point>
          <altitudeMode>clampToGround</altitudeMode>
          <coordinates>-169.850278,-42.874722,0</coordinates>
        </Point>
      </Placemark>
      <Placemark>
        <name>SW (-lat,-lon)  Lat#4 Lon#8</name>
        <description>SW (-lat,-lon)
Lat token: 42°52′29″
Lon token: 134°59′04″
lat=-42.874722, lon=-134.984444</description>
        <Point>
          <altitudeMode>clampToGround</altitudeMode>
          <coordinates>-134.984444,-42.874722,0</coordinates>
        </Point>
      </Placemark>
      <Placemark>
        <name>SW (-lat,-lon)  Lat#4 Lon#9</name>
        <description>SW (-lat,-lon)
Lat token: 42°52′29″
Lon token: 113°29′38″
lat=-42.874722, lon=-113.493889</description>
        <Point>
          <altitudeMode>clampToGround</altitudeMode>
          <coordinates>-113.493889,-42.874722,0</coordinates>
        </Point>
      </Placemark>
      <Placemark>
        <name>SW (-lat,-lon)  Lat#4 Lon#10</name>
        <description>SW (-lat,-lon)
Lat token: 42°52′29″
Lon token: 79°53′01″
lat=-42.874722, lon=-79.883611</description>
        <Point>
          <altitudeMode>clampToGround</altitudeMode>
          <coordinates>-79.883611,-42.874722,0</coordinates>
        </Point>
      </Placemark>
      <Placemark>
        <name>SW (-lat,-lon)  Lat#4 Lon#11</name>
        <description>SW (-lat,-lon)
Lat token: 42°52′29″
Lon token: 56°10′07″
lat=-42.874722, lon=-56.168611</description>
        <Point>
          <altitudeMode>clampToGround</altitudeMode>
          <coordinates>-56.168611,-42.874722,0</coordinates>
        </Point>
      </Placemark>
      <Placemark>
        <name>SW (-lat,-lon)  Lat#4 Lon#12</name>
        <description>SW (-lat,-lon)
Lat token: 42°52′29″
Lon token: 25°37′56″
lat=-42.874722, lon=-25.632222</description>
        <Point>
          <altitudeMode>clampToGround</altitudeMode>
          <coordinates>-25.632222,-42.874722,0</coordinates>
        </Point>
      </Placemark>
      <Placemark>
        <name>SW (-lat,-lon)  Lat#5 Lon#1</name>
        <description>SW (-lat,-lon)
Lat token: 31°14′09″
Lon token: 3°03′19″
lat=-31.235833, lon=-3.055278</description>
        <Point>
          <altitudeMode>clampToGround</altitudeMode>
          <coordinates>-3.055278,-31.235833,0</coordinates>
        </Point>
      </Placemark>
      <Placemark>
        <name>SW (-lat,-lon)  Lat#5 Lon#2</name>
        <description>SW (-lat,-lon)
Lat token: 31°14′09″
Lon token: 36°49′27″
lat=-31.235833, lon=-36.824167</description>
        <Point>
          <altitudeMode>clampToGround</altitudeMode>
          <coordinates>-36.824167,-31.235833,0</coordinates>
        </Point>
      </Placemark>
      <Placemark>
        <name>SW (-lat,-lon)  Lat#5 Lon#3</name>
        <description>SW (-lat,-lon)
Lat token: 31°14′09″
Lon token: 60°35′28″
lat=-31.235833, lon=-60.591111</description>
        <Point>
          <altitudeMode>clampToGround</altitudeMode>
          <coordinates>-60.591111,-31.235833,0</coordinates>
        </Point>
      </Placemark>
      <Placemark>
        <name>SW (-lat,-lon)  Lat#5 Lon#4</name>
        <description>SW (-lat,-lon)
Lat token: 31°14′09″
Lon token: 100°29′16″
lat=-31.235833, lon=-100.487778</description>
        <Point>
          <altitudeMode>clampToGround</altitudeMode>
          <coordinates>-100.487778,-31.235833,0</coordinates>
        </Point>
      </Placemark>
      <Placemark>
        <name>SW (-lat,-lon)  Lat#5 Lon#5</name>
        <description>SW (-lat,-lon)
Lat token: 31°14′09″
Lon token: 140°42′54″
lat=-31.235833, lon=-140.715000</description>
        <Point>
          <altitudeMode>clampToGround</altitudeMode>
          <coordinates>-140.715000,-31.235833,0</coordinates>
        </Point>
      </Placemark>
      <Placemark>
        <name>SW (-lat,-lon)  Lat#5 Lon#6</name>
        <description>SW (-lat,-lon)
Lat token: 31°14′09″
Lon token: 155°23′32″
lat=-31.235833, lon=-155.392222</description>
        <Point>
          <altitudeMode>clampToGround</altitudeMode>
          <coordinates>-155.392222,-31.235833,0</coordinates>
        </Point>
      </Placemark>
      <Placemark>
        <name>SW (-lat,-lon)  Lat#5 Lon#7</name>
        <description>SW (-lat,-lon)
Lat token: 31°14′09″
Lon token: 169°51′01″
lat=-31.235833, lon=-169.850278</description>
        <Point>
          <altitudeMode>clampToGround</altitudeMode>
          <coordinates>-169.850278,-31.235833,0</coordinates>
        </Point>
      </Placemark>
      <Placemark>
        <name>SW (-lat,-lon)  Lat#5 Lon#8</name>
        <description>SW (-lat,-lon)
Lat token: 31°14′09″
Lon token: 134°59′04″
lat=-31.235833, lon=-134.984444</description>
        <Point>
          <altitudeMode>clampToGround</altitudeMode>
          <coordinates>-134.984444,-31.235833,0</coordinates>
        </Point>
      </Placemark>
      <Placemark>
        <name>SW (-lat,-lon)  Lat#5 Lon#9</name>
        <description>SW (-lat,-lon)
Lat token: 31°14′09″
Lon token: 113°29′38″
lat=-31.235833, lon=-113.493889</description>
        <Point>
          <altitudeMode>clampToGround</altitudeMode>
          <coordinates>-113.493889,-31.235833,0</coordinates>
        </Point>
      </Placemark>
      <Placemark>
        <name>SW (-lat,-lon)  Lat#5 Lon#10</name>
        <description>SW (-lat,-lon)
Lat token: 31°14′09″
Lon token: 79°53′01″
lat=-31.235833, lon=-79.883611</description>
        <Point>
          <altitudeMode>clampToGround</altitudeMode>
          <coordinates>-79.883611,-31.235833,0</coordinates>
        </Point>
      </Placemark>
      <Placemark>
        <name>SW (-lat,-lon)  Lat#5 Lon#11</name>
        <description>SW (-lat,-lon)
Lat token: 31°14′09″
Lon token: 56°10′07″
lat=-31.235833, lon=-56.168611</description>
        <Point>
          <altitudeMode>clampToGround</altitudeMode>
          <coordinates>-56.168611,-31.235833,0</coordinates>
        </Point>
      </Placemark>
      <Placemark>
        <name>SW (-lat,-lon)  Lat#5 Lon#12</name>
        <description>SW (-lat,-lon)
Lat token: 31°14′09″
Lon token: 25°37′56″
lat=-31.235833, lon=-25.632222</description>
        <Point>
          <altitudeMode>clampToGround</altitudeMode>
          <coordinates>-25.632222,-31.235833,0</coordinates>
        </Point>
      </Placemark>
      <Placemark>
        <name>SW (-lat,-lon)  Lat#6 Lon#1</name>
        <description>SW (-lat,-lon)
Lat token: 27°26′54″
Lon token: 3°03′19″
lat=-27.448333, lon=-3.055278</description>
        <Point>
          <altitudeMode>clampToGround</altitudeMode>
          <coordinates>-3.055278,-27.448333,0</coordinates>
        </Point>
      </Placemark>
      <Placemark>
        <name>SW (-lat,-lon)  Lat#6 Lon#2</name>
        <description>SW (-lat,-lon)
Lat token: 27°26′54″
Lon token: 36°49′27″
lat=-27.448333, lon=-36.824167</description>
        <Point>
          <altitudeMode>clampToGround</altitudeMode>
          <coordinates>-36.824167,-27.448333,0</coordinates>
        </Point>
      </Placemark>
      <Placemark>
        <name>SW (-lat,-lon)  Lat#6 Lon#3</name>
        <description>SW (-lat,-lon)
Lat token: 27°26′54″
Lon token: 60°35′28″
lat=-27.448333, lon=-60.591111</description>
        <Point>
          <altitudeMode>clampToGround</altitudeMode>
          <coordinates>-60.591111,-27.448333,0</coordinates>
        </Point>
      </Placemark>
      <Placemark>
        <name>SW (-lat,-lon)  Lat#6 Lon#4</name>
        <description>SW (-lat,-lon)
Lat token: 27°26′54″
Lon token: 100°29′16″
lat=-27.448333, lon=-100.487778</description>
        <Point>
          <altitudeMode>clampToGround</altitudeMode>
          <coordinates>-100.487778,-27.448333,0</coordinates>
        </Point>
      </Placemark>
      <Placemark>
        <name>SW (-lat,-lon)  Lat#6 Lon#5</name>
        <description>SW (-lat,-lon)
Lat token: 27°26′54″
Lon token: 140°42′54″
lat=-27.448333, lon=-140.715000</description>
        <Point>
          <altitudeMode>clampToGround</altitudeMode>
          <coordinates>-140.715000,-27.448333,0</coordinates>
        </Point>
      </Placemark>
      <Placemark>
        <name>SW (-lat,-lon)  Lat#6 Lon#6</name>
        <description>SW (-lat,-lon)
Lat token: 27°26′54″
Lon token: 155°23′32″
lat=-27.448333, lon=-155.392222</description>
        <Point>
          <altitudeMode>clampToGround</altitudeMode>
          <coordinates>-155.392222,-27.448333,0</coordinates>
        </Point>
      </Placemark>
      <Placemark>
        <name>SW (-lat,-lon)  Lat#6 Lon#7</name>
        <description>SW (-lat,-lon)
Lat token: 27°26′54″
Lon token: 169°51′01″
lat=-27.448333, lon=-169.850278</description>
        <Point>
          <altitudeMode>clampToGround</altitudeMode>
          <coordinates>-169.850278,-27.448333,0</coordinates>
        </Point>
      </Placemark>
      <Placemark>
        <name>SW (-lat,-lon)  Lat#6 Lon#8</name>
        <description>SW (-lat,-lon)
Lat token: 27°26′54″
Lon token: 134°59′04″
lat=-27.448333, lon=-134.984444</description>
        <Point>
          <altitudeMode>clampToGround</altitudeMode>
          <coordinates>-134.984444,-27.448333,0</coordinates>
        </Point>
      </Placemark>
      <Placemark>
        <name>SW (-lat,-lon)  Lat#6 Lon#9</name>
        <description>SW (-lat,-lon)
Lat token: 27°26′54″
Lon token: 113°29′38″
lat=-27.448333, lon=-113.493889</description>
        <Point>
          <altitudeMode>clampToGround</altitudeMode>
          <coordinates>-113.493889,-27.448333,0</coordinates>
        </Point>
      </Placemark>
      <Placemark>
        <name>SW (-lat,-lon)  Lat#6 Lon#10</name>
        <description>SW (-lat,-lon)
Lat token: 27°26′54″
Lon token: 79°53′01″
lat=-27.448333, lon=-79.883611</description>
        <Point>
          <altitudeMode>clampToGround</altitudeMode>
          <coordinates>-79.883611,-27.448333,0</coordinates>
        </Point>
      </Placemark>
      <Placemark>
        <name>SW (-lat,-lon)  Lat#6 Lon#11</name>
        <description>SW (-lat,-lon)
Lat token: 27°26′54″
Lon token: 56°10′07″
lat=-27.448333, lon=-56.168611</description>
        <Point>
          <altitudeMode>clampToGround</altitudeMode>
          <coordinates>-56.168611,-27.448333,0</coordinates>
        </Point>
      </Placemark>
      <Placemark>
        <name>SW (-lat,-lon)  Lat#6 Lon#12</name>
        <description>SW (-lat,-lon)
Lat token: 27°26′54″
Lon token: 25°37′56″
lat=-27.448333, lon=-25.632222</description>
        <Point>
          <altitudeMode>clampToGround</altitudeMode>
          <coordinates>-25.632222,-27.448333,0</coordinates>
        </Point>
      </Placemark>
      <Placemark>
        <name>SW (-lat,-lon)  Lat#7 Lon#1</name>
        <description>SW (-lat,-lon)
Lat token: 36°52′01″
Lon token: 3°03′19″
lat=-36.866944, lon=-3.055278</description>
        <Point>
          <altitudeMode>clampToGround</altitudeMode>
          <coordinates>-3.055278,-36.866944,0</coordinates>
        </Point>
      </Placemark>
      <Placemark>
        <name>SW (-lat,-lon)  Lat#7 Lon#2</name>
        <description>SW (-lat,-lon)
Lat token: 36°52′01″
Lon token: 36°49′27″
lat=-36.866944, lon=-36.824167</description>
        <Point>
          <altitudeMode>clampToGround</altitudeMode>
          <coordinates>-36.824167,-36.866944,0</coordinates>
        </Point>
      </Placemark>
      <Placemark>
        <name>SW (-lat,-lon)  Lat#7 Lon#3</name>
        <description>SW (-lat,-lon)
Lat token: 36°52′01″
Lon token: 60°35′28″
lat=-36.866944, lon=-60.591111</description>
        <Point>
          <altitudeMode>clampToGround</altitudeMode>
          <coordinates>-60.591111,-36.866944,0</coordinates>
        </Point>
      </Placemark>
      <Placemark>
        <name>SW (-lat,-lon)  Lat#7 Lon#4</name>
        <description>SW (-lat,-lon)
Lat token: 36°52′01″
Lon token: 100°29′16″
lat=-36.866944, lon=-100.487778</description>
        <Point>
          <altitudeMode>clampToGround</altitudeMode>
          <coordinates>-100.487778,-36.866944,0</coordinates>
        </Point>
      </Placemark>
      <Placemark>
        <name>SW (-lat,-lon)  Lat#7 Lon#5</name>
        <description>SW (-lat,-lon)
Lat token: 36°52′01″
Lon token: 140°42′54″
lat=-36.866944, lon=-140.715000</description>
        <Point>
          <altitudeMode>clampToGround</altitudeMode>
          <coordinates>-140.715000,-36.866944,0</coordinates>
        </Point>
      </Placemark>
      <Placemark>
        <name>SW (-lat,-lon)  Lat#7 Lon#6</name>
        <description>SW (-lat,-lon)
Lat token: 36°52′01″
Lon token: 155°23′32″
lat=-36.866944, lon=-155.392222</description>
        <Point>
          <altitudeMode>clampToGround</altitudeMode>
          <coordinates>-155.392222,-36.866944,0</coordinates>
        </Point>
      </Placemark>
      <Placemark>
        <name>SW (-lat,-lon)  Lat#7 Lon#7</name>
        <description>SW (-lat,-lon)
Lat token: 36°52′01″
Lon token: 169°51′01″
lat=-36.866944, lon=-169.850278</description>
        <Point>
          <altitudeMode>clampToGround</altitudeMode>
          <coordinates>-169.850278,-36.866944,0</coordinates>
        </Point>
      </Placemark>
      <Placemark>
        <name>SW (-lat,-lon)  Lat#7 Lon#8</name>
        <description>SW (-lat,-lon)
Lat token: 36°52′01″
Lon token: 134°59′04″
lat=-36.866944, lon=-134.984444</description>
        <Point>
          <altitudeMode>clampToGround</altitudeMode>
          <coordinates>-134.984444,-36.866944,0</coordinates>
        </Point>
      </Placemark>
      <Placemark>
        <name>SW (-lat,-lon)  Lat#7 Lon#9</name>
        <description>SW (-lat,-lon)
Lat token: 36°52′01″
Lon token: 113°29′38″
lat=-36.866944, lon=-113.493889</description>
        <Point>
          <altitudeMode>clampToGround</altitudeMode>
          <coordinates>-113.493889,-36.866944,0</coordinates>
        </Point>
      </Placemark>
      <Placemark>
        <name>SW (-lat,-lon)  Lat#7 Lon#10</name>
        <description>SW (-lat,-lon)
Lat token: 36°52′01″
Lon token: 79°53′01″
lat=-36.866944, lon=-79.883611</description>
        <Point>
          <altitudeMode>clampToGround</altitudeMode>
          <coordinates>-79.883611,-36.866944,0</coordinates>
        </Point>
      </Placemark>
      <Placemark>
        <name>SW (-lat,-lon)  Lat#7 Lon#11</name>
        <description>SW (-lat,-lon)
Lat token: 36°52′01″
Lon token: 56°10′07″
lat=-36.866944, lon=-56.168611</description>
        <Point>
          <altitudeMode>clampToGround</altitudeMode>
          <coordinates>-56.168611,-36.866944,0</coordinates>
        </Point>
      </Placemark>
      <Placemark>
        <name>SW (-lat,-lon)  Lat#7 Lon#12</name>
        <description>SW (-lat,-lon)
Lat token: 36°52′01″
Lon token: 25°37′56″
lat=-36.866944, lon=-25.632222</description>
        <Point>
          <altitudeMode>clampToGround</altitudeMode>
          <coordinates>-25.632222,-36.866944,0</coordinates>
        </Point>
      </Placemark>
      <Placemark>
        <name>SW (-lat,-lon)  Lat#8 Lon#1</name>
        <description>SW (-lat,-lon)
Lat token: 21°14′08″
Lon token: 3°03′19″
lat=-21.235556, lon=-3.055278</description>
        <Point>
          <altitudeMode>clampToGround</altitudeMode>
          <coordinates>-3.055278,-21.235556,0</coordinates>
        </Point>
      </Placemark>
      <Placemark>
        <name>SW (-lat,-lon)  Lat#8 Lon#2</name>
        <description>SW (-lat,-lon)
Lat token: 21°14′08″
Lon token: 36°49′27″
lat=-21.235556, lon=-36.824167</description>
        <Point>
          <altitudeMode>clampToGround</altitudeMode>
          <coordinates>-36.824167,-21.235556,0</coordinates>
        </Point>
      </Placemark>
      <Placemark>
        <name>SW (-lat,-lon)  Lat#8 Lon#3</name>
        <description>SW (-lat,-lon)
Lat token: 21°14′08″
Lon token: 60°35′28″
lat=-21.235556, lon=-60.591111</description>
        <Point>
          <altitudeMode>clampToGround</altitudeMode>
          <coordinates>-60.591111,-21.235556,0</coordinates>
        </Point>
      </Placemark>
      <Placemark>
        <name>SW (-lat,-lon)  Lat#8 Lon#4</name>
        <description>SW (-lat,-lon)
Lat token: 21°14′08″
Lon token: 100°29′16″
lat=-21.235556, lon=-100.487778</description>
        <Point>
          <altitudeMode>clampToGround</altitudeMode>
          <coordinates>-100.487778,-21.235556,0</coordinates>
        </Point>
      </Placemark>
      <Placemark>
        <name>SW (-lat,-lon)  Lat#8 Lon#5</name>
        <description>SW (-lat,-lon)
Lat token: 21°14′08″
Lon token: 140°42′54″
lat=-21.235556, lon=-140.715000</description>
        <Point>
          <altitudeMode>clampToGround</altitudeMode>
          <coordinates>-140.715000,-21.235556,0</coordinates>
        </Point>
      </Placemark>
      <Placemark>
        <name>SW (-lat,-lon)  Lat#8 Lon#6</name>
        <description>SW (-lat,-lon)
Lat token: 21°14′08″
Lon token: 155°23′32″
lat=-21.235556, lon=-155.392222</description>
        <Point>
          <altitudeMode>clampToGround</altitudeMode>
          <coordinates>-155.392222,-21.235556,0</coordinates>
        </Point>
      </Placemark>
      <Placemark>
        <name>SW (-lat,-lon)  Lat#8 Lon#7</name>
        <description>SW (-lat,-lon)
Lat token: 21°14′08″
Lon token: 169°51′01″
lat=-21.235556, lon=-169.850278</description>
        <Point>
          <altitudeMode>clampToGround</altitudeMode>
          <coordinates>-169.850278,-21.235556,0</coordinates>
        </Point>
      </Placemark>
      <Placemark>
        <name>SW (-lat,-lon)  Lat#8 Lon#8</name>
        <description>SW (-lat,-lon)
Lat token: 21°14′08″
Lon token: 134°59′04″
lat=-21.235556, lon=-134.984444</description>
        <Point>
          <altitudeMode>clampToGround</altitudeMode>
          <coordinates>-134.984444,-21.235556,0</coordinates>
        </Point>
      </Placemark>
      <Placemark>
        <name>SW (-lat,-lon)  Lat#8 Lon#9</name>
        <description>SW (-lat,-lon)
Lat token: 21°14′08″
Lon token: 113°29′38″
lat=-21.235556, lon=-113.493889</description>
        <Point>
          <altitudeMode>clampToGround</altitudeMode>
          <coordinates>-113.493889,-21.235556,0</coordinates>
        </Point>
      </Placemark>
      <Placemark>
        <name>SW (-lat,-lon)  Lat#8 Lon#10</name>
        <description>SW (-lat,-lon)
Lat token: 21°14′08″
Lon token: 79°53′01″
lat=-21.235556, lon=-79.883611</description>
        <Point>
          <altitudeMode>clampToGround</altitudeMode>
          <coordinates>-79.883611,-21.235556,0</coordinates>
        </Point>
      </Placemark>
      <Placemark>
        <name>SW (-lat,-lon)  Lat#8 Lon#11</name>
        <description>SW (-lat,-lon)
Lat token: 21°14′08″
Lon token: 56°10′07″
lat=-21.235556, lon=-56.168611</description>
        <Point>
          <altitudeMode>clampToGround</altitudeMode>
          <coordinates>-56.168611,-21.235556,0</coordinates>
        </Point>
      </Placemark>
      <Placemark>
        <name>SW (-lat,-lon)  Lat#8 Lon#12</name>
        <description>SW (-lat,-lon)
Lat token: 21°14′08″
Lon token: 25°37′56″
lat=-21.235556, lon=-25.632222</description>
        <Point>
          <altitudeMode>clampToGround</altitudeMode>
          <coordinates>-25.632222,-21.235556,0</coordinates>
        </Point>
      </Placemark>
      <Placemark>
        <name>SW (-lat,-lon)  Lat#9 Lon#1</name>
        <description>SW (-lat,-lon)
Lat token: 32°30′47″
Lon token: 3°03′19″
lat=-32.513056, lon=-3.055278</description>
        <Point>
          <altitudeMode>clampToGround</altitudeMode>
          <coordinates>-3.055278,-32.513056,0</coordinates>
        </Point>
      </Placemark>
      <Placemark>
        <name>SW (-lat,-lon)  Lat#9 Lon#2</name>
        <description>SW (-lat,-lon)
Lat token: 32°30′47″
Lon token: 36°49′27″
lat=-32.513056, lon=-36.824167</description>
        <Point>
          <altitudeMode>clampToGround</altitudeMode>
          <coordinates>-36.824167,-32.513056,0</coordinates>
        </Point>
      </Placemark>
      <Placemark>
        <name>SW (-lat,-lon)  Lat#9 Lon#3</name>
        <description>SW (-lat,-lon)
Lat token: 32°30′47″
Lon token: 60°35′28″
lat=-32.513056, lon=-60.591111</description>
        <Point>
          <altitudeMode>clampToGround</altitudeMode>
          <coordinates>-60.591111,-32.513056,0</coordinates>
        </Point>
      </Placemark>
      <Placemark>
        <name>SW (-lat,-lon)  Lat#9 Lon#4</name>
        <description>SW (-lat,-lon)
Lat token: 32°30′47″
Lon token: 100°29′16″
lat=-32.513056, lon=-100.487778</description>
        <Point>
          <altitudeMode>clampToGround</altitudeMode>
          <coordinates>-100.487778,-32.513056,0</coordinates>
        </Point>
      </Placemark>
      <Placemark>
        <name>SW (-lat,-lon)  Lat#9 Lon#5</name>
        <description>SW (-lat,-lon)
Lat token: 32°30′47″
Lon token: 140°42′54″
lat=-32.513056, lon=-140.715000</description>
        <Point>
          <altitudeMode>clampToGround</altitudeMode>
          <coordinates>-140.715000,-32.513056,0</coordinates>
        </Point>
      </Placemark>
      <Placemark>
        <name>SW (-lat,-lon)  Lat#9 Lon#6</name>
        <description>SW (-lat,-lon)
Lat token: 32°30′47″
Lon token: 155°23′32″
lat=-32.513056, lon=-155.392222</description>
        <Point>
          <altitudeMode>clampToGround</altitudeMode>
          <coordinates>-155.392222,-32.513056,0</coordinates>
        </Point>
      </Placemark>
      <Placemark>
        <name>SW (-lat,-lon)  Lat#9 Lon#7</name>
        <description>SW (-lat,-lon)
Lat token: 32°30′47″
Lon token: 169°51′01″
lat=-32.513056, lon=-169.850278</description>
        <Point>
          <altitudeMode>clampToGround</altitudeMode>
          <coordinates>-169.850278,-32.513056,0</coordinates>
        </Point>
      </Placemark>
      <Placemark>
        <name>SW (-lat,-lon)  Lat#9 Lon#8</name>
        <description>SW (-lat,-lon)
Lat token: 32°30′47″
Lon token: 134°59′04″
lat=-32.513056, lon=-134.984444</description>
        <Point>
          <altitudeMode>clampToGround</altitudeMode>
          <coordinates>-134.984444,-32.513056,0</coordinates>
        </Point>
      </Placemark>
      <Placemark>
        <name>SW (-lat,-lon)  Lat#9 Lon#9</name>
        <description>SW (-lat,-lon)
Lat token: 32°30′47″
Lon token: 113°29′38″
lat=-32.513056, lon=-113.493889</description>
        <Point>
          <altitudeMode>clampToGround</altitudeMode>
          <coordinates>-113.493889,-32.513056,0</coordinates>
        </Point>
      </Placemark>
      <Placemark>
        <name>SW (-lat,-lon)  Lat#9 Lon#10</name>
        <description>SW (-lat,-lon)
Lat token: 32°30′47″
Lon token: 79°53′01″
lat=-32.513056, lon=-79.883611</description>
        <Point>
          <altitudeMode>clampToGround</altitudeMode>
          <coordinates>-79.883611,-32.513056,0</coordinates>
        </Point>
      </Placemark>
      <Placemark>
        <name>SW (-lat,-lon)  Lat#9 Lon#11</name>
        <description>SW (-lat,-lon)
Lat token: 32°30′47″
Lon token: 56°10′07″
lat=-32.513056, lon=-56.168611</description>
        <Point>
          <altitudeMode>clampToGround</altitudeMode>
          <coordinates>-56.168611,-32.513056,0</coordinates>
        </Point>
      </Placemark>
      <Placemark>
        <name>SW (-lat,-lon)  Lat#9 Lon#12</name>
        <description>SW (-lat,-lon)
Lat token: 32°30′47″
Lon token: 25°37′56″
lat=-32.513056, lon=-25.632222</description>
        <Point>
          <altitudeMode>clampToGround</altitudeMode>
          <coordinates>-25.632222,-32.513056,0</coordinates>
        </Point>
      </Placemark>
      <Placemark>
        <name>SW (-lat,-lon)  Lat#10 Lon#1</name>
        <description>SW (-lat,-lon)
Lat token: 0°42′29″
Lon token: 3°03′19″
lat=-0.708056, lon=-3.055278</description>
        <Point>
          <altitudeMode>clampToGround</altitudeMode>
          <coordinates>-3.055278,-0.708056,0</coordinates>
        </Point>
      </Placemark>
      <Placemark>
        <name>SW (-lat,-lon)  Lat#10 Lon#2</name>
        <description>SW (-lat,-lon)
Lat token: 0°42′29″
Lon token: 36°49′27″
lat=-0.708056, lon=-36.824167</description>
        <Point>
          <altitudeMode>clampToGround</altitudeMode>
          <coordinates>-36.824167,-0.708056,0</coordinates>
        </Point>
      </Placemark>
      <Placemark>
        <name>SW (-lat,-lon)  Lat#10 Lon#3</name>
        <description>SW (-lat,-lon)
Lat token: 0°42′29″
Lon token: 60°35′28″
lat=-0.708056, lon=-60.591111</description>
        <Point>
          <altitudeMode>clampToGround</altitudeMode>
          <coordinates>-60.591111,-0.708056,0</coordinates>
        </Point>
      </Placemark>
      <Placemark>
        <name>SW (-lat,-lon)  Lat#10 Lon#4</name>
        <description>SW (-lat,-lon)
Lat token: 0°42′29″
Lon token: 100°29′16″
lat=-0.708056, lon=-100.487778</description>
        <Point>
          <altitudeMode>clampToGround</altitudeMode>
          <coordinates>-100.487778,-0.708056,0</coordinates>
        </Point>
      </Placemark>
      <Placemark>
        <name>SW (-lat,-lon)  Lat#10 Lon#5</name>
        <description>SW (-lat,-lon)
Lat token: 0°42′29″
Lon token: 140°42′54″
lat=-0.708056, lon=-140.715000</description>
        <Point>
          <altitudeMode>clampToGround</altitudeMode>
          <coordinates>-140.715000,-0.708056,0</coordinates>
        </Point>
      </Placemark>
      <Placemark>
        <name>SW (-lat,-lon)  Lat#10 Lon#6</name>
        <description>SW (-lat,-lon)
Lat token: 0°42′29″
Lon token: 155°23′32″
lat=-0.708056, lon=-155.392222</description>
        <Point>
          <altitudeMode>clampToGround</altitudeMode>
          <coordinates>-155.392222,-0.708056,0</coordinates>
        </Point>
      </Placemark>
      <Placemark>
        <name>SW (-lat,-lon)  Lat#10 Lon#7</name>
        <description>SW (-lat,-lon)
Lat token: 0°42′29″
Lon token: 169°51′01″
lat=-0.708056, lon=-169.850278</description>
        <Point>
          <altitudeMode>clampToGround</altitudeMode>
          <coordinates>-169.850278,-0.708056,0</coordinates>
        </Point>
      </Placemark>
      <Placemark>
        <name>SW (-lat,-lon)  Lat#10 Lon#8</name>
        <description>SW (-lat,-lon)
Lat token: 0°42′29″
Lon token: 134°59′04″
lat=-0.708056, lon=-134.984444</description>
        <Point>
          <altitudeMode>clampToGround</altitudeMode>
          <coordinates>-134.984444,-0.708056,0</coordinates>
        </Point>
      </Placemark>
      <Placemark>
        <name>SW (-lat,-lon)  Lat#10 Lon#9</name>
        <description>SW (-lat,-lon)
Lat token: 0°42′29″
Lon token: 113°29′38″
lat=-0.708056, lon=-113.493889</description>
        <Point>
          <altitudeMode>clampToGround</altitudeMode>
          <coordinates>-113.493889,-0.708056,0</coordinates>
        </Point>
      </Placemark>
      <Placemark>
        <name>SW (-lat,-lon)  Lat#10 Lon#10</name>
        <description>SW (-lat,-lon)
Lat token: 0°42′29″
Lon token: 79°53′01″
lat=-0.708056, lon=-79.883611</description>
        <Point>
          <altitudeMode>clampToGround</altitudeMode>
          <coordinates>-79.883611,-0.708056,0</coordinates>
        </Point>
      </Placemark>
      <Placemark>
        <name>SW (-lat,-lon)  Lat#10 Lon#11</name>
        <description>SW (-lat,-lon)
Lat token: 0°42′29″
Lon token: 56°10′07″
lat=-0.708056, lon=-56.168611</description>
        <Point>
          <altitudeMode>clampToGround</altitudeMode>
          <coordinates>-56.168611,-0.708056,0</coordinates>
        </Point>
      </Placemark>
      <Placemark>
        <name>SW (-lat,-lon)  Lat#10 Lon#12</name>
        <description>SW (-lat,-lon)
Lat token: 0°42′29″
Lon token: 25°37′56″
lat=-0.708056, lon=-25.632222</description>
        <Point>
          <altitudeMode>clampToGround</altitudeMode>
          <coordinates>-25.632222,-0.708056,0</coordinates>
        </Point>
      </Placemark>
      <Placemark>
        <name>SW (-lat,-lon)  Lat#11 Lon#1</name>
        <description>SW (-lat,-lon)
Lat token: 14°39′57″
Lon token: 3°03′19″
lat=-14.665833, lon=-3.055278</description>
        <Point>
          <altitudeMode>clampToGround</altitudeMode>
          <coordinates>-3.055278,-14.665833,0</coordinates>
        </Point>
      </Placemark>
      <Placemark>
        <name>SW (-lat,-lon)  Lat#11 Lon#2</name>
        <description>SW (-lat,-lon)
Lat token: 14°39′57″
Lon token: 36°49′27″
lat=-14.665833, lon=-36.824167</description>
        <Point>
          <altitudeMode>clampToGround</altitudeMode>
          <coordinates>-36.824167,-14.665833,0</coordinates>
        </Point>
      </Placemark>
      <Placemark>
        <name>SW (-lat,-lon)  Lat#11 Lon#3</name>
        <description>SW (-lat,-lon)
Lat token: 14°39′57″
Lon token: 60°35′28″
lat=-14.665833, lon=-60.591111</description>
        <Point>
          <altitudeMode>clampToGround</altitudeMode>
          <coordinates>-60.591111,-14.665833,0</coordinates>
        </Point>
      </Placemark>
      <Placemark>
        <name>SW (-lat,-lon)  Lat#11 Lon#4</name>
        <description>SW (-lat,-lon)
Lat token: 14°39′57″
Lon token: 100°29′16″
lat=-14.665833, lon=-100.487778</description>
        <Point>
          <altitudeMode>clampToGround</altitudeMode>
          <coordinates>-100.487778,-14.665833,0</coordinates>
        </Point>
      </Placemark>
      <Placemark>
        <name>SW (-lat,-lon)  Lat#11 Lon#5</name>
        <description>SW (-lat,-lon)
Lat token: 14°39′57″
Lon token: 140°42′54″
lat=-14.665833, lon=-140.715000</description>
        <Point>
          <altitudeMode>clampToGround</altitudeMode>
          <coordinates>-140.715000,-14.665833,0</coordinates>
        </Point>
      </Placemark>
      <Placemark>
        <name>SW (-lat,-lon)  Lat#11 Lon#6</name>
        <description>SW (-lat,-lon)
Lat token: 14°39′57″
Lon token: 155°23′32″
lat=-14.665833, lon=-155.392222</description>
        <Point>
          <altitudeMode>clampToGround</altitudeMode>
          <coordinates>-155.392222,-14.665833,0</coordinates>
        </Point>
      </Placemark>
      <Placemark>
        <name>SW (-lat,-lon)  Lat#11 Lon#7</name>
        <description>SW (-lat,-lon)
Lat token: 14°39′57″
Lon token: 169°51′01″
lat=-14.665833, lon=-169.850278</description>
        <Point>
          <altitudeMode>clampToGround</altitudeMode>
          <coordinates>-169.850278,-14.665833,0</coordinates>
        </Point>
      </Placemark>
      <Placemark>
        <name>SW (-lat,-lon)  Lat#11 Lon#8</name>
        <description>SW (-lat,-lon)
Lat token: 14°39′57″
Lon token: 134°59′04″
lat=-14.665833, lon=-134.984444</description>
        <Point>
          <altitudeMode>clampToGround</altitudeMode>
          <coordinates>-134.984444,-14.665833,0</coordinates>
        </Point>
      </Placemark>
      <Placemark>
        <name>SW (-lat,-lon)  Lat#11 Lon#9</name>
        <description>SW (-lat,-lon)
Lat token: 14°39′57″
Lon token: 113°29′38″
lat=-14.665833, lon=-113.493889</description>
        <Point>
          <altitudeMode>clampToGround</altitudeMode>
          <coordinates>-113.493889,-14.665833,0</coordinates>
        </Point>
      </Placemark>
      <Placemark>
        <name>SW (-lat,-lon)  Lat#11 Lon#10</name>
        <description>SW (-lat,-lon)
Lat token: 14°39′57″
Lon token: 79°53′01″
lat=-14.665833, lon=-79.883611</description>
        <Point>
          <altitudeMode>clampToGround</altitudeMode>
          <coordinates>-79.883611,-14.665833,0</coordinates>
        </Point>
      </Placemark>
      <Placemark>
        <name>SW (-lat,-lon)  Lat#11 Lon#11</name>
        <description>SW (-lat,-lon)
Lat token: 14°39′57″
Lon token: 56°10′07″
lat=-14.665833, lon=-56.168611</description>
        <Point>
          <altitudeMode>clampToGround</altitudeMode>
          <coordinates>-56.168611,-14.665833,0</coordinates>
        </Point>
      </Placemark>
      <Placemark>
        <name>SW (-lat,-lon)  Lat#11 Lon#12</name>
        <description>SW (-lat,-lon)
Lat token: 14°39′57″
Lon token: 25°37′56″
lat=-14.665833, lon=-25.632222</description>
        <Point>
          <altitudeMode>clampToGround</altitudeMode>
          <coordinates>-25.632222,-14.665833,0</coordinates>
        </Point>
      </Placemark>
      <Placemark>
        <name>SW (-lat,-lon)  Lat#12 Lon#1</name>
        <description>SW (-lat,-lon)
Lat token: 3°50′56″
Lon token: 3°03′19″
lat=-3.848889, lon=-3.055278</description>
        <Point>
          <altitudeMode>clampToGround</altitudeMode>
          <coordinates>-3.055278,-3.848889,0</coordinates>
        </Point>
      </Placemark>
      <Placemark>
        <name>SW (-lat,-lon)  Lat#12 Lon#2</name>
        <description>SW (-lat,-lon)
Lat token: 3°50′56″
Lon token: 36°49′27″
lat=-3.848889, lon=-36.824167</description>
        <Point>
          <altitudeMode>clampToGround</altitudeMode>
          <coordinates>-36.824167,-3.848889,0</coordinates>
        </Point>
      </Placemark>
      <Placemark>
        <name>SW (-lat,-lon)  Lat#12 Lon#3</name>
        <description>SW (-lat,-lon)
Lat token: 3°50′56″
Lon token: 60°35′28″
lat=-3.848889, lon=-60.591111</description>
        <Point>
          <altitudeMode>clampToGround</altitudeMode>
          <coordinates>-60.591111,-3.848889,0</coordinates>
        </Point>
      </Placemark>
      <Placemark>
        <name>SW (-lat,-lon)  Lat#12 Lon#4</name>
        <description>SW (-lat,-lon)
Lat token: 3°50′56″
Lon token: 100°29′16″
lat=-3.848889, lon=-100.487778</description>
        <Point>
          <altitudeMode>clampToGround</altitudeMode>
          <coordinates>-100.487778,-3.848889,0</coordinates>
        </Point>
      </Placemark>
      <Placemark>
        <name>SW (-lat,-lon)  Lat#12 Lon#5</name>
        <description>SW (-lat,-lon)
Lat token: 3°50′56″
Lon token: 140°42′54″
lat=-3.848889, lon=-140.715000</description>
        <Point>
          <altitudeMode>clampToGround</altitudeMode>
          <coordinates>-140.715000,-3.848889,0</coordinates>
        </Point>
      </Placemark>
      <Placemark>
        <name>SW (-lat,-lon)  Lat#12 Lon#6</name>
        <description>SW (-lat,-lon)
Lat token: 3°50′56″
Lon token: 155°23′32″
lat=-3.848889, lon=-155.392222</description>
        <Point>
          <altitudeMode>clampToGround</altitudeMode>
          <coordinates>-155.392222,-3.848889,0</coordinates>
        </Point>
      </Placemark>
      <Placemark>
        <name>SW (-lat,-lon)  Lat#12 Lon#7</name>
        <description>SW (-lat,-lon)
Lat token: 3°50′56″
Lon token: 169°51′01″
lat=-3.848889, lon=-169.850278</description>
        <Point>
          <altitudeMode>clampToGround</altitudeMode>
          <coordinates>-169.850278,-3.848889,0</coordinates>
        </Point>
      </Placemark>
      <Placemark>
        <name>SW (-lat,-lon)  Lat#12 Lon#8</name>
        <description>SW (-lat,-lon)
Lat token: 3°50′56″
Lon token: 134°59′04″
lat=-3.848889, lon=-134.984444</description>
        <Point>
          <altitudeMode>clampToGround</altitudeMode>
          <coordinates>-134.984444,-3.848889,0</coordinates>
        </Point>
      </Placemark>
      <Placemark>
        <name>SW (-lat,-lon)  Lat#12 Lon#9</name>
        <description>SW (-lat,-lon)
Lat token: 3°50′56″
Lon token: 113°29′38″
lat=-3.848889, lon=-113.493889</description>
        <Point>
          <altitudeMode>clampToGround</altitudeMode>
          <coordinates>-113.493889,-3.848889,0</coordinates>
        </Point>
      </Placemark>
      <Placemark>
        <name>SW (-lat,-lon)  Lat#12 Lon#10</name>
        <description>SW (-lat,-lon)
Lat token: 3°50′56″
Lon token: 79°53′01″
lat=-3.848889, lon=-79.883611</description>
        <Point>
          <altitudeMode>clampToGround</altitudeMode>
          <coordinates>-79.883611,-3.848889,0</coordinates>
        </Point>
      </Placemark>
      <Placemark>
        <name>SW (-lat,-lon)  Lat#12 Lon#11</name>
        <description>SW (-lat,-lon)
Lat token: 3°50′56″
Lon token: 56°10′07″
lat=-3.848889, lon=-56.168611</description>
        <Point>
          <altitudeMode>clampToGround</altitudeMode>
          <coordinates>-56.168611,-3.848889,0</coordinates>
        </Point>
      </Placemark>
      <Placemark>
        <name>SW (-lat,-lon)  Lat#12 Lon#12</name>
        <description>SW (-lat,-lon)
Lat token: 3°50′56″
Lon token: 25°37′56″
lat=-3.848889, lon=-25.632222</description>
        <Point>
          <altitudeMode>clampToGround</altitudeMode>
          <coordinates>-25.632222,-3.848889,0</coordinates>
        </Point>
      </Placemark>
    </Folder>
  </Document>
</kml>
