<?xml version="1.0" ?>
<kml xmlns="http://www.opengis.net/kml/2.2">
  <Document>
    <name>Latitude lines (parallels)</name>
    <Folder>
      <name>North (+lat)</name>
      <Placemark>
        <name>lat = +0.708056</name>
        <LineString>
          <tessellate>1</tessellate>
          <coordinates>-180.000000,0.708056,0 -179.000000,0.708056,0 -178.000000,0.708056,0 -177.000000,0.708056,0 -176.000000,0.708056,0 -175.000000,0.708056,0 -174.000000,0.708056,0 -173.000000,0.708056,0 -172.000000,0.708056,0 -171.000000,0.708056,0 -170.000000,0.708056,0 -169.000000,0.708056,0 -168.000000,0.708056,0 -167.000000,0.708056,0 -166.000000,0.708056,0 -165.000000,0.708056,0 -164.000000,0.708056,0 -163.000000,0.708056,0 -162.000000,0.708056,0 -161.000000,0.708056,0 -160.000000,0.708056,0 -159.000000,0.708056,0 -158.000000,0.708056,0 -157.000000,0.708056,0 -156.000000,0.708056,0 -155.000000,0.708056,0 -154.000000,0.708056,0 -153.000000,0.708056,0 -152.000000,0.708056,0 -151.000000,0.708056,0 -150.000000,0.708056,0 -149.000000,0.708056,0 -148.000000,0.708056,0 -147.000000,0.708056,0 -146.000000,0.708056,0 -145.000000,0.708056,0 -144.000000,0.708056,0 -143.000000,0.708056,0 -142.000000,0.708056,0 -141.000000,0.708056,0 -140.000000,0.708056,0 -139.000000,0.708056,0 -138.000000,0.708056,0 -137.000000,0.708056,0 -136.000000,0.708056,0 -135.000000,0.708056,0 -134.000000,0.708056,0 -133.000000,0.708056,0 -132.000000,0.708056,0 -131.000000,0.708056,0 -130.000000,0.708056,0 -129.000000,0.708056,0 -128.000000,0.708056,0 -127.000000,0.708056,0 -126.000000,0.708056,0 -125.000000,0.708056,0 -124.000000,0.708056,0 -123.000000,0.708056,0 -122.000000,0.708056,0 -121.000000,0.708056,0 -120.000000,0.708056,0 -119.000000,0.708056,0 -118.000000,0.708056,0 -117.000000,0.708056,0 -116.000000,0.708056,0 -115.000000,0.708056,0 -114.000000,0.708056,0 -113.000000,0.708056,0 -112.000000,0.708056,0 -111.000000,0.708056,0 -110.000000,0.708056,0 -109.000000,0.708056,0 -108.000000,0.708056,0 -107.000000,0.708056,0 -106.000000,0.708056,0 -105.000000,0.708056,0 -104.000000,0.708056,0 -103.000000,0.708056,0 -102.000000,0.708056,0 -101.000000,0.708056,0 -100.000000,0.708056,0 -99.000000,0.708056,0 -98.000000,0.708056,0 -97.000000,0.708056,0 -96.000000,0.708056,0 -95.000000,0.708056,0 -94.000000,0.708056,0 -93.000000,0.708056,0 -92.000000,0.708056,0 -91.000000,0.708056,0 -90.000000,0.708056,0 -89.000000,0.708056,0 -88.000000,0.708056,0 -87.000000,0.708056,0 -86.000000,0.708056,0 -85.000000,0.708056,0 -84.000000,0.708056,0 -83.000000,0.708056,0 -82.000000,0.708056,0 -81.000000,0.708056,0 -80.000000,0.708056,0 -79.000000,0.708056,0 -78.000000,0.708056,0 -77.000000,0.708056,0 -76.000000,0.708056,0 -75.000000,0.708056,0 -74.000000,0.708056,0 -73.000000,0.708056,0 -72.000000,0.708056,0 -71.000000,0.708056,0 -70.000000,0.708056,0 -69.000000,0.708056,0 -68.000000,0.708056,0 -67.000000,0.708056,0 -66.000000,0.708056,0 -65.000000,0.708056,0 -64.000000,0.708056,0 -63.000000,0.708056,0 -62.000000,0.708056,0 -61.000000,0.708056,0 -60.000000,0.708056,0 -59.000000,0.708056,0 -58.000000,0.708056,0 -57.000000,0.708056,0 -56.000000,0.708056,0 -55.000000,0.708056,0 -54.000000,0.708056,0 -53.000000,0.708056,0 -52.000000,0.708056,0 -51.000000,0.708056,0 -50.000000,0.708056,0 -49.000000,0.708056,0 -48.000000,0.708056,0 -47.000000,0.708056,0 -46.000000,0.708056,0 -45.000000,0.708056,0 -44.000000,0.708056,0 -43.000000,0.708056,0 -42.000000,0.708056,0 -41.000000,0.708056,0 -40.000000,0.708056,0 -39.000000,0.708056,0 -38.000000,0.708056,0 -37.000000,0.708056,0 -36.000000,0.708056,0 -35.000000,0.708056,0 -34.000000,0.708056,0 -33.000000,0.708056,0 -32.000000,0.708056,0 -31.000000,0.708056,0 -30.000000,0.708056,0 -29.000000,0.708056,0 -28.000000,0.708056,0 -27.000000,0.708056,0 -26.000000,0.708056,0 -25.000000,0.708056,0 -24.000000,0.708056,0 -23.000000,0.708056,0 -22.000000,0.708056,0 -21.000000,0.708056,0 -20.000000,0.708056,0 -19.000000,0.708056,0 -18.000000,0.708056,0 -17.000000,0.708056,0 -16.000000,0.708056,0 -15.000000,0.708056,0 -14.000000,0.708056,0 -13.000000,0.708056,0 -12.000000,0.708056,0 -11.000000,0.708056,0 -10.000000,0.708056,0 -9.000000,0.708056,0 -8.000000,0.708056,0 -7.000000,0.708056,0 -6.000000,0.708056,0 -5.000000,0.708056,0 -4.000000,0.708056,0 -3.000000,0.708056,0 -2.000000,0.708056,0 -1.000000,0.708056,0 0.000000,0.708056,0 1.000000,0.708056,0 2.000000,0.708056,0 3.000000,0.708056,0 4.000000,0.708056,0 5.000000,0.708056,0 6.000000,0.708056,0 7.000000,0.708056,0 8.000000,0.708056,0 9.000000,0.708056,0 10.000000,0.708056,0 11.000000,0.708056,0 12.000000,0.708056,0 13.000000,0.708056,0 14.000000,0.708056,0 15.000000,0.708056,0 16.000000,0.708056,0 17.000000,0.708056,0 18.000000,0.708056,0 19.000000,0.708056,0 20.000000,0.708056,0 21.000000,0.708056,0 22.000000,0.708056,0 23.000000,0.708056,0 24.000000,0.708056,0 25.000000,0.708056,0 26.000000,0.708056,0 27.000000,0.708056,0 28.000000,0.708056,0 29.000000,0.708056,0 30.000000,0.708056,0 31.000000,0.708056,0 32.000000,0.708056,0 33.000000,0.708056,0 34.000000,0.708056,0 35.000000,0.708056,0 36.000000,0.708056,0 37.000000,0.708056,0 38.000000,0.708056,0 39.000000,0.708056,0 40.000000,0.708056,0 41.000000,0.708056,0 42.000000,0.708056,0 43.000000,0.708056,0 44.000000,0.708056,0 45.000000,0.708056,0 46.000000,0.708056,0 47.000000,0.708056,0 48.000000,0.708056,0 49.000000,0.708056,0 50.000000,0.708056,0 51.000000,0.708056,0 52.000000,0.708056,0 53.000000,0.708056,0 54.000000,0.708056,0 55.000000,0.708056,0 56.000000,0.708056,0 57.000000,0.708056,0 58.000000,0.708056,0 59.000000,0.708056,0 60.000000,0.708056,0 61.000000,0.708056,0 62.000000,0.708056,0 63.000000,0.708056,0 64.000000,0.708056,0 65.000000,0.708056,0 66.000000,0.708056,0 67.000000,0.708056,0 68.000000,0.708056,0 69.000000,0.708056,0 70.000000,0.708056,0 71.000000,0.708056,0 72.000000,0.708056,0 73.000000,0.708056,0 74.000000,0.708056,0 75.000000,0.708056,0 76.000000,0.708056,0 77.000000,0.708056,0 78.000000,0.708056,0 79.000000,0.708056,0 80.000000,0.708056,0 81.000000,0.708056,0 82.000000,0.708056,0 83.000000,0.708056,0 84.000000,0.708056,0 85.000000,0.708056,0 86.000000,0.708056,0 87.000000,0.708056,0 88.000000,0.708056,0 89.000000,0.708056,0 90.000000,0.708056,0 91.000000,0.708056,0 92.000000,0.708056,0 93.000000,0.708056,0 94.000000,0.708056,0 95.000000,0.708056,0 96.000000,0.708056,0 97.000000,0.708056,0 98.000000,0.708056,0 99.000000,0.708056,0 100.000000,0.708056,0 101.000000,0.708056,0 102.000000,0.708056,0 103.000000,0.708056,0 104.000000,0.708056,0 105.000000,0.708056,0 106.000000,0.708056,0 107.000000,0.708056,0 108.000000,0.708056,0 109.000000,0.708056,0 110.000000,0.708056,0 111.000000,0.708056,0 112.000000,0.708056,0 113.000000,0.708056,0 114.000000,0.708056,0 115.000000,0.708056,0 116.000000,0.708056,0 117.000000,0.708056,0 118.000000,0.708056,0 119.000000,0.708056,0 120.000000,0.708056,0 121.000000,0.708056,0 122.000000,0.708056,0 123.000000,0.708056,0 124.000000,0.708056,0 125.000000,0.708056,0 126.000000,0.708056,0 127.000000,0.708056,0 128.000000,0.708056,0 129.000000,0.708056,0 130.000000,0.708056,0 131.000000,0.708056,0 132.000000,0.708056,0 133.000000,0.708056,0 134.000000,0.708056,0 135.000000,0.708056,0 136.000000,0.708056,0 137.000000,0.708056,0 138.000000,0.708056,0 139.000000,0.708056,0 140.000000,0.708056,0 141.000000,0.708056,0 142.000000,0.708056,0 143.000000,0.708056,0 144.000000,0.708056,0 145.000000,0.708056,0 146.000000,0.708056,0 147.000000,0.708056,0 148.000000,0.708056,0 149.000000,0.708056,0 150.000000,0.708056,0 151.000000,0.708056,0 152.000000,0.708056,0 153.000000,0.708056,0 154.000000,0.708056,0 155.000000,0.708056,0 156.000000,0.708056,0 157.000000,0.708056,0 158.000000,0.708056,0 159.000000,0.708056,0 160.000000,0.708056,0 161.000000,0.708056,0 162.000000,0.708056,0 163.000000,0.708056,0 164.000000,0.708056,0 165.000000,0.708056,0 166.000000,0.708056,0 167.000000,0.708056,0 168.000000,0.708056,0 169.000000,0.708056,0 170.000000,0.708056,0 171.000000,0.708056,0 172.000000,0.708056,0 173.000000,0.708056,0 174.000000,0.708056,0 175.000000,0.708056,0 176.000000,0.708056,0 177.000000,0.708056,0 178.000000,0.708056,0 179.000000,0.708056,0 180.000000,0.708056,0</coordinates>
        </LineString>
      </Placemark>
      <Placemark>
        <name>lat = +3.848889</name>
        <LineString>
          <tessellate>1</tessellate>
          <coordinates>-180.000000,3.848889,0 -179.000000,3.848889,0 -178.000000,3.848889,0 -177.000000,3.848889,0 -176.000000,3.848889,0 -175.000000,3.848889,0 -174.000000,3.848889,0 -173.000000,3.848889,0 -172.000000,3.848889,0 -171.000000,3.848889,0 -170.000000,3.848889,0 -169.000000,3.848889,0 -168.000000,3.848889,0 -167.000000,3.848889,0 -166.000000,3.848889,0 -165.000000,3.848889,0 -164.000000,3.848889,0 -163.000000,3.848889,0 -162.000000,3.848889,0 -161.000000,3.848889,0 -160.000000,3.848889,0 -159.000000,3.848889,0 -158.000000,3.848889,0 -157.000000,3.848889,0 -156.000000,3.848889,0 -155.000000,3.848889,0 -154.000000,3.848889,0 -153.000000,3.848889,0 -152.000000,3.848889,0 -151.000000,3.848889,0 -150.000000,3.848889,0 -149.000000,3.848889,0 -148.000000,3.848889,0 -147.000000,3.848889,0 -146.000000,3.848889,0 -145.000000,3.848889,0 -144.000000,3.848889,0 -143.000000,3.848889,0 -142.000000,3.848889,0 -141.000000,3.848889,0 -140.000000,3.848889,0 -139.000000,3.848889,0 -138.000000,3.848889,0 -137.000000,3.848889,0 -136.000000,3.848889,0 -135.000000,3.848889,0 -134.000000,3.848889,0 -133.000000,3.848889,0 -132.000000,3.848889,0 -131.000000,3.848889,0 -130.000000,3.848889,0 -129.000000,3.848889,0 -128.000000,3.848889,0 -127.000000,3.848889,0 -126.000000,3.848889,0 -125.000000,3.848889,0 -124.000000,3.848889,0 -123.000000,3.848889,0 -122.000000,3.848889,0 -121.000000,3.848889,0 -120.000000,3.848889,0 -119.000000,3.848889,0 -118.000000,3.848889,0 -117.000000,3.848889,0 -116.000000,3.848889,0 -115.000000,3.848889,0 -114.000000,3.848889,0 -113.000000,3.848889,0 -112.000000,3.848889,0 -111.000000,3.848889,0 -110.000000,3.848889,0 -109.000000,3.848889,0 -108.000000,3.848889,0 -107.000000,3.848889,0 -106.000000,3.848889,0 -105.000000,3.848889,0 -104.000000,3.848889,0 -103.000000,3.848889,0 -102.000000,3.848889,0 -101.000000,3.848889,0 -100.000000,3.848889,0 -99.000000,3.848889,0 -98.000000,3.848889,0 -97.000000,3.848889,0 -96.000000,3.848889,0 -95.000000,3.848889,0 -94.000000,3.848889,0 -93.000000,3.848889,0 -92.000000,3.848889,0 -91.000000,3.848889,0 -90.000000,3.848889,0 -89.000000,3.848889,0 -88.000000,3.848889,0 -87.000000,3.848889,0 -86.000000,3.848889,0 -85.000000,3.848889,0 -84.000000,3.848889,0 -83.000000,3.848889,0 -82.000000,3.848889,0 -81.000000,3.848889,0 -80.000000,3.848889,0 -79.000000,3.848889,0 -78.000000,3.848889,0 -77.000000,3.848889,0 -76.000000,3.848889,0 -75.000000,3.848889,0 -74.000000,3.848889,0 -73.000000,3.848889,0 -72.000000,3.848889,0 -71.000000,3.848889,0 -70.000000,3.848889,0 -69.000000,3.848889,0 -68.000000,3.848889,0 -67.000000,3.848889,0 -66.000000,3.848889,0 -65.000000,3.848889,0 -64.000000,3.848889,0 -63.000000,3.848889,0 -62.000000,3.848889,0 -61.000000,3.848889,0 -60.000000,3.848889,0 -59.000000,3.848889,0 -58.000000,3.848889,0 -57.000000,3.848889,0 -56.000000,3.848889,0 -55.000000,3.848889,0 -54.000000,3.848889,0 -53.000000,3.848889,0 -52.000000,3.848889,0 -51.000000,3.848889,0 -50.000000,3.848889,0 -49.000000,3.848889,0 -48.000000,3.848889,0 -47.000000,3.848889,0 -46.000000,3.848889,0 -45.000000,3.848889,0 -44.000000,3.848889,0 -43.000000,3.848889,0 -42.000000,3.848889,0 -41.000000,3.848889,0 -40.000000,3.848889,0 -39.000000,3.848889,0 -38.000000,3.848889,0 -37.000000,3.848889,0 -36.000000,3.848889,0 -35.000000,3.848889,0 -34.000000,3.848889,0 -33.000000,3.848889,0 -32.000000,3.848889,0 -31.000000,3.848889,0 -30.000000,3.848889,0 -29.000000,3.848889,0 -28.000000,3.848889,0 -27.000000,3.848889,0 -26.000000,3.848889,0 -25.000000,3.848889,0 -24.000000,3.848889,0 -23.000000,3.848889,0 -22.000000,3.848889,0 -21.000000,3.848889,0 -20.000000,3.848889,0 -19.000000,3.848889,0 -18.000000,3.848889,0 -17.000000,3.848889,0 -16.000000,3.848889,0 -15.000000,3.848889,0 -14.000000,3.848889,0 -13.000000,3.848889,0 -12.000000,3.848889,0 -11.000000,3.848889,0 -10.000000,3.848889,0 -9.000000,3.848889,0 -8.000000,3.848889,0 -7.000000,3.848889,0 -6.000000,3.848889,0 -5.000000,3.848889,0 -4.000000,3.848889,0 -3.000000,3.848889,0 -2.000000,3.848889,0 -1.000000,3.848889,0 0.000000,3.848889,0 1.000000,3.848889,0 2.000000,3.848889,0 3.000000,3.848889,0 4.000000,3.848889,0 5.000000,3.848889,0 6.000000,3.848889,0 7.000000,3.848889,0 8.000000,3.848889,0 9.000000,3.848889,0 10.000000,3.848889,0 11.000000,3.848889,0 12.000000,3.848889,0 13.000000,3.848889,0 14.000000,3.848889,0 15.000000,3.848889,0 16.000000,3.848889,0 17.000000,3.848889,0 18.000000,3.848889,0 19.000000,3.848889,0 20.000000,3.848889,0 21.000000,3.848889,0 22.000000,3.848889,0 23.000000,3.848889,0 24.000000,3.848889,0 25.000000,3.848889,0 26.000000,3.848889,0 27.000000,3.848889,0 28.000000,3.848889,0 29.000000,3.848889,0 30.000000,3.848889,0 31.000000,3.848889,0 32.000000,3.848889,0 33.000000,3.848889,0 34.000000,3.848889,0 35.000000,3.848889,0 36.000000,3.848889,0 37.000000,3.848889,0 38.000000,3.848889,0 39.000000,3.848889,0 40.000000,3.848889,0 41.000000,3.848889,0 42.000000,3.848889,0 43.000000,3.848889,0 44.000000,3.848889,0 45.000000,3.848889,0 46.000000,3.848889,0 47.000000,3.848889,0 48.000000,3.848889,0 49.000000,3.848889,0 50.000000,3.848889,0 51.000000,3.848889,0 52.000000,3.848889,0 53.000000,3.848889,0 54.000000,3.848889,0 55.000000,3.848889,0 56.000000,3.848889,0 57.000000,3.848889,0 58.000000,3.848889,0 59.000000,3.848889,0 60.000000,3.848889,0 61.000000,3.848889,0 62.000000,3.848889,0 63.000000,3.848889,0 64.000000,3.848889,0 65.000000,3.848889,0 66.000000,3.848889,0 67.000000,3.848889,0 68.000000,3.848889,0 69.000000,3.848889,0 70.000000,3.848889,0 71.000000,3.848889,0 72.000000,3.848889,0 73.000000,3.848889,0 74.000000,3.848889,0 75.000000,3.848889,0 76.000000,3.848889,0 77.000000,3.848889,0 78.000000,3.848889,0 79.000000,3.848889,0 80.000000,3.848889,0 81.000000,3.848889,0 82.000000,3.848889,0 83.000000,3.848889,0 84.000000,3.848889,0 85.000000,3.848889,0 86.000000,3.848889,0 87.000000,3.848889,0 88.000000,3.848889,0 89.000000,3.848889,0 90.000000,3.848889,0 91.000000,3.848889,0 92.000000,3.848889,0 93.000000,3.848889,0 94.000000,3.848889,0 95.000000,3.848889,0 96.000000,3.848889,0 97.000000,3.848889,0 98.000000,3.848889,0 99.000000,3.848889,0 100.000000,3.848889,0 101.000000,3.848889,0 102.000000,3.848889,0 103.000000,3.848889,0 104.000000,3.848889,0 105.000000,3.848889,0 106.000000,3.848889,0 107.000000,3.848889,0 108.000000,3.848889,0 109.000000,3.848889,0 110.000000,3.848889,0 111.000000,3.848889,0 112.000000,3.848889,0 113.000000,3.848889,0 114.000000,3.848889,0 115.000000,3.848889,0 116.000000,3.848889,0 117.000000,3.848889,0 118.000000,3.848889,0 119.000000,3.848889,0 120.000000,3.848889,0 121.000000,3.848889,0 122.000000,3.848889,0 123.000000,3.848889,0 124.000000,3.848889,0 125.000000,3.848889,0 126.000000,3.848889,0 127.000000,3.848889,0 128.000000,3.848889,0 129.000000,3.848889,0 130.000000,3.848889,0 131.000000,3.848889,0 132.000000,3.848889,0 133.000000,3.848889,0 134.000000,3.848889,0 135.000000,3.848889,0 136.000000,3.848889,0 137.000000,3.848889,0 138.000000,3.848889,0 139.000000,3.848889,0 140.000000,3.848889,0 141.000000,3.848889,0 142.000000,3.848889,0 143.000000,3.848889,0 144.000000,3.848889,0 145.000000,3.848889,0 146.000000,3.848889,0 147.000000,3.848889,0 148.000000,3.848889,0 149.000000,3.848889,0 150.000000,3.848889,0 151.000000,3.848889,0 152.000000,3.848889,0 153.000000,3.848889,0 154.000000,3.848889,0 155.000000,3.848889,0 156.000000,3.848889,0 157.000000,3.848889,0 158.000000,3.848889,0 159.000000,3.848889,0 160.000000,3.848889,0 161.000000,3.848889,0 162.000000,3.848889,0 163.000000,3.848889,0 164.000000,3.848889,0 165.000000,3.848889,0 166.000000,3.848889,0 167.000000,3.848889,0 168.000000,3.848889,0 169.000000,3.848889,0 170.000000,3.848889,0 171.000000,3.848889,0 172.000000,3.848889,0 173.000000,3.848889,0 174.000000,3.848889,0 175.000000,3.848889,0 176.000000,3.848889,0 177.000000,3.848889,0 178.000000,3.848889,0 179.000000,3.848889,0 180.000000,3.848889,0</coordinates>
        </LineString>
      </Placemark>
      <Placemark>
        <name>lat = +14.665833</name>
        <LineString>
          <tessellate>1</tessellate>
          <coordinates>-180.000000,14.665833,0 -179.000000,14.665833,0 -178.000000,14.665833,0 -177.000000,14.665833,0 -176.000000,14.665833,0 -175.000000,14.665833,0 -174.000000,14.665833,0 -173.000000,14.665833,0 -172.000000,14.665833,0 -171.000000,14.665833,0 -170.000000,14.665833,0 -169.000000,14.665833,0 -168.000000,14.665833,0 -167.000000,14.665833,0 -166.000000,14.665833,0 -165.000000,14.665833,0 -164.000000,14.665833,0 -163.000000,14.665833,0 -162.000000,14.665833,0 -161.000000,14.665833,0 -160.000000,14.665833,0 -159.000000,14.665833,0 -158.000000,14.665833,0 -157.000000,14.665833,0 -156.000000,14.665833,0 -155.000000,14.665833,0 -154.000000,14.665833,0 -153.000000,14.665833,0 -152.000000,14.665833,0 -151.000000,14.665833,0 -150.000000,14.665833,0 -149.000000,14.665833,0 -148.000000,14.665833,0 -147.000000,14.665833,0 -146.000000,14.665833,0 -145.000000,14.665833,0 -144.000000,14.665833,0 -143.000000,14.665833,0 -142.000000,14.665833,0 -141.000000,14.665833,0 -140.000000,14.665833,0 -139.000000,14.665833,0 -138.000000,14.665833,0 -137.000000,14.665833,0 -136.000000,14.665833,0 -135.000000,14.665833,0 -134.000000,14.665833,0 -133.000000,14.665833,0 -132.000000,14.665833,0 -131.000000,14.665833,0 -130.000000,14.665833,0 -129.000000,14.665833,0 -128.000000,14.665833,0 -127.000000,14.665833,0 -126.000000,14.665833,0 -125.000000,14.665833,0 -124.000000,14.665833,0 -123.000000,14.665833,0 -122.000000,14.665833,0 -121.000000,14.665833,0 -120.000000,14.665833,0 -119.000000,14.665833,0 -118.000000,14.665833,0 -117.000000,14.665833,0 -116.000000,14.665833,0 -115.000000,14.665833,0 -114.000000,14.665833,0 -113.000000,14.665833,0 -112.000000,14.665833,0 -111.000000,14.665833,0 -110.000000,14.665833,0 -109.000000,14.665833,0 -108.000000,14.665833,0 -107.000000,14.665833,0 -106.000000,14.665833,0 -105.000000,14.665833,0 -104.000000,14.665833,0 -103.000000,14.665833,0 -102.000000,14.665833,0 -101.000000,14.665833,0 -100.000000,14.665833,0 -99.000000,14.665833,0 -98.000000,14.665833,0 -97.000000,14.665833,0 -96.000000,14.665833,0 -95.000000,14.665833,0 -94.000000,14.665833,0 -93.000000,14.665833,0 -92.000000,14.665833,0 -91.000000,14.665833,0 -90.000000,14.665833,0 -89.000000,14.665833,0 -88.000000,14.665833,0 -87.000000,14.665833,0 -86.000000,14.665833,0 -85.000000,14.665833,0 -84.000000,14.665833,0 -83.000000,14.665833,0 -82.000000,14.665833,0 -81.000000,14.665833,0 -80.000000,14.665833,0 -79.000000,14.665833,0 -78.000000,14.665833,0 -77.000000,14.665833,0 -76.000000,14.665833,0 -75.000000,14.665833,0 -74.000000,14.665833,0 -73.000000,14.665833,0 -72.000000,14.665833,0 -71.000000,14.665833,0 -70.000000,14.665833,0 -69.000000,14.665833,0 -68.000000,14.665833,0 -67.000000,14.665833,0 -66.000000,14.665833,0 -65.000000,14.665833,0 -64.000000,14.665833,0 -63.000000,14.665833,0 -62.000000,14.665833,0 -61.000000,14.665833,0 -60.000000,14.665833,0 -59.000000,14.665833,0 -58.000000,14.665833,0 -57.000000,14.665833,0 -56.000000,14.665833,0 -55.000000,14.665833,0 -54.000000,14.665833,0 -53.000000,14.665833,0 -52.000000,14.665833,0 -51.000000,14.665833,0 -50.000000,14.665833,0 -49.000000,14.665833,0 -48.000000,14.665833,0 -47.000000,14.665833,0 -46.000000,14.665833,0 -45.000000,14.665833,0 -44.000000,14.665833,0 -43.000000,14.665833,0 -42.000000,14.665833,0 -41.000000,14.665833,0 -40.000000,14.665833,0 -39.000000,14.665833,0 -38.000000,14.665833,0 -37.000000,14.665833,0 -36.000000,14.665833,0 -35.000000,14.665833,0 -34.000000,14.665833,0 -33.000000,14.665833,0 -32.000000,14.665833,0 -31.000000,14.665833,0 -30.000000,14.665833,0 -29.000000,14.665833,0 -28.000000,14.665833,0 -27.000000,14.665833,0 -26.000000,14.665833,0 -25.000000,14.665833,0 -24.000000,14.665833,0 -23.000000,14.665833,0 -22.000000,14.665833,0 -21.000000,14.665833,0 -20.000000,14.665833,0 -19.000000,14.665833,0 -18.000000,14.665833,0 -17.000000,14.665833,0 -16.000000,14.665833,0 -15.000000,14.665833,0 -14.000000,14.665833,0 -13.000000,14.665833,0 -12.000000,14.665833,0 -11.000000,14.665833,0 -10.000000,14.665833,0 -9.000000,14.665833,0 -8.000000,14.665833,0 -7.000000,14.665833,0 -6.000000,14.665833,0 -5.000000,14.665833,0 -4.000000,14.665833,0 -3.000000,14.665833,0 -2.000000,14.665833,0 -1.000000,14.665833,0 0.000000,14.665833,0 1.000000,14.665833,0 2.000000,14.665833,0 3.000000,14.665833,0 4.000000,14.665833,0 5.000000,14.665833,0 6.000000,14.665833,0 7.000000,14.665833,0 8.000000,14.665833,0 9.000000,14.665833,0 10.000000,14.665833,0 11.000000,14.665833,0 12.000000,14.665833,0 13.000000,14.665833,0 14.000000,14.665833,0 15.000000,14.665833,0 16.000000,14.665833,0 17.000000,14.665833,0 18.000000,14.665833,0 19.000000,14.665833,0 20.000000,14.665833,0 21.000000,14.665833,0 22.000000,14.665833,0 23.000000,14.665833,0 24.000000,14.665833,0 25.000000,14.665833,0 26.000000,14.665833,0 27.000000,14.665833,0 28.000000,14.665833,0 29.000000,14.665833,0 30.000000,14.665833,0 31.000000,14.665833,0 32.000000,14.665833,0 33.000000,14.665833,0 34.000000,14.665833,0 35.000000,14.665833,0 36.000000,14.665833,0 37.000000,14.665833,0 38.000000,14.665833,0 39.000000,14.665833,0 40.000000,14.665833,0 41.000000,14.665833,0 42.000000,14.665833,0 43.000000,14.665833,0 44.000000,14.665833,0 45.000000,14.665833,0 46.000000,14.665833,0 47.000000,14.665833,0 48.000000,14.665833,0 49.000000,14.665833,0 50.000000,14.665833,0 51.000000,14.665833,0 52.000000,14.665833,0 53.000000,14.665833,0 54.000000,14.665833,0 55.000000,14.665833,0 56.000000,14.665833,0 57.000000,14.665833,0 58.000000,14.665833,0 59.000000,14.665833,0 60.000000,14.665833,0 61.000000,14.665833,0 62.000000,14.665833,0 63.000000,14.665833,0 64.000000,14.665833,0 65.000000,14.665833,0 66.000000,14.665833,0 67.000000,14.665833,0 68.000000,14.665833,0 69.000000,14.665833,0 70.000000,14.665833,0 71.000000,14.665833,0 72.000000,14.665833,0 73.000000,14.665833,0 74.000000,14.665833,0 75.000000,14.665833,0 76.000000,14.665833,0 77.000000,14.665833,0 78.000000,14.665833,0 79.000000,14.665833,0 80.000000,14.665833,0 81.000000,14.665833,0 82.000000,14.665833,0 83.000000,14.665833,0 84.000000,14.665833,0 85.000000,14.665833,0 86.000000,14.665833,0 87.000000,14.665833,0 88.000000,14.665833,0 89.000000,14.665833,0 90.000000,14.665833,0 91.000000,14.665833,0 92.000000,14.665833,0 93.000000,14.665833,0 94.000000,14.665833,0 95.000000,14.665833,0 96.000000,14.665833,0 97.000000,14.665833,0 98.000000,14.665833,0 99.000000,14.665833,0 100.000000,14.665833,0 101.000000,14.665833,0 102.000000,14.665833,0 103.000000,14.665833,0 104.000000,14.665833,0 105.000000,14.665833,0 106.000000,14.665833,0 107.000000,14.665833,0 108.000000,14.665833,0 109.000000,14.665833,0 110.000000,14.665833,0 111.000000,14.665833,0 112.000000,14.665833,0 113.000000,14.665833,0 114.000000,14.665833,0 115.000000,14.665833,0 116.000000,14.665833,0 117.000000,14.665833,0 118.000000,14.665833,0 119.000000,14.665833,0 120.000000,14.665833,0 121.000000,14.665833,0 122.000000,14.665833,0 123.000000,14.665833,0 124.000000,14.665833,0 125.000000,14.665833,0 126.000000,14.665833,0 127.000000,14.665833,0 128.000000,14.665833,0 129.000000,14.665833,0 130.000000,14.665833,0 131.000000,14.665833,0 132.000000,14.665833,0 133.000000,14.665833,0 134.000000,14.665833,0 135.000000,14.665833,0 136.000000,14.665833,0 137.000000,14.665833,0 138.000000,14.665833,0 139.000000,14.665833,0 140.000000,14.665833,0 141.000000,14.665833,0 142.000000,14.665833,0 143.000000,14.665833,0 144.000000,14.665833,0 145.000000,14.665833,0 146.000000,14.665833,0 147.000000,14.665833,0 148.000000,14.665833,0 149.000000,14.665833,0 150.000000,14.665833,0 151.000000,14.665833,0 152.000000,14.665833,0 153.000000,14.665833,0 154.000000,14.665833,0 155.000000,14.665833,0 156.000000,14.665833,0 157.000000,14.665833,0 158.000000,14.665833,0 159.000000,14.665833,0 160.000000,14.665833,0 161.000000,14.665833,0 162.000000,14.665833,0 163.000000,14.665833,0 164.000000,14.665833,0 165.000000,14.665833,0 166.000000,14.665833,0 167.000000,14.665833,0 168.000000,14.665833,0 169.000000,14.665833,0 170.000000,14.665833,0 171.000000,14.665833,0 172.000000,14.665833,0 173.000000,14.665833,0 174.000000,14.665833,0 175.000000,14.665833,0 176.000000,14.665833,0 177.000000,14.665833,0 178.000000,14.665833,0 179.000000,14.665833,0 180.000000,14.665833,0</coordinates>
        </LineString>
      </Placemark>
      <Placemark>
        <name>lat = +21.235556</name>
        <LineString>
          <tessellate>1</tessellate>
          <coordinates>-180.000000,21.235556,0 -179.000000,21.235556,0 -178.000000,21.235556,0 -177.000000,21.235556,0 -176.000000,21.235556,0 -175.000000,21.235556,0 -174.000000,21.235556,0 -173.000000,21.235556,0 -172.000000,21.235556,0 -171.000000,21.235556,0 -170.000000,21.235556,0 -169.000000,21.235556,0 -168.000000,21.235556,0 -167.000000,21.235556,0 -166.000000,21.235556,0 -165.000000,21.235556,0 -164.000000,21.235556,0 -163.000000,21.235556,0 -162.000000,21.235556,0 -161.000000,21.235556,0 -160.000000,21.235556,0 -159.000000,21.235556,0 -158.000000,21.235556,0 -157.000000,21.235556,0 -156.000000,21.235556,0 -155.000000,21.235556,0 -154.000000,21.235556,0 -153.000000,21.235556,0 -152.000000,21.235556,0 -151.000000,21.235556,0 -150.000000,21.235556,0 -149.000000,21.235556,0 -148.000000,21.235556,0 -147.000000,21.235556,0 -146.000000,21.235556,0 -145.000000,21.235556,0 -144.000000,21.235556,0 -143.000000,21.235556,0 -142.000000,21.235556,0 -141.000000,21.235556,0 -140.000000,21.235556,0 -139.000000,21.235556,0 -138.000000,21.235556,0 -137.000000,21.235556,0 -136.000000,21.235556,0 -135.000000,21.235556,0 -134.000000,21.235556,0 -133.000000,21.235556,0 -132.000000,21.235556,0 -131.000000,21.235556,0 -130.000000,21.235556,0 -129.000000,21.235556,0 -128.000000,21.235556,0 -127.000000,21.235556,0 -126.000000,21.235556,0 -125.000000,21.235556,0 -124.000000,21.235556,0 -123.000000,21.235556,0 -122.000000,21.235556,0 -121.000000,21.235556,0 -120.000000,21.235556,0 -119.000000,21.235556,0 -118.000000,21.235556,0 -117.000000,21.235556,0 -116.000000,21.235556,0 -115.000000,21.235556,0 -114.000000,21.235556,0 -113.000000,21.235556,0 -112.000000,21.235556,0 -111.000000,21.235556,0 -110.000000,21.235556,0 -109.000000,21.235556,0 -108.000000,21.235556,0 -107.000000,21.235556,0 -106.000000,21.235556,0 -105.000000,21.235556,0 -104.000000,21.235556,0 -103.000000,21.235556,0 -102.000000,21.235556,0 -101.000000,21.235556,0 -100.000000,21.235556,0 -99.000000,21.235556,0 -98.000000,21.235556,0 -97.000000,21.235556,0 -96.000000,21.235556,0 -95.000000,21.235556,0 -94.000000,21.235556,0 -93.000000,21.235556,0 -92.000000,21.235556,0 -91.000000,21.235556,0 -90.000000,21.235556,0 -89.000000,21.235556,0 -88.000000,21.235556,0 -87.000000,21.235556,0 -86.000000,21.235556,0 -85.000000,21.235556,0 -84.000000,21.235556,0 -83.000000,21.235556,0 -82.000000,21.235556,0 -81.000000,21.235556,0 -80.000000,21.235556,0 -79.000000,21.235556,0 -78.000000,21.235556,0 -77.000000,21.235556,0 -76.000000,21.235556,0 -75.000000,21.235556,0 -74.000000,21.235556,0 -73.000000,21.235556,0 -72.000000,21.235556,0 -71.000000,21.235556,0 -70.000000,21.235556,0 -69.000000,21.235556,0 -68.000000,21.235556,0 -67.000000,21.235556,0 -66.000000,21.235556,0 -65.000000,21.235556,0 -64.000000,21.235556,0 -63.000000,21.235556,0 -62.000000,21.235556,0 -61.000000,21.235556,0 -60.000000,21.235556,0 -59.000000,21.235556,0 -58.000000,21.235556,0 -57.000000,21.235556,0 -56.000000,21.235556,0 -55.000000,21.235556,0 -54.000000,21.235556,0 -53.000000,21.235556,0 -52.000000,21.235556,0 -51.000000,21.235556,0 -50.000000,21.235556,0 -49.000000,21.235556,0 -48.000000,21.235556,0 -47.000000,21.235556,0 -46.000000,21.235556,0 -45.000000,21.235556,0 -44.000000,21.235556,0 -43.000000,21.235556,0 -42.000000,21.235556,0 -41.000000,21.235556,0 -40.000000,21.235556,0 -39.000000,21.235556,0 -38.000000,21.235556,0 -37.000000,21.235556,0 -36.000000,21.235556,0 -35.000000,21.235556,0 -34.000000,21.235556,0 -33.000000,21.235556,0 -32.000000,21.235556,0 -31.000000,21.235556,0 -30.000000,21.235556,0 -29.000000,21.235556,0 -28.000000,21.235556,0 -27.000000,21.235556,0 -26.000000,21.235556,0 -25.000000,21.235556,0 -24.000000,21.235556,0 -23.000000,21.235556,0 -22.000000,21.235556,0 -21.000000,21.235556,0 -20.000000,21.235556,0 -19.000000,21.235556,0 -18.000000,21.235556,0 -17.000000,21.235556,0 -16.000000,21.235556,0 -15.000000,21.235556,0 -14.000000,21.235556,0 -13.000000,21.235556,0 -12.000000,21.235556,0 -11.000000,21.235556,0 -10.000000,21.235556,0 -9.000000,21.235556,0 -8.000000,21.235556,0 -7.000000,21.235556,0 -6.000000,21.235556,0 -5.000000,21.235556,0 -4.000000,21.235556,0 -3.000000,21.235556,0 -2.000000,21.235556,0 -1.000000,21.235556,0 0.000000,21.235556,0 1.000000,21.235556,0 2.000000,21.235556,0 3.000000,21.235556,0 4.000000,21.235556,0 5.000000,21.235556,0 6.000000,21.235556,0 7.000000,21.235556,0 8.000000,21.235556,0 9.000000,21.235556,0 10.000000,21.235556,0 11.000000,21.235556,0 12.000000,21.235556,0 13.000000,21.235556,0 14.000000,21.235556,0 15.000000,21.235556,0 16.000000,21.235556,0 17.000000,21.235556,0 18.000000,21.235556,0 19.000000,21.235556,0 20.000000,21.235556,0 21.000000,21.235556,0 22.000000,21.235556,0 23.000000,21.235556,0 24.000000,21.235556,0 25.000000,21.235556,0 26.000000,21.235556,0 27.000000,21.235556,0 28.000000,21.235556,0 29.000000,21.235556,0 30.000000,21.235556,0 31.000000,21.235556,0 32.000000,21.235556,0 33.000000,21.235556,0 34.000000,21.235556,0 35.000000,21.235556,0 36.000000,21.235556,0 37.000000,21.235556,0 38.000000,21.235556,0 39.000000,21.235556,0 40.000000,21.235556,0 41.000000,21.235556,0 42.000000,21.235556,0 43.000000,21.235556,0 44.000000,21.235556,0 45.000000,21.235556,0 46.000000,21.235556,0 47.000000,21.235556,0 48.000000,21.235556,0 49.000000,21.235556,0 50.000000,21.235556,0 51.000000,21.235556,0 52.000000,21.235556,0 53.000000,21.235556,0 54.000000,21.235556,0 55.000000,21.235556,0 56.000000,21.235556,0 57.000000,21.235556,0 58.000000,21.235556,0 59.000000,21.235556,0 60.000000,21.235556,0 61.000000,21.235556,0 62.000000,21.235556,0 63.000000,21.235556,0 64.000000,21.235556,0 65.000000,21.235556,0 66.000000,21.235556,0 67.000000,21.235556,0 68.000000,21.235556,0 69.000000,21.235556,0 70.000000,21.235556,0 71.000000,21.235556,0 72.000000,21.235556,0 73.000000,21.235556,0 74.000000,21.235556,0 75.000000,21.235556,0 76.000000,21.235556,0 77.000000,21.235556,0 78.000000,21.235556,0 79.000000,21.235556,0 80.000000,21.235556,0 81.000000,21.235556,0 82.000000,21.235556,0 83.000000,21.235556,0 84.000000,21.235556,0 85.000000,21.235556,0 86.000000,21.235556,0 87.000000,21.235556,0 88.000000,21.235556,0 89.000000,21.235556,0 90.000000,21.235556,0 91.000000,21.235556,0 92.000000,21.235556,0 93.000000,21.235556,0 94.000000,21.235556,0 95.000000,21.235556,0 96.000000,21.235556,0 97.000000,21.235556,0 98.000000,21.235556,0 99.000000,21.235556,0 100.000000,21.235556,0 101.000000,21.235556,0 102.000000,21.235556,0 103.000000,21.235556,0 104.000000,21.235556,0 105.000000,21.235556,0 106.000000,21.235556,0 107.000000,21.235556,0 108.000000,21.235556,0 109.000000,21.235556,0 110.000000,21.235556,0 111.000000,21.235556,0 112.000000,21.235556,0 113.000000,21.235556,0 114.000000,21.235556,0 115.000000,21.235556,0 116.000000,21.235556,0 117.000000,21.235556,0 118.000000,21.235556,0 119.000000,21.235556,0 120.000000,21.235556,0 121.000000,21.235556,0 122.000000,21.235556,0 123.000000,21.235556,0 124.000000,21.235556,0 125.000000,21.235556,0 126.000000,21.235556,0 127.000000,21.235556,0 128.000000,21.235556,0 129.000000,21.235556,0 130.000000,21.235556,0 131.000000,21.235556,0 132.000000,21.235556,0 133.000000,21.235556,0 134.000000,21.235556,0 135.000000,21.235556,0 136.000000,21.235556,0 137.000000,21.235556,0 138.000000,21.235556,0 139.000000,21.235556,0 140.000000,21.235556,0 141.000000,21.235556,0 142.000000,21.235556,0 143.000000,21.235556,0 144.000000,21.235556,0 145.000000,21.235556,0 146.000000,21.235556,0 147.000000,21.235556,0 148.000000,21.235556,0 149.000000,21.235556,0 150.000000,21.235556,0 151.000000,21.235556,0 152.000000,21.235556,0 153.000000,21.235556,0 154.000000,21.235556,0 155.000000,21.235556,0 156.000000,21.235556,0 157.000000,21.235556,0 158.000000,21.235556,0 159.000000,21.235556,0 160.000000,21.235556,0 161.000000,21.235556,0 162.000000,21.235556,0 163.000000,21.235556,0 164.000000,21.235556,0 165.000000,21.235556,0 166.000000,21.235556,0 167.000000,21.235556,0 168.000000,21.235556,0 169.000000,21.235556,0 170.000000,21.235556,0 171.000000,21.235556,0 172.000000,21.235556,0 173.000000,21.235556,0 174.000000,21.235556,0 175.000000,21.235556,0 176.000000,21.235556,0 177.000000,21.235556,0 178.000000,21.235556,0 179.000000,21.235556,0 180.000000,21.235556,0</coordinates>
        </LineString>
      </Placemark>
      <Placemark>
        <name>lat = +27.448333</name>
        <LineString>
          <tessellate>1</tessellate>
          <coordinates>-180.000000,27.448333,0 -179.000000,27.448333,0 -178.000000,27.448333,0 -177.000000,27.448333,0 -176.000000,27.448333,0 -175.000000,27.448333,0 -174.000000,27.448333,0 -173.000000,27.448333,0 -172.000000,27.448333,0 -171.000000,27.448333,0 -170.000000,27.448333,0 -169.000000,27.448333,0 -168.000000,27.448333,0 -167.000000,27.448333,0 -166.000000,27.448333,0 -165.000000,27.448333,0 -164.000000,27.448333,0 -163.000000,27.448333,0 -162.000000,27.448333,0 -161.000000,27.448333,0 -160.000000,27.448333,0 -159.000000,27.448333,0 -158.000000,27.448333,0 -157.000000,27.448333,0 -156.000000,27.448333,0 -155.000000,27.448333,0 -154.000000,27.448333,0 -153.000000,27.448333,0 -152.000000,27.448333,0 -151.000000,27.448333,0 -150.000000,27.448333,0 -149.000000,27.448333,0 -148.000000,27.448333,0 -147.000000,27.448333,0 -146.000000,27.448333,0 -145.000000,27.448333,0 -144.000000,27.448333,0 -143.000000,27.448333,0 -142.000000,27.448333,0 -141.000000,27.448333,0 -140.000000,27.448333,0 -139.000000,27.448333,0 -138.000000,27.448333,0 -137.000000,27.448333,0 -136.000000,27.448333,0 -135.000000,27.448333,0 -134.000000,27.448333,0 -133.000000,27.448333,0 -132.000000,27.448333,0 -131.000000,27.448333,0 -130.000000,27.448333,0 -129.000000,27.448333,0 -128.000000,27.448333,0 -127.000000,27.448333,0 -126.000000,27.448333,0 -125.000000,27.448333,0 -124.000000,27.448333,0 -123.000000,27.448333,0 -122.000000,27.448333,0 -121.000000,27.448333,0 -120.000000,27.448333,0 -119.000000,27.448333,0 -118.000000,27.448333,0 -117.000000,27.448333,0 -116.000000,27.448333,0 -115.000000,27.448333,0 -114.000000,27.448333,0 -113.000000,27.448333,0 -112.000000,27.448333,0 -111.000000,27.448333,0 -110.000000,27.448333,0 -109.000000,27.448333,0 -108.000000,27.448333,0 -107.000000,27.448333,0 -106.000000,27.448333,0 -105.000000,27.448333,0 -104.000000,27.448333,0 -103.000000,27.448333,0 -102.000000,27.448333,0 -101.000000,27.448333,0 -100.000000,27.448333,0 -99.000000,27.448333,0 -98.000000,27.448333,0 -97.000000,27.448333,0 -96.000000,27.448333,0 -95.000000,27.448333,0 -94.000000,27.448333,0 -93.000000,27.448333,0 -92.000000,27.448333,0 -91.000000,27.448333,0 -90.000000,27.448333,0 -89.000000,27.448333,0 -88.000000,27.448333,0 -87.000000,27.448333,0 -86.000000,27.448333,0 -85.000000,27.448333,0 -84.000000,27.448333,0 -83.000000,27.448333,0 -82.000000,27.448333,0 -81.000000,27.448333,0 -80.000000,27.448333,0 -79.000000,27.448333,0 -78.000000,27.448333,0 -77.000000,27.448333,0 -76.000000,27.448333,0 -75.000000,27.448333,0 -74.000000,27.448333,0 -73.000000,27.448333,0 -72.000000,27.448333,0 -71.000000,27.448333,0 -70.000000,27.448333,0 -69.000000,27.448333,0 -68.000000,27.448333,0 -67.000000,27.448333,0 -66.000000,27.448333,0 -65.000000,27.448333,0 -64.000000,27.448333,0 -63.000000,27.448333,0 -62.000000,27.448333,0 -61.000000,27.448333,0 -60.000000,27.448333,0 -59.000000,27.448333,0 -58.000000,27.448333,0 -57.000000,27.448333,0 -56.000000,27.448333,0 -55.000000,27.448333,0 -54.000000,27.448333,0 -53.000000,27.448333,0 -52.000000,27.448333,0 -51.000000,27.448333,0 -50.000000,27.448333,0 -49.000000,27.448333,0 -48.000000,27.448333,0 -47.000000,27.448333,0 -46.000000,27.448333,0 -45.000000,27.448333,0 -44.000000,27.448333,0 -43.000000,27.448333,0 -42.000000,27.448333,0 -41.000000,27.448333,0 -40.000000,27.448333,0 -39.000000,27.448333,0 -38.000000,27.448333,0 -37.000000,27.448333,0 -36.000000,27.448333,0 -35.000000,27.448333,0 -34.000000,27.448333,0 -33.000000,27.448333,0 -32.000000,27.448333,0 -31.000000,27.448333,0 -30.000000,27.448333,0 -29.000000,27.448333,0 -28.000000,27.448333,0 -27.000000,27.448333,0 -26.000000,27.448333,0 -25.000000,27.448333,0 -24.000000,27.448333,0 -23.000000,27.448333,0 -22.000000,27.448333,0 -21.000000,27.448333,0 -20.000000,27.448333,0 -19.000000,27.448333,0 -18.000000,27.448333,0 -17.000000,27.448333,0 -16.000000,27.448333,0 -15.000000,27.448333,0 -14.000000,27.448333,0 -13.000000,27.448333,0 -12.000000,27.448333,0 -11.000000,27.448333,0 -10.000000,27.448333,0 -9.000000,27.448333,0 -8.000000,27.448333,0 -7.000000,27.448333,0 -6.000000,27.448333,0 -5.000000,27.448333,0 -4.000000,27.448333,0 -3.000000,27.448333,0 -2.000000,27.448333,0 -1.000000,27.448333,0 0.000000,27.448333,0 1.000000,27.448333,0 2.000000,27.448333,0 3.000000,27.448333,0 4.000000,27.448333,0 5.000000,27.448333,0 6.000000,27.448333,0 7.000000,27.448333,0 8.000000,27.448333,0 9.000000,27.448333,0 10.000000,27.448333,0 11.000000,27.448333,0 12.000000,27.448333,0 13.000000,27.448333,0 14.000000,27.448333,0 15.000000,27.448333,0 16.000000,27.448333,0 17.000000,27.448333,0 18.000000,27.448333,0 19.000000,27.448333,0 20.000000,27.448333,0 21.000000,27.448333,0 22.000000,27.448333,0 23.000000,27.448333,0 24.000000,27.448333,0 25.000000,27.448333,0 26.000000,27.448333,0 27.000000,27.448333,0 28.000000,27.448333,0 29.000000,27.448333,0 30.000000,27.448333,0 31.000000,27.448333,0 32.000000,27.448333,0 33.000000,27.448333,0 34.000000,27.448333,0 35.000000,27.448333,0 36.000000,27.448333,0 37.000000,27.448333,0 38.000000,27.448333,0 39.000000,27.448333,0 40.000000,27.448333,0 41.000000,27.448333,0 42.000000,27.448333,0 43.000000,27.448333,0 44.000000,27.448333,0 45.000000,27.448333,0 46.000000,27.448333,0 47.000000,27.448333,0 48.000000,27.448333,0 49.000000,27.448333,0 50.000000,27.448333,0 51.000000,27.448333,0 52.000000,27.448333,0 53.000000,27.448333,0 54.000000,27.448333,0 55.000000,27.448333,0 56.000000,27.448333,0 57.000000,27.448333,0 58.000000,27.448333,0 59.000000,27.448333,0 60.000000,27.448333,0 61.000000,27.448333,0 62.000000,27.448333,0 63.000000,27.448333,0 64.000000,27.448333,0 65.000000,27.448333,0 66.000000,27.448333,0 67.000000,27.448333,0 68.000000,27.448333,0 69.000000,27.448333,0 70.000000,27.448333,0 71.000000,27.448333,0 72.000000,27.448333,0 73.000000,27.448333,0 74.000000,27.448333,0 75.000000,27.448333,0 76.000000,27.448333,0 77.000000,27.448333,0 78.000000,27.448333,0 79.000000,27.448333,0 80.000000,27.448333,0 81.000000,27.448333,0 82.000000,27.448333,0 83.000000,27.448333,0 84.000000,27.448333,0 85.000000,27.448333,0 86.000000,27.448333,0 87.000000,27.448333,0 88.000000,27.448333,0 89.000000,27.448333,0 90.000000,27.448333,0 91.000000,27.448333,0 92.000000,27.448333,0 93.000000,27.448333,0 94.000000,27.448333,0 95.000000,27.448333,0 96.000000,27.448333,0 97.000000,27.448333,0 98.000000,27.448333,0 99.000000,27.448333,0 100.000000,27.448333,0 101.000000,27.448333,0 102.000000,27.448333,0 103.000000,27.448333,0 104.000000,27.448333,0 105.000000,27.448333,0 106.000000,27.448333,0 107.000000,27.448333,0 108.000000,27.448333,0 109.000000,27.448333,0 110.000000,27.448333,0 111.000000,27.448333,0 112.000000,27.448333,0 113.000000,27.448333,0 114.000000,27.448333,0 115.000000,27.448333,0 116.000000,27.448333,0 117.000000,27.448333,0 118.000000,27.448333,0 119.000000,27.448333,0 120.000000,27.448333,0 121.000000,27.448333,0 122.000000,27.448333,0 123.000000,27.448333,0 124.000000,27.448333,0 125.000000,27.448333,0 126.000000,27.448333,0 127.000000,27.448333,0 128.000000,27.448333,0 129.000000,27.448333,0 130.000000,27.448333,0 131.000000,27.448333,0 132.000000,27.448333,0 133.000000,27.448333,0 134.000000,27.448333,0 135.000000,27.448333,0 136.000000,27.448333,0 137.000000,27.448333,0 138.000000,27.448333,0 139.000000,27.448333,0 140.000000,27.448333,0 141.000000,27.448333,0 142.000000,27.448333,0 143.000000,27.448333,0 144.000000,27.448333,0 145.000000,27.448333,0 146.000000,27.448333,0 147.000000,27.448333,0 148.000000,27.448333,0 149.000000,27.448333,0 150.000000,27.448333,0 151.000000,27.448333,0 152.000000,27.448333,0 153.000000,27.448333,0 154.000000,27.448333,0 155.000000,27.448333,0 156.000000,27.448333,0 157.000000,27.448333,0 158.000000,27.448333,0 159.000000,27.448333,0 160.000000,27.448333,0 161.000000,27.448333,0 162.000000,27.448333,0 163.000000,27.448333,0 164.000000,27.448333,0 165.000000,27.448333,0 166.000000,27.448333,0 167.000000,27.448333,0 168.000000,27.448333,0 169.000000,27.448333,0 170.000000,27.448333,0 171.000000,27.448333,0 172.000000,27.448333,0 173.000000,27.448333,0 174.000000,27.448333,0 175.000000,27.448333,0 176.000000,27.448333,0 177.000000,27.448333,0 178.000000,27.448333,0 179.000000,27.448333,0 180.000000,27.448333,0</coordinates>
        </LineString>
      </Placemark>
      <Placemark>
        <name>lat = +30.044444</name>
        <LineString>
          <tessellate>1</tessellate>
          <coordinates>-180.000000,30.044444,0 -179.000000,30.044444,0 -178.000000,30.044444,0 -177.000000,30.044444,0 -176.000000,30.044444,0 -175.000000,30.044444,0 -174.000000,30.044444,0 -173.000000,30.044444,0 -172.000000,30.044444,0 -171.000000,30.044444,0 -170.000000,30.044444,0 -169.000000,30.044444,0 -168.000000,30.044444,0 -167.000000,30.044444,0 -166.000000,30.044444,0 -165.000000,30.044444,0 -164.000000,30.044444,0 -163.000000,30.044444,0 -162.000000,30.044444,0 -161.000000,30.044444,0 -160.000000,30.044444,0 -159.000000,30.044444,0 -158.000000,30.044444,0 -157.000000,30.044444,0 -156.000000,30.044444,0 -155.000000,30.044444,0 -154.000000,30.044444,0 -153.000000,30.044444,0 -152.000000,30.044444,0 -151.000000,30.044444,0 -150.000000,30.044444,0 -149.000000,30.044444,0 -148.000000,30.044444,0 -147.000000,30.044444,0 -146.000000,30.044444,0 -145.000000,30.044444,0 -144.000000,30.044444,0 -143.000000,30.044444,0 -142.000000,30.044444,0 -141.000000,30.044444,0 -140.000000,30.044444,0 -139.000000,30.044444,0 -138.000000,30.044444,0 -137.000000,30.044444,0 -136.000000,30.044444,0 -135.000000,30.044444,0 -134.000000,30.044444,0 -133.000000,30.044444,0 -132.000000,30.044444,0 -131.000000,30.044444,0 -130.000000,30.044444,0 -129.000000,30.044444,0 -128.000000,30.044444,0 -127.000000,30.044444,0 -126.000000,30.044444,0 -125.000000,30.044444,0 -124.000000,30.044444,0 -123.000000,30.044444,0 -122.000000,30.044444,0 -121.000000,30.044444,0 -120.000000,30.044444,0 -119.000000,30.044444,0 -118.000000,30.044444,0 -117.000000,30.044444,0 -116.000000,30.044444,0 -115.000000,30.044444,0 -114.000000,30.044444,0 -113.000000,30.044444,0 -112.000000,30.044444,0 -111.000000,30.044444,0 -110.000000,30.044444,0 -109.000000,30.044444,0 -108.000000,30.044444,0 -107.000000,30.044444,0 -106.000000,30.044444,0 -105.000000,30.044444,0 -104.000000,30.044444,0 -103.000000,30.044444,0 -102.000000,30.044444,0 -101.000000,30.044444,0 -100.000000,30.044444,0 -99.000000,30.044444,0 -98.000000,30.044444,0 -97.000000,30.044444,0 -96.000000,30.044444,0 -95.000000,30.044444,0 -94.000000,30.044444,0 -93.000000,30.044444,0 -92.000000,30.044444,0 -91.000000,30.044444,0 -90.000000,30.044444,0 -89.000000,30.044444,0 -88.000000,30.044444,0 -87.000000,30.044444,0 -86.000000,30.044444,0 -85.000000,30.044444,0 -84.000000,30.044444,0 -83.000000,30.044444,0 -82.000000,30.044444,0 -81.000000,30.044444,0 -80.000000,30.044444,0 -79.000000,30.044444,0 -78.000000,30.044444,0 -77.000000,30.044444,0 -76.000000,30.044444,0 -75.000000,30.044444,0 -74.000000,30.044444,0 -73.000000,30.044444,0 -72.000000,30.044444,0 -71.000000,30.044444,0 -70.000000,30.044444,0 -69.000000,30.044444,0 -68.000000,30.044444,0 -67.000000,30.044444,0 -66.000000,30.044444,0 -65.000000,30.044444,0 -64.000000,30.044444,0 -63.000000,30.044444,0 -62.000000,30.044444,0 -61.000000,30.044444,0 -60.000000,30.044444,0 -59.000000,30.044444,0 -58.000000,30.044444,0 -57.000000,30.044444,0 -56.000000,30.044444,0 -55.000000,30.044444,0 -54.000000,30.044444,0 -53.000000,30.044444,0 -52.000000,30.044444,0 -51.000000,30.044444,0 -50.000000,30.044444,0 -49.000000,30.044444,0 -48.000000,30.044444,0 -47.000000,30.044444,0 -46.000000,30.044444,0 -45.000000,30.044444,0 -44.000000,30.044444,0 -43.000000,30.044444,0 -42.000000,30.044444,0 -41.000000,30.044444,0 -40.000000,30.044444,0 -39.000000,30.044444,0 -38.000000,30.044444,0 -37.000000,30.044444,0 -36.000000,30.044444,0 -35.000000,30.044444,0 -34.000000,30.044444,0 -33.000000,30.044444,0 -32.000000,30.044444,0 -31.000000,30.044444,0 -30.000000,30.044444,0 -29.000000,30.044444,0 -28.000000,30.044444,0 -27.000000,30.044444,0 -26.000000,30.044444,0 -25.000000,30.044444,0 -24.000000,30.044444,0 -23.000000,30.044444,0 -22.000000,30.044444,0 -21.000000,30.044444,0 -20.000000,30.044444,0 -19.000000,30.044444,0 -18.000000,30.044444,0 -17.000000,30.044444,0 -16.000000,30.044444,0 -15.000000,30.044444,0 -14.000000,30.044444,0 -13.000000,30.044444,0 -12.000000,30.044444,0 -11.000000,30.044444,0 -10.000000,30.044444,0 -9.000000,30.044444,0 -8.000000,30.044444,0 -7.000000,30.044444,0 -6.000000,30.044444,0 -5.000000,30.044444,0 -4.000000,30.044444,0 -3.000000,30.044444,0 -2.000000,30.044444,0 -1.000000,30.044444,0 0.000000,30.044444,0 1.000000,30.044444,0 2.000000,30.044444,0 3.000000,30.044444,0 4.000000,30.044444,0 5.000000,30.044444,0 6.000000,30.044444,0 7.000000,30.044444,0 8.000000,30.044444,0 9.000000,30.044444,0 10.000000,30.044444,0 11.000000,30.044444,0 12.000000,30.044444,0 13.000000,30.044444,0 14.000000,30.044444,0 15.000000,30.044444,0 16.000000,30.044444,0 17.000000,30.044444,0 18.000000,30.044444,0 19.000000,30.044444,0 20.000000,30.044444,0 21.000000,30.044444,0 22.000000,30.044444,0 23.000000,30.044444,0 24.000000,30.044444,0 25.000000,30.044444,0 26.000000,30.044444,0 27.000000,30.044444,0 28.000000,30.044444,0 29.000000,30.044444,0 30.000000,30.044444,0 31.000000,30.044444,0 32.000000,30.044444,0 33.000000,30.044444,0 34.000000,30.044444,0 35.000000,30.044444,0 36.000000,30.044444,0 37.000000,30.044444,0 38.000000,30.044444,0 39.000000,30.044444,0 40.000000,30.044444,0 41.000000,30.044444,0 42.000000,30.044444,0 43.000000,30.044444,0 44.000000,30.044444,0 45.000000,30.044444,0 46.000000,30.044444,0 47.000000,30.044444,0 48.000000,30.044444,0 49.000000,30.044444,0 50.000000,30.044444,0 51.000000,30.044444,0 52.000000,30.044444,0 53.000000,30.044444,0 54.000000,30.044444,0 55.000000,30.044444,0 56.000000,30.044444,0 57.000000,30.044444,0 58.000000,30.044444,0 59.000000,30.044444,0 60.000000,30.044444,0 61.000000,30.044444,0 62.000000,30.044444,0 63.000000,30.044444,0 64.000000,30.044444,0 65.000000,30.044444,0 66.000000,30.044444,0 67.000000,30.044444,0 68.000000,30.044444,0 69.000000,30.044444,0 70.000000,30.044444,0 71.000000,30.044444,0 72.000000,30.044444,0 73.000000,30.044444,0 74.000000,30.044444,0 75.000000,30.044444,0 76.000000,30.044444,0 77.000000,30.044444,0 78.000000,30.044444,0 79.000000,30.044444,0 80.000000,30.044444,0 81.000000,30.044444,0 82.000000,30.044444,0 83.000000,30.044444,0 84.000000,30.044444,0 85.000000,30.044444,0 86.000000,30.044444,0 87.000000,30.044444,0 88.000000,30.044444,0 89.000000,30.044444,0 90.000000,30.044444,0 91.000000,30.044444,0 92.000000,30.044444,0 93.000000,30.044444,0 94.000000,30.044444,0 95.000000,30.044444,0 96.000000,30.044444,0 97.000000,30.044444,0 98.000000,30.044444,0 99.000000,30.044444,0 100.000000,30.044444,0 101.000000,30.044444,0 102.000000,30.044444,0 103.000000,30.044444,0 104.000000,30.044444,0 105.000000,30.044444,0 106.000000,30.044444,0 107.000000,30.044444,0 108.000000,30.044444,0 109.000000,30.044444,0 110.000000,30.044444,0 111.000000,30.044444,0 112.000000,30.044444,0 113.000000,30.044444,0 114.000000,30.044444,0 115.000000,30.044444,0 116.000000,30.044444,0 117.000000,30.044444,0 118.000000,30.044444,0 119.000000,30.044444,0 120.000000,30.044444,0 121.000000,30.044444,0 122.000000,30.044444,0 123.000000,30.044444,0 124.000000,30.044444,0 125.000000,30.044444,0 126.000000,30.044444,0 127.000000,30.044444,0 128.000000,30.044444,0 129.000000,30.044444,0 130.000000,30.044444,0 131.000000,30.044444,0 132.000000,30.044444,0 133.000000,30.044444,0 134.000000,30.044444,0 135.000000,30.044444,0 136.000000,30.044444,0 137.000000,30.044444,0 138.000000,30.044444,0 139.000000,30.044444,0 140.000000,30.044444,0 141.000000,30.044444,0 142.000000,30.044444,0 143.000000,30.044444,0 144.000000,30.044444,0 145.000000,30.044444,0 146.000000,30.044444,0 147.000000,30.044444,0 148.000000,30.044444,0 149.000000,30.044444,0 150.000000,30.044444,0 151.000000,30.044444,0 152.000000,30.044444,0 153.000000,30.044444,0 154.000000,30.044444,0 155.000000,30.044444,0 156.000000,30.044444,0 157.000000,30.044444,0 158.000000,30.044444,0 159.000000,30.044444,0 160.000000,30.044444,0 161.000000,30.044444,0 162.000000,30.044444,0 163.000000,30.044444,0 164.000000,30.044444,0 165.000000,30.044444,0 166.000000,30.044444,0 167.000000,30.044444,0 168.000000,30.044444,0 169.000000,30.044444,0 170.000000,30.044444,0 171.000000,30.044444,0 172.000000,30.044444,0 173.000000,30.044444,0 174.000000,30.044444,0 175.000000,30.044444,0 176.000000,30.044444,0 177.000000,30.044444,0 178.000000,30.044444,0 179.000000,30.044444,0 180.000000,30.044444,0</coordinates>
        </LineString>
      </Placemark>
      <Placemark>
        <name>lat = +31.235833</name>
        <LineString>
          <tessellate>1</tessellate>
          <coordinates>-180.000000,31.235833,0 -179.000000,31.235833,0 -178.000000,31.235833,0 -177.000000,31.235833,0 -176.000000,31.235833,0 -175.000000,31.235833,0 -174.000000,31.235833,0 -173.000000,31.235833,0 -172.000000,31.235833,0 -171.000000,31.235833,0 -170.000000,31.235833,0 -169.000000,31.235833,0 -168.000000,31.235833,0 -167.000000,31.235833,0 -166.000000,31.235833,0 -165.000000,31.235833,0 -164.000000,31.235833,0 -163.000000,31.235833,0 -162.000000,31.235833,0 -161.000000,31.235833,0 -160.000000,31.235833,0 -159.000000,31.235833,0 -158.000000,31.235833,0 -157.000000,31.235833,0 -156.000000,31.235833,0 -155.000000,31.235833,0 -154.000000,31.235833,0 -153.000000,31.235833,0 -152.000000,31.235833,0 -151.000000,31.235833,0 -150.000000,31.235833,0 -149.000000,31.235833,0 -148.000000,31.235833,0 -147.000000,31.235833,0 -146.000000,31.235833,0 -145.000000,31.235833,0 -144.000000,31.235833,0 -143.000000,31.235833,0 -142.000000,31.235833,0 -141.000000,31.235833,0 -140.000000,31.235833,0 -139.000000,31.235833,0 -138.000000,31.235833,0 -137.000000,31.235833,0 -136.000000,31.235833,0 -135.000000,31.235833,0 -134.000000,31.235833,0 -133.000000,31.235833,0 -132.000000,31.235833,0 -131.000000,31.235833,0 -130.000000,31.235833,0 -129.000000,31.235833,0 -128.000000,31.235833,0 -127.000000,31.235833,0 -126.000000,31.235833,0 -125.000000,31.235833,0 -124.000000,31.235833,0 -123.000000,31.235833,0 -122.000000,31.235833,0 -121.000000,31.235833,0 -120.000000,31.235833,0 -119.000000,31.235833,0 -118.000000,31.235833,0 -117.000000,31.235833,0 -116.000000,31.235833,0 -115.000000,31.235833,0 -114.000000,31.235833,0 -113.000000,31.235833,0 -112.000000,31.235833,0 -111.000000,31.235833,0 -110.000000,31.235833,0 -109.000000,31.235833,0 -108.000000,31.235833,0 -107.000000,31.235833,0 -106.000000,31.235833,0 -105.000000,31.235833,0 -104.000000,31.235833,0 -103.000000,31.235833,0 -102.000000,31.235833,0 -101.000000,31.235833,0 -100.000000,31.235833,0 -99.000000,31.235833,0 -98.000000,31.235833,0 -97.000000,31.235833,0 -96.000000,31.235833,0 -95.000000,31.235833,0 -94.000000,31.235833,0 -93.000000,31.235833,0 -92.000000,31.235833,0 -91.000000,31.235833,0 -90.000000,31.235833,0 -89.000000,31.235833,0 -88.000000,31.235833,0 -87.000000,31.235833,0 -86.000000,31.235833,0 -85.000000,31.235833,0 -84.000000,31.235833,0 -83.000000,31.235833,0 -82.000000,31.235833,0 -81.000000,31.235833,0 -80.000000,31.235833,0 -79.000000,31.235833,0 -78.000000,31.235833,0 -77.000000,31.235833,0 -76.000000,31.235833,0 -75.000000,31.235833,0 -74.000000,31.235833,0 -73.000000,31.235833,0 -72.000000,31.235833,0 -71.000000,31.235833,0 -70.000000,31.235833,0 -69.000000,31.235833,0 -68.000000,31.235833,0 -67.000000,31.235833,0 -66.000000,31.235833,0 -65.000000,31.235833,0 -64.000000,31.235833,0 -63.000000,31.235833,0 -62.000000,31.235833,0 -61.000000,31.235833,0 -60.000000,31.235833,0 -59.000000,31.235833,0 -58.000000,31.235833,0 -57.000000,31.235833,0 -56.000000,31.235833,0 -55.000000,31.235833,0 -54.000000,31.235833,0 -53.000000,31.235833,0 -52.000000,31.235833,0 -51.000000,31.235833,0 -50.000000,31.235833,0 -49.000000,31.235833,0 -48.000000,31.235833,0 -47.000000,31.235833,0 -46.000000,31.235833,0 -45.000000,31.235833,0 -44.000000,31.235833,0 -43.000000,31.235833,0 -42.000000,31.235833,0 -41.000000,31.235833,0 -40.000000,31.235833,0 -39.000000,31.235833,0 -38.000000,31.235833,0 -37.000000,31.235833,0 -36.000000,31.235833,0 -35.000000,31.235833,0 -34.000000,31.235833,0 -33.000000,31.235833,0 -32.000000,31.235833,0 -31.000000,31.235833,0 -30.000000,31.235833,0 -29.000000,31.235833,0 -28.000000,31.235833,0 -27.000000,31.235833,0 -26.000000,31.235833,0 -25.000000,31.235833,0 -24.000000,31.235833,0 -23.000000,31.235833,0 -22.000000,31.235833,0 -21.000000,31.235833,0 -20.000000,31.235833,0 -19.000000,31.235833,0 -18.000000,31.235833,0 -17.000000,31.235833,0 -16.000000,31.235833,0 -15.000000,31.235833,0 -14.000000,31.235833,0 -13.000000,31.235833,0 -12.000000,31.235833,0 -11.000000,31.235833,0 -10.000000,31.235833,0 -9.000000,31.235833,0 -8.000000,31.235833,0 -7.000000,31.235833,0 -6.000000,31.235833,0 -5.000000,31.235833,0 -4.000000,31.235833,0 -3.000000,31.235833,0 -2.000000,31.235833,0 -1.000000,31.235833,0 0.000000,31.235833,0 1.000000,31.235833,0 2.000000,31.235833,0 3.000000,31.235833,0 4.000000,31.235833,0 5.000000,31.235833,0 6.000000,31.235833,0 7.000000,31.235833,0 8.000000,31.235833,0 9.000000,31.235833,0 10.000000,31.235833,0 11.000000,31.235833,0 12.000000,31.235833,0 13.000000,31.235833,0 14.000000,31.235833,0 15.000000,31.235833,0 16.000000,31.235833,0 17.000000,31.235833,0 18.000000,31.235833,0 19.000000,31.235833,0 20.000000,31.235833,0 21.000000,31.235833,0 22.000000,31.235833,0 23.000000,31.235833,0 24.000000,31.235833,0 25.000000,31.235833,0 26.000000,31.235833,0 27.000000,31.235833,0 28.000000,31.235833,0 29.000000,31.235833,0 30.000000,31.235833,0 31.000000,31.235833,0 32.000000,31.235833,0 33.000000,31.235833,0 34.000000,31.235833,0 35.000000,31.235833,0 36.000000,31.235833,0 37.000000,31.235833,0 38.000000,31.235833,0 39.000000,31.235833,0 40.000000,31.235833,0 41.000000,31.235833,0 42.000000,31.235833,0 43.000000,31.235833,0 44.000000,31.235833,0 45.000000,31.235833,0 46.000000,31.235833,0 47.000000,31.235833,0 48.000000,31.235833,0 49.000000,31.235833,0 50.000000,31.235833,0 51.000000,31.235833,0 52.000000,31.235833,0 53.000000,31.235833,0 54.000000,31.235833,0 55.000000,31.235833,0 56.000000,31.235833,0 57.000000,31.235833,0 58.000000,31.235833,0 59.000000,31.235833,0 60.000000,31.235833,0 61.000000,31.235833,0 62.000000,31.235833,0 63.000000,31.235833,0 64.000000,31.235833,0 65.000000,31.235833,0 66.000000,31.235833,0 67.000000,31.235833,0 68.000000,31.235833,0 69.000000,31.235833,0 70.000000,31.235833,0 71.000000,31.235833,0 72.000000,31.235833,0 73.000000,31.235833,0 74.000000,31.235833,0 75.000000,31.235833,0 76.000000,31.235833,0 77.000000,31.235833,0 78.000000,31.235833,0 79.000000,31.235833,0 80.000000,31.235833,0 81.000000,31.235833,0 82.000000,31.235833,0 83.000000,31.235833,0 84.000000,31.235833,0 85.000000,31.235833,0 86.000000,31.235833,0 87.000000,31.235833,0 88.000000,31.235833,0 89.000000,31.235833,0 90.000000,31.235833,0 91.000000,31.235833,0 92.000000,31.235833,0 93.000000,31.235833,0 94.000000,31.235833,0 95.000000,31.235833,0 96.000000,31.235833,0 97.000000,31.235833,0 98.000000,31.235833,0 99.000000,31.235833,0 100.000000,31.235833,0 101.000000,31.235833,0 102.000000,31.235833,0 103.000000,31.235833,0 104.000000,31.235833,0 105.000000,31.235833,0 106.000000,31.235833,0 107.000000,31.235833,0 108.000000,31.235833,0 109.000000,31.235833,0 110.000000,31.235833,0 111.000000,31.235833,0 112.000000,31.235833,0 113.000000,31.235833,0 114.000000,31.235833,0 115.000000,31.235833,0 116.000000,31.235833,0 117.000000,31.235833,0 118.000000,31.235833,0 119.000000,31.235833,0 120.000000,31.235833,0 121.000000,31.235833,0 122.000000,31.235833,0 123.000000,31.235833,0 124.000000,31.235833,0 125.000000,31.235833,0 126.000000,31.235833,0 127.000000,31.235833,0 128.000000,31.235833,0 129.000000,31.235833,0 130.000000,31.235833,0 131.000000,31.235833,0 132.000000,31.235833,0 133.000000,31.235833,0 134.000000,31.235833,0 135.000000,31.235833,0 136.000000,31.235833,0 137.000000,31.235833,0 138.000000,31.235833,0 139.000000,31.235833,0 140.000000,31.235833,0 141.000000,31.235833,0 142.000000,31.235833,0 143.000000,31.235833,0 144.000000,31.235833,0 145.000000,31.235833,0 146.000000,31.235833,0 147.000000,31.235833,0 148.000000,31.235833,0 149.000000,31.235833,0 150.000000,31.235833,0 151.000000,31.235833,0 152.000000,31.235833,0 153.000000,31.235833,0 154.000000,31.235833,0 155.000000,31.235833,0 156.000000,31.235833,0 157.000000,31.235833,0 158.000000,31.235833,0 159.000000,31.235833,0 160.000000,31.235833,0 161.000000,31.235833,0 162.000000,31.235833,0 163.000000,31.235833,0 164.000000,31.235833,0 165.000000,31.235833,0 166.000000,31.235833,0 167.000000,31.235833,0 168.000000,31.235833,0 169.000000,31.235833,0 170.000000,31.235833,0 171.000000,31.235833,0 172.000000,31.235833,0 173.000000,31.235833,0 174.000000,31.235833,0 175.000000,31.235833,0 176.000000,31.235833,0 177.000000,31.235833,0 178.000000,31.235833,0 179.000000,31.235833,0 180.000000,31.235833,0</coordinates>
        </LineString>
      </Placemark>
      <Placemark>
        <name>lat = +32.513056</name>
        <LineString>
          <tessellate>1</tessellate>
          <coordinates>-180.000000,32.513056,0 -179.000000,32.513056,0 -178.000000,32.513056,0 -177.000000,32.513056,0 -176.000000,32.513056,0 -175.000000,32.513056,0 -174.000000,32.513056,0 -173.000000,32.513056,0 -172.000000,32.513056,0 -171.000000,32.513056,0 -170.000000,32.513056,0 -169.000000,32.513056,0 -168.000000,32.513056,0 -167.000000,32.513056,0 -166.000000,32.513056,0 -165.000000,32.513056,0 -164.000000,32.513056,0 -163.000000,32.513056,0 -162.000000,32.513056,0 -161.000000,32.513056,0 -160.000000,32.513056,0 -159.000000,32.513056,0 -158.000000,32.513056,0 -157.000000,32.513056,0 -156.000000,32.513056,0 -155.000000,32.513056,0 -154.000000,32.513056,0 -153.000000,32.513056,0 -152.000000,32.513056,0 -151.000000,32.513056,0 -150.000000,32.513056,0 -149.000000,32.513056,0 -148.000000,32.513056,0 -147.000000,32.513056,0 -146.000000,32.513056,0 -145.000000,32.513056,0 -144.000000,32.513056,0 -143.000000,32.513056,0 -142.000000,32.513056,0 -141.000000,32.513056,0 -140.000000,32.513056,0 -139.000000,32.513056,0 -138.000000,32.513056,0 -137.000000,32.513056,0 -136.000000,32.513056,0 -135.000000,32.513056,0 -134.000000,32.513056,0 -133.000000,32.513056,0 -132.000000,32.513056,0 -131.000000,32.513056,0 -130.000000,32.513056,0 -129.000000,32.513056,0 -128.000000,32.513056,0 -127.000000,32.513056,0 -126.000000,32.513056,0 -125.000000,32.513056,0 -124.000000,32.513056,0 -123.000000,32.513056,0 -122.000000,32.513056,0 -121.000000,32.513056,0 -120.000000,32.513056,0 -119.000000,32.513056,0 -118.000000,32.513056,0 -117.000000,32.513056,0 -116.000000,32.513056,0 -115.000000,32.513056,0 -114.000000,32.513056,0 -113.000000,32.513056,0 -112.000000,32.513056,0 -111.000000,32.513056,0 -110.000000,32.513056,0 -109.000000,32.513056,0 -108.000000,32.513056,0 -107.000000,32.513056,0 -106.000000,32.513056,0 -105.000000,32.513056,0 -104.000000,32.513056,0 -103.000000,32.513056,0 -102.000000,32.513056,0 -101.000000,32.513056,0 -100.000000,32.513056,0 -99.000000,32.513056,0 -98.000000,32.513056,0 -97.000000,32.513056,0 -96.000000,32.513056,0 -95.000000,32.513056,0 -94.000000,32.513056,0 -93.000000,32.513056,0 -92.000000,32.513056,0 -91.000000,32.513056,0 -90.000000,32.513056,0 -89.000000,32.513056,0 -88.000000,32.513056,0 -87.000000,32.513056,0 -86.000000,32.513056,0 -85.000000,32.513056,0 -84.000000,32.513056,0 -83.000000,32.513056,0 -82.000000,32.513056,0 -81.000000,32.513056,0 -80.000000,32.513056,0 -79.000000,32.513056,0 -78.000000,32.513056,0 -77.000000,32.513056,0 -76.000000,32.513056,0 -75.000000,32.513056,0 -74.000000,32.513056,0 -73.000000,32.513056,0 -72.000000,32.513056,0 -71.000000,32.513056,0 -70.000000,32.513056,0 -69.000000,32.513056,0 -68.000000,32.513056,0 -67.000000,32.513056,0 -66.000000,32.513056,0 -65.000000,32.513056,0 -64.000000,32.513056,0 -63.000000,32.513056,0 -62.000000,32.513056,0 -61.000000,32.513056,0 -60.000000,32.513056,0 -59.000000,32.513056,0 -58.000000,32.513056,0 -57.000000,32.513056,0 -56.000000,32.513056,0 -55.000000,32.513056,0 -54.000000,32.513056,0 -53.000000,32.513056,0 -52.000000,32.513056,0 -51.000000,32.513056,0 -50.000000,32.513056,0 -49.000000,32.513056,0 -48.000000,32.513056,0 -47.000000,32.513056,0 -46.000000,32.513056,0 -45.000000,32.513056,0 -44.000000,32.513056,0 -43.000000,32.513056,0 -42.000000,32.513056,0 -41.000000,32.513056,0 -40.000000,32.513056,0 -39.000000,32.513056,0 -38.000000,32.513056,0 -37.000000,32.513056,0 -36.000000,32.513056,0 -35.000000,32.513056,0 -34.000000,32.513056,0 -33.000000,32.513056,0 -32.000000,32.513056,0 -31.000000,32.513056,0 -30.000000,32.513056,0 -29.000000,32.513056,0 -28.000000,32.513056,0 -27.000000,32.513056,0 -26.000000,32.513056,0 -25.000000,32.513056,0 -24.000000,32.513056,0 -23.000000,32.513056,0 -22.000000,32.513056,0 -21.000000,32.513056,0 -20.000000,32.513056,0 -19.000000,32.513056,0 -18.000000,32.513056,0 -17.000000,32.513056,0 -16.000000,32.513056,0 -15.000000,32.513056,0 -14.000000,32.513056,0 -13.000000,32.513056,0 -12.000000,32.513056,0 -11.000000,32.513056,0 -10.000000,32.513056,0 -9.000000,32.513056,0 -8.000000,32.513056,0 -7.000000,32.513056,0 -6.000000,32.513056,0 -5.000000,32.513056,0 -4.000000,32.513056,0 -3.000000,32.513056,0 -2.000000,32.513056,0 -1.000000,32.513056,0 0.000000,32.513056,0 1.000000,32.513056,0 2.000000,32.513056,0 3.000000,32.513056,0 4.000000,32.513056,0 5.000000,32.513056,0 6.000000,32.513056,0 7.000000,32.513056,0 8.000000,32.513056,0 9.000000,32.513056,0 10.000000,32.513056,0 11.000000,32.513056,0 12.000000,32.513056,0 13.000000,32.513056,0 14.000000,32.513056,0 15.000000,32.513056,0 16.000000,32.513056,0 17.000000,32.513056,0 18.000000,32.513056,0 19.000000,32.513056,0 20.000000,32.513056,0 21.000000,32.513056,0 22.000000,32.513056,0 23.000000,32.513056,0 24.000000,32.513056,0 25.000000,32.513056,0 26.000000,32.513056,0 27.000000,32.513056,0 28.000000,32.513056,0 29.000000,32.513056,0 30.000000,32.513056,0 31.000000,32.513056,0 32.000000,32.513056,0 33.000000,32.513056,0 34.000000,32.513056,0 35.000000,32.513056,0 36.000000,32.513056,0 37.000000,32.513056,0 38.000000,32.513056,0 39.000000,32.513056,0 40.000000,32.513056,0 41.000000,32.513056,0 42.000000,32.513056,0 43.000000,32.513056,0 44.000000,32.513056,0 45.000000,32.513056,0 46.000000,32.513056,0 47.000000,32.513056,0 48.000000,32.513056,0 49.000000,32.513056,0 50.000000,32.513056,0 51.000000,32.513056,0 52.000000,32.513056,0 53.000000,32.513056,0 54.000000,32.513056,0 55.000000,32.513056,0 56.000000,32.513056,0 57.000000,32.513056,0 58.000000,32.513056,0 59.000000,32.513056,0 60.000000,32.513056,0 61.000000,32.513056,0 62.000000,32.513056,0 63.000000,32.513056,0 64.000000,32.513056,0 65.000000,32.513056,0 66.000000,32.513056,0 67.000000,32.513056,0 68.000000,32.513056,0 69.000000,32.513056,0 70.000000,32.513056,0 71.000000,32.513056,0 72.000000,32.513056,0 73.000000,32.513056,0 74.000000,32.513056,0 75.000000,32.513056,0 76.000000,32.513056,0 77.000000,32.513056,0 78.000000,32.513056,0 79.000000,32.513056,0 80.000000,32.513056,0 81.000000,32.513056,0 82.000000,32.513056,0 83.000000,32.513056,0 84.000000,32.513056,0 85.000000,32.513056,0 86.000000,32.513056,0 87.000000,32.513056,0 88.000000,32.513056,0 89.000000,32.513056,0 90.000000,32.513056,0 91.000000,32.513056,0 92.000000,32.513056,0 93.000000,32.513056,0 94.000000,32.513056,0 95.000000,32.513056,0 96.000000,32.513056,0 97.000000,32.513056,0 98.000000,32.513056,0 99.000000,32.513056,0 100.000000,32.513056,0 101.000000,32.513056,0 102.000000,32.513056,0 103.000000,32.513056,0 104.000000,32.513056,0 105.000000,32.513056,0 106.000000,32.513056,0 107.000000,32.513056,0 108.000000,32.513056,0 109.000000,32.513056,0 110.000000,32.513056,0 111.000000,32.513056,0 112.000000,32.513056,0 113.000000,32.513056,0 114.000000,32.513056,0 115.000000,32.513056,0 116.000000,32.513056,0 117.000000,32.513056,0 118.000000,32.513056,0 119.000000,32.513056,0 120.000000,32.513056,0 121.000000,32.513056,0 122.000000,32.513056,0 123.000000,32.513056,0 124.000000,32.513056,0 125.000000,32.513056,0 126.000000,32.513056,0 127.000000,32.513056,0 128.000000,32.513056,0 129.000000,32.513056,0 130.000000,32.513056,0 131.000000,32.513056,0 132.000000,32.513056,0 133.000000,32.513056,0 134.000000,32.513056,0 135.000000,32.513056,0 136.000000,32.513056,0 137.000000,32.513056,0 138.000000,32.513056,0 139.000000,32.513056,0 140.000000,32.513056,0 141.000000,32.513056,0 142.000000,32.513056,0 143.000000,32.513056,0 144.000000,32.513056,0 145.000000,32.513056,0 146.000000,32.513056,0 147.000000,32.513056,0 148.000000,32.513056,0 149.000000,32.513056,0 150.000000,32.513056,0 151.000000,32.513056,0 152.000000,32.513056,0 153.000000,32.513056,0 154.000000,32.513056,0 155.000000,32.513056,0 156.000000,32.513056,0 157.000000,32.513056,0 158.000000,32.513056,0 159.000000,32.513056,0 160.000000,32.513056,0 161.000000,32.513056,0 162.000000,32.513056,0 163.000000,32.513056,0 164.000000,32.513056,0 165.000000,32.513056,0 166.000000,32.513056,0 167.000000,32.513056,0 168.000000,32.513056,0 169.000000,32.513056,0 170.000000,32.513056,0 171.000000,32.513056,0 172.000000,32.513056,0 173.000000,32.513056,0 174.000000,32.513056,0 175.000000,32.513056,0 176.000000,32.513056,0 177.000000,32.513056,0 178.000000,32.513056,0 179.000000,32.513056,0 180.000000,32.513056,0</coordinates>
        </LineString>
      </Placemark>
      <Placemark>
        <name>lat = +32.751667</name>
        <LineString>
          <tessellate>1</tessellate>
          <coordinates>-180.000000,32.751667,0 -179.000000,32.751667,0 -178.000000,32.751667,0 -177.000000,32.751667,0 -176.000000,32.751667,0 -175.000000,32.751667,0 -174.000000,32.751667,0 -173.000000,32.751667,0 -172.000000,32.751667,0 -171.000000,32.751667,0 -170.000000,32.751667,0 -169.000000,32.751667,0 -168.000000,32.751667,0 -167.000000,32.751667,0 -166.000000,32.751667,0 -165.000000,32.751667,0 -164.000000,32.751667,0 -163.000000,32.751667,0 -162.000000,32.751667,0 -161.000000,32.751667,0 -160.000000,32.751667,0 -159.000000,32.751667,0 -158.000000,32.751667,0 -157.000000,32.751667,0 -156.000000,32.751667,0 -155.000000,32.751667,0 -154.000000,32.751667,0 -153.000000,32.751667,0 -152.000000,32.751667,0 -151.000000,32.751667,0 -150.000000,32.751667,0 -149.000000,32.751667,0 -148.000000,32.751667,0 -147.000000,32.751667,0 -146.000000,32.751667,0 -145.000000,32.751667,0 -144.000000,32.751667,0 -143.000000,32.751667,0 -142.000000,32.751667,0 -141.000000,32.751667,0 -140.000000,32.751667,0 -139.000000,32.751667,0 -138.000000,32.751667,0 -137.000000,32.751667,0 -136.000000,32.751667,0 -135.000000,32.751667,0 -134.000000,32.751667,0 -133.000000,32.751667,0 -132.000000,32.751667,0 -131.000000,32.751667,0 -130.000000,32.751667,0 -129.000000,32.751667,0 -128.000000,32.751667,0 -127.000000,32.751667,0 -126.000000,32.751667,0 -125.000000,32.751667,0 -124.000000,32.751667,0 -123.000000,32.751667,0 -122.000000,32.751667,0 -121.000000,32.751667,0 -120.000000,32.751667,0 -119.000000,32.751667,0 -118.000000,32.751667,0 -117.000000,32.751667,0 -116.000000,32.751667,0 -115.000000,32.751667,0 -114.000000,32.751667,0 -113.000000,32.751667,0 -112.000000,32.751667,0 -111.000000,32.751667,0 -110.000000,32.751667,0 -109.000000,32.751667,0 -108.000000,32.751667,0 -107.000000,32.751667,0 -106.000000,32.751667,0 -105.000000,32.751667,0 -104.000000,32.751667,0 -103.000000,32.751667,0 -102.000000,32.751667,0 -101.000000,32.751667,0 -100.000000,32.751667,0 -99.000000,32.751667,0 -98.000000,32.751667,0 -97.000000,32.751667,0 -96.000000,32.751667,0 -95.000000,32.751667,0 -94.000000,32.751667,0 -93.000000,32.751667,0 -92.000000,32.751667,0 -91.000000,32.751667,0 -90.000000,32.751667,0 -89.000000,32.751667,0 -88.000000,32.751667,0 -87.000000,32.751667,0 -86.000000,32.751667,0 -85.000000,32.751667,0 -84.000000,32.751667,0 -83.000000,32.751667,0 -82.000000,32.751667,0 -81.000000,32.751667,0 -80.000000,32.751667,0 -79.000000,32.751667,0 -78.000000,32.751667,0 -77.000000,32.751667,0 -76.000000,32.751667,0 -75.000000,32.751667,0 -74.000000,32.751667,0 -73.000000,32.751667,0 -72.000000,32.751667,0 -71.000000,32.751667,0 -70.000000,32.751667,0 -69.000000,32.751667,0 -68.000000,32.751667,0 -67.000000,32.751667,0 -66.000000,32.751667,0 -65.000000,32.751667,0 -64.000000,32.751667,0 -63.000000,32.751667,0 -62.000000,32.751667,0 -61.000000,32.751667,0 -60.000000,32.751667,0 -59.000000,32.751667,0 -58.000000,32.751667,0 -57.000000,32.751667,0 -56.000000,32.751667,0 -55.000000,32.751667,0 -54.000000,32.751667,0 -53.000000,32.751667,0 -52.000000,32.751667,0 -51.000000,32.751667,0 -50.000000,32.751667,0 -49.000000,32.751667,0 -48.000000,32.751667,0 -47.000000,32.751667,0 -46.000000,32.751667,0 -45.000000,32.751667,0 -44.000000,32.751667,0 -43.000000,32.751667,0 -42.000000,32.751667,0 -41.000000,32.751667,0 -40.000000,32.751667,0 -39.000000,32.751667,0 -38.000000,32.751667,0 -37.000000,32.751667,0 -36.000000,32.751667,0 -35.000000,32.751667,0 -34.000000,32.751667,0 -33.000000,32.751667,0 -32.000000,32.751667,0 -31.000000,32.751667,0 -30.000000,32.751667,0 -29.000000,32.751667,0 -28.000000,32.751667,0 -27.000000,32.751667,0 -26.000000,32.751667,0 -25.000000,32.751667,0 -24.000000,32.751667,0 -23.000000,32.751667,0 -22.000000,32.751667,0 -21.000000,32.751667,0 -20.000000,32.751667,0 -19.000000,32.751667,0 -18.000000,32.751667,0 -17.000000,32.751667,0 -16.000000,32.751667,0 -15.000000,32.751667,0 -14.000000,32.751667,0 -13.000000,32.751667,0 -12.000000,32.751667,0 -11.000000,32.751667,0 -10.000000,32.751667,0 -9.000000,32.751667,0 -8.000000,32.751667,0 -7.000000,32.751667,0 -6.000000,32.751667,0 -5.000000,32.751667,0 -4.000000,32.751667,0 -3.000000,32.751667,0 -2.000000,32.751667,0 -1.000000,32.751667,0 0.000000,32.751667,0 1.000000,32.751667,0 2.000000,32.751667,0 3.000000,32.751667,0 4.000000,32.751667,0 5.000000,32.751667,0 6.000000,32.751667,0 7.000000,32.751667,0 8.000000,32.751667,0 9.000000,32.751667,0 10.000000,32.751667,0 11.000000,32.751667,0 12.000000,32.751667,0 13.000000,32.751667,0 14.000000,32.751667,0 15.000000,32.751667,0 16.000000,32.751667,0 17.000000,32.751667,0 18.000000,32.751667,0 19.000000,32.751667,0 20.000000,32.751667,0 21.000000,32.751667,0 22.000000,32.751667,0 23.000000,32.751667,0 24.000000,32.751667,0 25.000000,32.751667,0 26.000000,32.751667,0 27.000000,32.751667,0 28.000000,32.751667,0 29.000000,32.751667,0 30.000000,32.751667,0 31.000000,32.751667,0 32.000000,32.751667,0 33.000000,32.751667,0 34.000000,32.751667,0 35.000000,32.751667,0 36.000000,32.751667,0 37.000000,32.751667,0 38.000000,32.751667,0 39.000000,32.751667,0 40.000000,32.751667,0 41.000000,32.751667,0 42.000000,32.751667,0 43.000000,32.751667,0 44.000000,32.751667,0 45.000000,32.751667,0 46.000000,32.751667,0 47.000000,32.751667,0 48.000000,32.751667,0 49.000000,32.751667,0 50.000000,32.751667,0 51.000000,32.751667,0 52.000000,32.751667,0 53.000000,32.751667,0 54.000000,32.751667,0 55.000000,32.751667,0 56.000000,32.751667,0 57.000000,32.751667,0 58.000000,32.751667,0 59.000000,32.751667,0 60.000000,32.751667,0 61.000000,32.751667,0 62.000000,32.751667,0 63.000000,32.751667,0 64.000000,32.751667,0 65.000000,32.751667,0 66.000000,32.751667,0 67.000000,32.751667,0 68.000000,32.751667,0 69.000000,32.751667,0 70.000000,32.751667,0 71.000000,32.751667,0 72.000000,32.751667,0 73.000000,32.751667,0 74.000000,32.751667,0 75.000000,32.751667,0 76.000000,32.751667,0 77.000000,32.751667,0 78.000000,32.751667,0 79.000000,32.751667,0 80.000000,32.751667,0 81.000000,32.751667,0 82.000000,32.751667,0 83.000000,32.751667,0 84.000000,32.751667,0 85.000000,32.751667,0 86.000000,32.751667,0 87.000000,32.751667,0 88.000000,32.751667,0 89.000000,32.751667,0 90.000000,32.751667,0 91.000000,32.751667,0 92.000000,32.751667,0 93.000000,32.751667,0 94.000000,32.751667,0 95.000000,32.751667,0 96.000000,32.751667,0 97.000000,32.751667,0 98.000000,32.751667,0 99.000000,32.751667,0 100.000000,32.751667,0 101.000000,32.751667,0 102.000000,32.751667,0 103.000000,32.751667,0 104.000000,32.751667,0 105.000000,32.751667,0 106.000000,32.751667,0 107.000000,32.751667,0 108.000000,32.751667,0 109.000000,32.751667,0 110.000000,32.751667,0 111.000000,32.751667,0 112.000000,32.751667,0 113.000000,32.751667,0 114.000000,32.751667,0 115.000000,32.751667,0 116.000000,32.751667,0 117.000000,32.751667,0 118.000000,32.751667,0 119.000000,32.751667,0 120.000000,32.751667,0 121.000000,32.751667,0 122.000000,32.751667,0 123.000000,32.751667,0 124.000000,32.751667,0 125.000000,32.751667,0 126.000000,32.751667,0 127.000000,32.751667,0 128.000000,32.751667,0 129.000000,32.751667,0 130.000000,32.751667,0 131.000000,32.751667,0 132.000000,32.751667,0 133.000000,32.751667,0 134.000000,32.751667,0 135.000000,32.751667,0 136.000000,32.751667,0 137.000000,32.751667,0 138.000000,32.751667,0 139.000000,32.751667,0 140.000000,32.751667,0 141.000000,32.751667,0 142.000000,32.751667,0 143.000000,32.751667,0 144.000000,32.751667,0 145.000000,32.751667,0 146.000000,32.751667,0 147.000000,32.751667,0 148.000000,32.751667,0 149.000000,32.751667,0 150.000000,32.751667,0 151.000000,32.751667,0 152.000000,32.751667,0 153.000000,32.751667,0 154.000000,32.751667,0 155.000000,32.751667,0 156.000000,32.751667,0 157.000000,32.751667,0 158.000000,32.751667,0 159.000000,32.751667,0 160.000000,32.751667,0 161.000000,32.751667,0 162.000000,32.751667,0 163.000000,32.751667,0 164.000000,32.751667,0 165.000000,32.751667,0 166.000000,32.751667,0 167.000000,32.751667,0 168.000000,32.751667,0 169.000000,32.751667,0 170.000000,32.751667,0 171.000000,32.751667,0 172.000000,32.751667,0 173.000000,32.751667,0 174.000000,32.751667,0 175.000000,32.751667,0 176.000000,32.751667,0 177.000000,32.751667,0 178.000000,32.751667,0 179.000000,32.751667,0 180.000000,32.751667,0</coordinates>
        </LineString>
      </Placemark>
      <Placemark>
        <name>lat = +36.866944</name>
        <LineString>
          <tessellate>1</tessellate>
          <coordinates>-180.000000,36.866944,0 -179.000000,36.866944,0 -178.000000,36.866944,0 -177.000000,36.866944,0 -176.000000,36.866944,0 -175.000000,36.866944,0 -174.000000,36.866944,0 -173.000000,36.866944,0 -172.000000,36.866944,0 -171.000000,36.866944,0 -170.000000,36.866944,0 -169.000000,36.866944,0 -168.000000,36.866944,0 -167.000000,36.866944,0 -166.000000,36.866944,0 -165.000000,36.866944,0 -164.000000,36.866944,0 -163.000000,36.866944,0 -162.000000,36.866944,0 -161.000000,36.866944,0 -160.000000,36.866944,0 -159.000000,36.866944,0 -158.000000,36.866944,0 -157.000000,36.866944,0 -156.000000,36.866944,0 -155.000000,36.866944,0 -154.000000,36.866944,0 -153.000000,36.866944,0 -152.000000,36.866944,0 -151.000000,36.866944,0 -150.000000,36.866944,0 -149.000000,36.866944,0 -148.000000,36.866944,0 -147.000000,36.866944,0 -146.000000,36.866944,0 -145.000000,36.866944,0 -144.000000,36.866944,0 -143.000000,36.866944,0 -142.000000,36.866944,0 -141.000000,36.866944,0 -140.000000,36.866944,0 -139.000000,36.866944,0 -138.000000,36.866944,0 -137.000000,36.866944,0 -136.000000,36.866944,0 -135.000000,36.866944,0 -134.000000,36.866944,0 -133.000000,36.866944,0 -132.000000,36.866944,0 -131.000000,36.866944,0 -130.000000,36.866944,0 -129.000000,36.866944,0 -128.000000,36.866944,0 -127.000000,36.866944,0 -126.000000,36.866944,0 -125.000000,36.866944,0 -124.000000,36.866944,0 -123.000000,36.866944,0 -122.000000,36.866944,0 -121.000000,36.866944,0 -120.000000,36.866944,0 -119.000000,36.866944,0 -118.000000,36.866944,0 -117.000000,36.866944,0 -116.000000,36.866944,0 -115.000000,36.866944,0 -114.000000,36.866944,0 -113.000000,36.866944,0 -112.000000,36.866944,0 -111.000000,36.866944,0 -110.000000,36.866944,0 -109.000000,36.866944,0 -108.000000,36.866944,0 -107.000000,36.866944,0 -106.000000,36.866944,0 -105.000000,36.866944,0 -104.000000,36.866944,0 -103.000000,36.866944,0 -102.000000,36.866944,0 -101.000000,36.866944,0 -100.000000,36.866944,0 -99.000000,36.866944,0 -98.000000,36.866944,0 -97.000000,36.866944,0 -96.000000,36.866944,0 -95.000000,36.866944,0 -94.000000,36.866944,0 -93.000000,36.866944,0 -92.000000,36.866944,0 -91.000000,36.866944,0 -90.000000,36.866944,0 -89.000000,36.866944,0 -88.000000,36.866944,0 -87.000000,36.866944,0 -86.000000,36.866944,0 -85.000000,36.866944,0 -84.000000,36.866944,0 -83.000000,36.866944,0 -82.000000,36.866944,0 -81.000000,36.866944,0 -80.000000,36.866944,0 -79.000000,36.866944,0 -78.000000,36.866944,0 -77.000000,36.866944,0 -76.000000,36.866944,0 -75.000000,36.866944,0 -74.000000,36.866944,0 -73.000000,36.866944,0 -72.000000,36.866944,0 -71.000000,36.866944,0 -70.000000,36.866944,0 -69.000000,36.866944,0 -68.000000,36.866944,0 -67.000000,36.866944,0 -66.000000,36.866944,0 -65.000000,36.866944,0 -64.000000,36.866944,0 -63.000000,36.866944,0 -62.000000,36.866944,0 -61.000000,36.866944,0 -60.000000,36.866944,0 -59.000000,36.866944,0 -58.000000,36.866944,0 -57.000000,36.866944,0 -56.000000,36.866944,0 -55.000000,36.866944,0 -54.000000,36.866944,0 -53.000000,36.866944,0 -52.000000,36.866944,0 -51.000000,36.866944,0 -50.000000,36.866944,0 -49.000000,36.866944,0 -48.000000,36.866944,0 -47.000000,36.866944,0 -46.000000,36.866944,0 -45.000000,36.866944,0 -44.000000,36.866944,0 -43.000000,36.866944,0 -42.000000,36.866944,0 -41.000000,36.866944,0 -40.000000,36.866944,0 -39.000000,36.866944,0 -38.000000,36.866944,0 -37.000000,36.866944,0 -36.000000,36.866944,0 -35.000000,36.866944,0 -34.000000,36.866944,0 -33.000000,36.866944,0 -32.000000,36.866944,0 -31.000000,36.866944,0 -30.000000,36.866944,0 -29.000000,36.866944,0 -28.000000,36.866944,0 -27.000000,36.866944,0 -26.000000,36.866944,0 -25.000000,36.866944,0 -24.000000,36.866944,0 -23.000000,36.866944,0 -22.000000,36.866944,0 -21.000000,36.866944,0 -20.000000,36.866944,0 -19.000000,36.866944,0 -18.000000,36.866944,0 -17.000000,36.866944,0 -16.000000,36.866944,0 -15.000000,36.866944,0 -14.000000,36.866944,0 -13.000000,36.866944,0 -12.000000,36.866944,0 -11.000000,36.866944,0 -10.000000,36.866944,0 -9.000000,36.866944,0 -8.000000,36.866944,0 -7.000000,36.866944,0 -6.000000,36.866944,0 -5.000000,36.866944,0 -4.000000,36.866944,0 -3.000000,36.866944,0 -2.000000,36.866944,0 -1.000000,36.866944,0 0.000000,36.866944,0 1.000000,36.866944,0 2.000000,36.866944,0 3.000000,36.866944,0 4.000000,36.866944,0 5.000000,36.866944,0 6.000000,36.866944,0 7.000000,36.866944,0 8.000000,36.866944,0 9.000000,36.866944,0 10.000000,36.866944,0 11.000000,36.866944,0 12.000000,36.866944,0 13.000000,36.866944,0 14.000000,36.866944,0 15.000000,36.866944,0 16.000000,36.866944,0 17.000000,36.866944,0 18.000000,36.866944,0 19.000000,36.866944,0 20.000000,36.866944,0 21.000000,36.866944,0 22.000000,36.866944,0 23.000000,36.866944,0 24.000000,36.866944,0 25.000000,36.866944,0 26.000000,36.866944,0 27.000000,36.866944,0 28.000000,36.866944,0 29.000000,36.866944,0 30.000000,36.866944,0 31.000000,36.866944,0 32.000000,36.866944,0 33.000000,36.866944,0 34.000000,36.866944,0 35.000000,36.866944,0 36.000000,36.866944,0 37.000000,36.866944,0 38.000000,36.866944,0 39.000000,36.866944,0 40.000000,36.866944,0 41.000000,36.866944,0 42.000000,36.866944,0 43.000000,36.866944,0 44.000000,36.866944,0 45.000000,36.866944,0 46.000000,36.866944,0 47.000000,36.866944,0 48.000000,36.866944,0 49.000000,36.866944,0 50.000000,36.866944,0 51.000000,36.866944,0 52.000000,36.866944,0 53.000000,36.866944,0 54.000000,36.866944,0 55.000000,36.866944,0 56.000000,36.866944,0 57.000000,36.866944,0 58.000000,36.866944,0 59.000000,36.866944,0 60.000000,36.866944,0 61.000000,36.866944,0 62.000000,36.866944,0 63.000000,36.866944,0 64.000000,36.866944,0 65.000000,36.866944,0 66.000000,36.866944,0 67.000000,36.866944,0 68.000000,36.866944,0 69.000000,36.866944,0 70.000000,36.866944,0 71.000000,36.866944,0 72.000000,36.866944,0 73.000000,36.866944,0 74.000000,36.866944,0 75.000000,36.866944,0 76.000000,36.866944,0 77.000000,36.866944,0 78.000000,36.866944,0 79.000000,36.866944,0 80.000000,36.866944,0 81.000000,36.866944,0 82.000000,36.866944,0 83.000000,36.866944,0 84.000000,36.866944,0 85.000000,36.866944,0 86.000000,36.866944,0 87.000000,36.866944,0 88.000000,36.866944,0 89.000000,36.866944,0 90.000000,36.866944,0 91.000000,36.866944,0 92.000000,36.866944,0 93.000000,36.866944,0 94.000000,36.866944,0 95.000000,36.866944,0 96.000000,36.866944,0 97.000000,36.866944,0 98.000000,36.866944,0 99.000000,36.866944,0 100.000000,36.866944,0 101.000000,36.866944,0 102.000000,36.866944,0 103.000000,36.866944,0 104.000000,36.866944,0 105.000000,36.866944,0 106.000000,36.866944,0 107.000000,36.866944,0 108.000000,36.866944,0 109.000000,36.866944,0 110.000000,36.866944,0 111.000000,36.866944,0 112.000000,36.866944,0 113.000000,36.866944,0 114.000000,36.866944,0 115.000000,36.866944,0 116.000000,36.866944,0 117.000000,36.866944,0 118.000000,36.866944,0 119.000000,36.866944,0 120.000000,36.866944,0 121.000000,36.866944,0 122.000000,36.866944,0 123.000000,36.866944,0 124.000000,36.866944,0 125.000000,36.866944,0 126.000000,36.866944,0 127.000000,36.866944,0 128.000000,36.866944,0 129.000000,36.866944,0 130.000000,36.866944,0 131.000000,36.866944,0 132.000000,36.866944,0 133.000000,36.866944,0 134.000000,36.866944,0 135.000000,36.866944,0 136.000000,36.866944,0 137.000000,36.866944,0 138.000000,36.866944,0 139.000000,36.866944,0 140.000000,36.866944,0 141.000000,36.866944,0 142.000000,36.866944,0 143.000000,36.866944,0 144.000000,36.866944,0 145.000000,36.866944,0 146.000000,36.866944,0 147.000000,36.866944,0 148.000000,36.866944,0 149.000000,36.866944,0 150.000000,36.866944,0 151.000000,36.866944,0 152.000000,36.866944,0 153.000000,36.866944,0 154.000000,36.866944,0 155.000000,36.866944,0 156.000000,36.866944,0 157.000000,36.866944,0 158.000000,36.866944,0 159.000000,36.866944,0 160.000000,36.866944,0 161.000000,36.866944,0 162.000000,36.866944,0 163.000000,36.866944,0 164.000000,36.866944,0 165.000000,36.866944,0 166.000000,36.866944,0 167.000000,36.866944,0 168.000000,36.866944,0 169.000000,36.866944,0 170.000000,36.866944,0 171.000000,36.866944,0 172.000000,36.866944,0 173.000000,36.866944,0 174.000000,36.866944,0 175.000000,36.866944,0 176.000000,36.866944,0 177.000000,36.866944,0 178.000000,36.866944,0 179.000000,36.866944,0 180.000000,36.866944,0</coordinates>
        </LineString>
      </Placemark>
      <Placemark>
        <name>lat = +40.450000</name>
        <LineString>
          <tessellate>1</tessellate>
          <coordinates>-180.000000,40.450000,0 -179.000000,40.450000,0 -178.000000,40.450000,0 -177.000000,40.450000,0 -176.000000,40.450000,0 -175.000000,40.450000,0 -174.000000,40.450000,0 -173.000000,40.450000,0 -172.000000,40.450000,0 -171.000000,40.450000,0 -170.000000,40.450000,0 -169.000000,40.450000,0 -168.000000,40.450000,0 -167.000000,40.450000,0 -166.000000,40.450000,0 -165.000000,40.450000,0 -164.000000,40.450000,0 -163.000000,40.450000,0 -162.000000,40.450000,0 -161.000000,40.450000,0 -160.000000,40.450000,0 -159.000000,40.450000,0 -158.000000,40.450000,0 -157.000000,40.450000,0 -156.000000,40.450000,0 -155.000000,40.450000,0 -154.000000,40.450000,0 -153.000000,40.450000,0 -152.000000,40.450000,0 -151.000000,40.450000,0 -150.000000,40.450000,0 -149.000000,40.450000,0 -148.000000,40.450000,0 -147.000000,40.450000,0 -146.000000,40.450000,0 -145.000000,40.450000,0 -144.000000,40.450000,0 -143.000000,40.450000,0 -142.000000,40.450000,0 -141.000000,40.450000,0 -140.000000,40.450000,0 -139.000000,40.450000,0 -138.000000,40.450000,0 -137.000000,40.450000,0 -136.000000,40.450000,0 -135.000000,40.450000,0 -134.000000,40.450000,0 -133.000000,40.450000,0 -132.000000,40.450000,0 -131.000000,40.450000,0 -130.000000,40.450000,0 -129.000000,40.450000,0 -128.000000,40.450000,0 -127.000000,40.450000,0 -126.000000,40.450000,0 -125.000000,40.450000,0 -124.000000,40.450000,0 -123.000000,40.450000,0 -122.000000,40.450000,0 -121.000000,40.450000,0 -120.000000,40.450000,0 -119.000000,40.450000,0 -118.000000,40.450000,0 -117.000000,40.450000,0 -116.000000,40.450000,0 -115.000000,40.450000,0 -114.000000,40.450000,0 -113.000000,40.450000,0 -112.000000,40.450000,0 -111.000000,40.450000,0 -110.000000,40.450000,0 -109.000000,40.450000,0 -108.000000,40.450000,0 -107.000000,40.450000,0 -106.000000,40.450000,0 -105.000000,40.450000,0 -104.000000,40.450000,0 -103.000000,40.450000,0 -102.000000,40.450000,0 -101.000000,40.450000,0 -100.000000,40.450000,0 -99.000000,40.450000,0 -98.000000,40.450000,0 -97.000000,40.450000,0 -96.000000,40.450000,0 -95.000000,40.450000,0 -94.000000,40.450000,0 -93.000000,40.450000,0 -92.000000,40.450000,0 -91.000000,40.450000,0 -90.000000,40.450000,0 -89.000000,40.450000,0 -88.000000,40.450000,0 -87.000000,40.450000,0 -86.000000,40.450000,0 -85.000000,40.450000,0 -84.000000,40.450000,0 -83.000000,40.450000,0 -82.000000,40.450000,0 -81.000000,40.450000,0 -80.000000,40.450000,0 -79.000000,40.450000,0 -78.000000,40.450000,0 -77.000000,40.450000,0 -76.000000,40.450000,0 -75.000000,40.450000,0 -74.000000,40.450000,0 -73.000000,40.450000,0 -72.000000,40.450000,0 -71.000000,40.450000,0 -70.000000,40.450000,0 -69.000000,40.450000,0 -68.000000,40.450000,0 -67.000000,40.450000,0 -66.000000,40.450000,0 -65.000000,40.450000,0 -64.000000,40.450000,0 -63.000000,40.450000,0 -62.000000,40.450000,0 -61.000000,40.450000,0 -60.000000,40.450000,0 -59.000000,40.450000,0 -58.000000,40.450000,0 -57.000000,40.450000,0 -56.000000,40.450000,0 -55.000000,40.450000,0 -54.000000,40.450000,0 -53.000000,40.450000,0 -52.000000,40.450000,0 -51.000000,40.450000,0 -50.000000,40.450000,0 -49.000000,40.450000,0 -48.000000,40.450000,0 -47.000000,40.450000,0 -46.000000,40.450000,0 -45.000000,40.450000,0 -44.000000,40.450000,0 -43.000000,40.450000,0 -42.000000,40.450000,0 -41.000000,40.450000,0 -40.000000,40.450000,0 -39.000000,40.450000,0 -38.000000,40.450000,0 -37.000000,40.450000,0 -36.000000,40.450000,0 -35.000000,40.450000,0 -34.000000,40.450000,0 -33.000000,40.450000,0 -32.000000,40.450000,0 -31.000000,40.450000,0 -30.000000,40.450000,0 -29.000000,40.450000,0 -28.000000,40.450000,0 -27.000000,40.450000,0 -26.000000,40.450000,0 -25.000000,40.450000,0 -24.000000,40.450000,0 -23.000000,40.450000,0 -22.000000,40.450000,0 -21.000000,40.450000,0 -20.000000,40.450000,0 -19.000000,40.450000,0 -18.000000,40.450000,0 -17.000000,40.450000,0 -16.000000,40.450000,0 -15.000000,40.450000,0 -14.000000,40.450000,0 -13.000000,40.450000,0 -12.000000,40.450000,0 -11.000000,40.450000,0 -10.000000,40.450000,0 -9.000000,40.450000,0 -8.000000,40.450000,0 -7.000000,40.450000,0 -6.000000,40.450000,0 -5.000000,40.450000,0 -4.000000,40.450000,0 -3.000000,40.450000,0 -2.000000,40.450000,0 -1.000000,40.450000,0 0.000000,40.450000,0 1.000000,40.450000,0 2.000000,40.450000,0 3.000000,40.450000,0 4.000000,40.450000,0 5.000000,40.450000,0 6.000000,40.450000,0 7.000000,40.450000,0 8.000000,40.450000,0 9.000000,40.450000,0 10.000000,40.450000,0 11.000000,40.450000,0 12.000000,40.450000,0 13.000000,40.450000,0 14.000000,40.450000,0 15.000000,40.450000,0 16.000000,40.450000,0 17.000000,40.450000,0 18.000000,40.450000,0 19.000000,40.450000,0 20.000000,40.450000,0 21.000000,40.450000,0 22.000000,40.450000,0 23.000000,40.450000,0 24.000000,40.450000,0 25.000000,40.450000,0 26.000000,40.450000,0 27.000000,40.450000,0 28.000000,40.450000,0 29.000000,40.450000,0 30.000000,40.450000,0 31.000000,40.450000,0 32.000000,40.450000,0 33.000000,40.450000,0 34.000000,40.450000,0 35.000000,40.450000,0 36.000000,40.450000,0 37.000000,40.450000,0 38.000000,40.450000,0 39.000000,40.450000,0 40.000000,40.450000,0 41.000000,40.450000,0 42.000000,40.450000,0 43.000000,40.450000,0 44.000000,40.450000,0 45.000000,40.450000,0 46.000000,40.450000,0 47.000000,40.450000,0 48.000000,40.450000,0 49.000000,40.450000,0 50.000000,40.450000,0 51.000000,40.450000,0 52.000000,40.450000,0 53.000000,40.450000,0 54.000000,40.450000,0 55.000000,40.450000,0 56.000000,40.450000,0 57.000000,40.450000,0 58.000000,40.450000,0 59.000000,40.450000,0 60.000000,40.450000,0 61.000000,40.450000,0 62.000000,40.450000,0 63.000000,40.450000,0 64.000000,40.450000,0 65.000000,40.450000,0 66.000000,40.450000,0 67.000000,40.450000,0 68.000000,40.450000,0 69.000000,40.450000,0 70.000000,40.450000,0 71.000000,40.450000,0 72.000000,40.450000,0 73.000000,40.450000,0 74.000000,40.450000,0 75.000000,40.450000,0 76.000000,40.450000,0 77.000000,40.450000,0 78.000000,40.450000,0 79.000000,40.450000,0 80.000000,40.450000,0 81.000000,40.450000,0 82.000000,40.450000,0 83.000000,40.450000,0 84.000000,40.450000,0 85.000000,40.450000,0 86.000000,40.450000,0 87.000000,40.450000,0 88.000000,40.450000,0 89.000000,40.450000,0 90.000000,40.450000,0 91.000000,40.450000,0 92.000000,40.450000,0 93.000000,40.450000,0 94.000000,40.450000,0 95.000000,40.450000,0 96.000000,40.450000,0 97.000000,40.450000,0 98.000000,40.450000,0 99.000000,40.450000,0 100.000000,40.450000,0 101.000000,40.450000,0 102.000000,40.450000,0 103.000000,40.450000,0 104.000000,40.450000,0 105.000000,40.450000,0 106.000000,40.450000,0 107.000000,40.450000,0 108.000000,40.450000,0 109.000000,40.450000,0 110.000000,40.450000,0 111.000000,40.450000,0 112.000000,40.450000,0 113.000000,40.450000,0 114.000000,40.450000,0 115.000000,40.450000,0 116.000000,40.450000,0 117.000000,40.450000,0 118.000000,40.450000,0 119.000000,40.450000,0 120.000000,40.450000,0 121.000000,40.450000,0 122.000000,40.450000,0 123.000000,40.450000,0 124.000000,40.450000,0 125.000000,40.450000,0 126.000000,40.450000,0 127.000000,40.450000,0 128.000000,40.450000,0 129.000000,40.450000,0 130.000000,40.450000,0 131.000000,40.450000,0 132.000000,40.450000,0 133.000000,40.450000,0 134.000000,40.450000,0 135.000000,40.450000,0 136.000000,40.450000,0 137.000000,40.450000,0 138.000000,40.450000,0 139.000000,40.450000,0 140.000000,40.450000,0 141.000000,40.450000,0 142.000000,40.450000,0 143.000000,40.450000,0 144.000000,40.450000,0 145.000000,40.450000,0 146.000000,40.450000,0 147.000000,40.450000,0 148.000000,40.450000,0 149.000000,40.450000,0 150.000000,40.450000,0 151.000000,40.450000,0 152.000000,40.450000,0 153.000000,40.450000,0 154.000000,40.450000,0 155.000000,40.450000,0 156.000000,40.450000,0 157.000000,40.450000,0 158.000000,40.450000,0 159.000000,40.450000,0 160.000000,40.450000,0 161.000000,40.450000,0 162.000000,40.450000,0 163.000000,40.450000,0 164.000000,40.450000,0 165.000000,40.450000,0 166.000000,40.450000,0 167.000000,40.450000,0 168.000000,40.450000,0 169.000000,40.450000,0 170.000000,40.450000,0 171.000000,40.450000,0 172.000000,40.450000,0 173.000000,40.450000,0 174.000000,40.450000,0 175.000000,40.450000,0 176.000000,40.450000,0 177.000000,40.450000,0 178.000000,40.450000,0 179.000000,40.450000,0 180.000000,40.450000,0</coordinates>
        </LineString>
      </Placemark>
      <Placemark>
        <name>lat = +42.874722</name>
        <LineString>
          <tessellate>1</tessellate>
          <coordinates>-180.000000,42.874722,0 -179.000000,42.874722,0 -178.000000,42.874722,0 -177.000000,42.874722,0 -176.000000,42.874722,0 -175.000000,42.874722,0 -174.000000,42.874722,0 -173.000000,42.874722,0 -172.000000,42.874722,0 -171.000000,42.874722,0 -170.000000,42.874722,0 -169.000000,42.874722,0 -168.000000,42.874722,0 -167.000000,42.874722,0 -166.000000,42.874722,0 -165.000000,42.874722,0 -164.000000,42.874722,0 -163.000000,42.874722,0 -162.000000,42.874722,0 -161.000000,42.874722,0 -160.000000,42.874722,0 -159.000000,42.874722,0 -158.000000,42.874722,0 -157.000000,42.874722,0 -156.000000,42.874722,0 -155.000000,42.874722,0 -154.000000,42.874722,0 -153.000000,42.874722,0 -152.000000,42.874722,0 -151.000000,42.874722,0 -150.000000,42.874722,0 -149.000000,42.874722,0 -148.000000,42.874722,0 -147.000000,42.874722,0 -146.000000,42.874722,0 -145.000000,42.874722,0 -144.000000,42.874722,0 -143.000000,42.874722,0 -142.000000,42.874722,0 -141.000000,42.874722,0 -140.000000,42.874722,0 -139.000000,42.874722,0 -138.000000,42.874722,0 -137.000000,42.874722,0 -136.000000,42.874722,0 -135.000000,42.874722,0 -134.000000,42.874722,0 -133.000000,42.874722,0 -132.000000,42.874722,0 -131.000000,42.874722,0 -130.000000,42.874722,0 -129.000000,42.874722,0 -128.000000,42.874722,0 -127.000000,42.874722,0 -126.000000,42.874722,0 -125.000000,42.874722,0 -124.000000,42.874722,0 -123.000000,42.874722,0 -122.000000,42.874722,0 -121.000000,42.874722,0 -120.000000,42.874722,0 -119.000000,42.874722,0 -118.000000,42.874722,0 -117.000000,42.874722,0 -116.000000,42.874722,0 -115.000000,42.874722,0 -114.000000,42.874722,0 -113.000000,42.874722,0 -112.000000,42.874722,0 -111.000000,42.874722,0 -110.000000,42.874722,0 -109.000000,42.874722,0 -108.000000,42.874722,0 -107.000000,42.874722,0 -106.000000,42.874722,0 -105.000000,42.874722,0 -104.000000,42.874722,0 -103.000000,42.874722,0 -102.000000,42.874722,0 -101.000000,42.874722,0 -100.000000,42.874722,0 -99.000000,42.874722,0 -98.000000,42.874722,0 -97.000000,42.874722,0 -96.000000,42.874722,0 -95.000000,42.874722,0 -94.000000,42.874722,0 -93.000000,42.874722,0 -92.000000,42.874722,0 -91.000000,42.874722,0 -90.000000,42.874722,0 -89.000000,42.874722,0 -88.000000,42.874722,0 -87.000000,42.874722,0 -86.000000,42.874722,0 -85.000000,42.874722,0 -84.000000,42.874722,0 -83.000000,42.874722,0 -82.000000,42.874722,0 -81.000000,42.874722,0 -80.000000,42.874722,0 -79.000000,42.874722,0 -78.000000,42.874722,0 -77.000000,42.874722,0 -76.000000,42.874722,0 -75.000000,42.874722,0 -74.000000,42.874722,0 -73.000000,42.874722,0 -72.000000,42.874722,0 -71.000000,42.874722,0 -70.000000,42.874722,0 -69.000000,42.874722,0 -68.000000,42.874722,0 -67.000000,42.874722,0 -66.000000,42.874722,0 -65.000000,42.874722,0 -64.000000,42.874722,0 -63.000000,42.874722,0 -62.000000,42.874722,0 -61.000000,42.874722,0 -60.000000,42.874722,0 -59.000000,42.874722,0 -58.000000,42.874722,0 -57.000000,42.874722,0 -56.000000,42.874722,0 -55.000000,42.874722,0 -54.000000,42.874722,0 -53.000000,42.874722,0 -52.000000,42.874722,0 -51.000000,42.874722,0 -50.000000,42.874722,0 -49.000000,42.874722,0 -48.000000,42.874722,0 -47.000000,42.874722,0 -46.000000,42.874722,0 -45.000000,42.874722,0 -44.000000,42.874722,0 -43.000000,42.874722,0 -42.000000,42.874722,0 -41.000000,42.874722,0 -40.000000,42.874722,0 -39.000000,42.874722,0 -38.000000,42.874722,0 -37.000000,42.874722,0 -36.000000,42.874722,0 -35.000000,42.874722,0 -34.000000,42.874722,0 -33.000000,42.874722,0 -32.000000,42.874722,0 -31.000000,42.874722,0 -30.000000,42.874722,0 -29.000000,42.874722,0 -28.000000,42.874722,0 -27.000000,42.874722,0 -26.000000,42.874722,0 -25.000000,42.874722,0 -24.000000,42.874722,0 -23.000000,42.874722,0 -22.000000,42.874722,0 -21.000000,42.874722,0 -20.000000,42.874722,0 -19.000000,42.874722,0 -18.000000,42.874722,0 -17.000000,42.874722,0 -16.000000,42.874722,0 -15.000000,42.874722,0 -14.000000,42.874722,0 -13.000000,42.874722,0 -12.000000,42.874722,0 -11.000000,42.874722,0 -10.000000,42.874722,0 -9.000000,42.874722,0 -8.000000,42.874722,0 -7.000000,42.874722,0 -6.000000,42.874722,0 -5.000000,42.874722,0 -4.000000,42.874722,0 -3.000000,42.874722,0 -2.000000,42.874722,0 -1.000000,42.874722,0 0.000000,42.874722,0 1.000000,42.874722,0 2.000000,42.874722,0 3.000000,42.874722,0 4.000000,42.874722,0 5.000000,42.874722,0 6.000000,42.874722,0 7.000000,42.874722,0 8.000000,42.874722,0 9.000000,42.874722,0 10.000000,42.874722,0 11.000000,42.874722,0 12.000000,42.874722,0 13.000000,42.874722,0 14.000000,42.874722,0 15.000000,42.874722,0 16.000000,42.874722,0 17.000000,42.874722,0 18.000000,42.874722,0 19.000000,42.874722,0 20.000000,42.874722,0 21.000000,42.874722,0 22.000000,42.874722,0 23.000000,42.874722,0 24.000000,42.874722,0 25.000000,42.874722,0 26.000000,42.874722,0 27.000000,42.874722,0 28.000000,42.874722,0 29.000000,42.874722,0 30.000000,42.874722,0 31.000000,42.874722,0 32.000000,42.874722,0 33.000000,42.874722,0 34.000000,42.874722,0 35.000000,42.874722,0 36.000000,42.874722,0 37.000000,42.874722,0 38.000000,42.874722,0 39.000000,42.874722,0 40.000000,42.874722,0 41.000000,42.874722,0 42.000000,42.874722,0 43.000000,42.874722,0 44.000000,42.874722,0 45.000000,42.874722,0 46.000000,42.874722,0 47.000000,42.874722,0 48.000000,42.874722,0 49.000000,42.874722,0 50.000000,42.874722,0 51.000000,42.874722,0 52.000000,42.874722,0 53.000000,42.874722,0 54.000000,42.874722,0 55.000000,42.874722,0 56.000000,42.874722,0 57.000000,42.874722,0 58.000000,42.874722,0 59.000000,42.874722,0 60.000000,42.874722,0 61.000000,42.874722,0 62.000000,42.874722,0 63.000000,42.874722,0 64.000000,42.874722,0 65.000000,42.874722,0 66.000000,42.874722,0 67.000000,42.874722,0 68.000000,42.874722,0 69.000000,42.874722,0 70.000000,42.874722,0 71.000000,42.874722,0 72.000000,42.874722,0 73.000000,42.874722,0 74.000000,42.874722,0 75.000000,42.874722,0 76.000000,42.874722,0 77.000000,42.874722,0 78.000000,42.874722,0 79.000000,42.874722,0 80.000000,42.874722,0 81.000000,42.874722,0 82.000000,42.874722,0 83.000000,42.874722,0 84.000000,42.874722,0 85.000000,42.874722,0 86.000000,42.874722,0 87.000000,42.874722,0 88.000000,42.874722,0 89.000000,42.874722,0 90.000000,42.874722,0 91.000000,42.874722,0 92.000000,42.874722,0 93.000000,42.874722,0 94.000000,42.874722,0 95.000000,42.874722,0 96.000000,42.874722,0 97.000000,42.874722,0 98.000000,42.874722,0 99.000000,42.874722,0 100.000000,42.874722,0 101.000000,42.874722,0 102.000000,42.874722,0 103.000000,42.874722,0 104.000000,42.874722,0 105.000000,42.874722,0 106.000000,42.874722,0 107.000000,42.874722,0 108.000000,42.874722,0 109.000000,42.874722,0 110.000000,42.874722,0 111.000000,42.874722,0 112.000000,42.874722,0 113.000000,42.874722,0 114.000000,42.874722,0 115.000000,42.874722,0 116.000000,42.874722,0 117.000000,42.874722,0 118.000000,42.874722,0 119.000000,42.874722,0 120.000000,42.874722,0 121.000000,42.874722,0 122.000000,42.874722,0 123.000000,42.874722,0 124.000000,42.874722,0 125.000000,42.874722,0 126.000000,42.874722,0 127.000000,42.874722,0 128.000000,42.874722,0 129.000000,42.874722,0 130.000000,42.874722,0 131.000000,42.874722,0 132.000000,42.874722,0 133.000000,42.874722,0 134.000000,42.874722,0 135.000000,42.874722,0 136.000000,42.874722,0 137.000000,42.874722,0 138.000000,42.874722,0 139.000000,42.874722,0 140.000000,42.874722,0 141.000000,42.874722,0 142.000000,42.874722,0 143.000000,42.874722,0 144.000000,42.874722,0 145.000000,42.874722,0 146.000000,42.874722,0 147.000000,42.874722,0 148.000000,42.874722,0 149.000000,42.874722,0 150.000000,42.874722,0 151.000000,42.874722,0 152.000000,42.874722,0 153.000000,42.874722,0 154.000000,42.874722,0 155.000000,42.874722,0 156.000000,42.874722,0 157.000000,42.874722,0 158.000000,42.874722,0 159.000000,42.874722,0 160.000000,42.874722,0 161.000000,42.874722,0 162.000000,42.874722,0 163.000000,42.874722,0 164.000000,42.874722,0 165.000000,42.874722,0 166.000000,42.874722,0 167.000000,42.874722,0 168.000000,42.874722,0 169.000000,42.874722,0 170.000000,42.874722,0 171.000000,42.874722,0 172.000000,42.874722,0 173.000000,42.874722,0 174.000000,42.874722,0 175.000000,42.874722,0 176.000000,42.874722,0 177.000000,42.874722,0 178.000000,42.874722,0 179.000000,42.874722,0 180.000000,42.874722,0</coordinates>
        </LineString>
      </Placemark>
    </Folder>
    <Folder>
      <name>South (-lat)</name>
      <Placemark>
        <name>lat = -0.708056</name>
        <LineString>
          <tessellate>1</tessellate>
          <coordinates>-180.000000,-0.708056,0 -179.000000,-0.708056,0 -178.000000,-0.708056,0 -177.000000,-0.708056,0 -176.000000,-0.708056,0 -175.000000,-0.708056,0 -174.000000,-0.708056,0 -173.000000,-0.708056,0 -172.000000,-0.708056,0 -171.000000,-0.708056,0 -170.000000,-0.708056,0 -169.000000,-0.708056,0 -168.000000,-0.708056,0 -167.000000,-0.708056,0 -166.000000,-0.708056,0 -165.000000,-0.708056,0 -164.000000,-0.708056,0 -163.000000,-0.708056,0 -162.000000,-0.708056,0 -161.000000,-0.708056,0 -160.000000,-0.708056,0 -159.000000,-0.708056,0 -158.000000,-0.708056,0 -157.000000,-0.708056,0 -156.000000,-0.708056,0 -155.000000,-0.708056,0 -154.000000,-0.708056,0 -153.000000,-0.708056,0 -152.000000,-0.708056,0 -151.000000,-0.708056,0 -150.000000,-0.708056,0 -149.000000,-0.708056,0 -148.000000,-0.708056,0 -147.000000,-0.708056,0 -146.000000,-0.708056,0 -145.000000,-0.708056,0 -144.000000,-0.708056,0 -143.000000,-0.708056,0 -142.000000,-0.708056,0 -141.000000,-0.708056,0 -140.000000,-0.708056,0 -139.000000,-0.708056,0 -138.000000,-0.708056,0 -137.000000,-0.708056,0 -136.000000,-0.708056,0 -135.000000,-0.708056,0 -134.000000,-0.708056,0 -133.000000,-0.708056,0 -132.000000,-0.708056,0 -131.000000,-0.708056,0 -130.000000,-0.708056,0 -129.000000,-0.708056,0 -128.000000,-0.708056,0 -127.000000,-0.708056,0 -126.000000,-0.708056,0 -125.000000,-0.708056,0 -124.000000,-0.708056,0 -123.000000,-0.708056,0 -122.000000,-0.708056,0 -121.000000,-0.708056,0 -120.000000,-0.708056,0 -119.000000,-0.708056,0 -118.000000,-0.708056,0 -117.000000,-0.708056,0 -116.000000,-0.708056,0 -115.000000,-0.708056,0 -114.000000,-0.708056,0 -113.000000,-0.708056,0 -112.000000,-0.708056,0 -111.000000,-0.708056,0 -110.000000,-0.708056,0 -109.000000,-0.708056,0 -108.000000,-0.708056,0 -107.000000,-0.708056,0 -106.000000,-0.708056,0 -105.000000,-0.708056,0 -104.000000,-0.708056,0 -103.000000,-0.708056,0 -102.000000,-0.708056,0 -101.000000,-0.708056,0 -100.000000,-0.708056,0 -99.000000,-0.708056,0 -98.000000,-0.708056,0 -97.000000,-0.708056,0 -96.000000,-0.708056,0 -95.000000,-0.708056,0 -94.000000,-0.708056,0 -93.000000,-0.708056,0 -92.000000,-0.708056,0 -91.000000,-0.708056,0 -90.000000,-0.708056,0 -89.000000,-0.708056,0 -88.000000,-0.708056,0 -87.000000,-0.708056,0 -86.000000,-0.708056,0 -85.000000,-0.708056,0 -84.000000,-0.708056,0 -83.000000,-0.708056,0 -82.000000,-0.708056,0 -81.000000,-0.708056,0 -80.000000,-0.708056,0 -79.000000,-0.708056,0 -78.000000,-0.708056,0 -77.000000,-0.708056,0 -76.000000,-0.708056,0 -75.000000,-0.708056,0 -74.000000,-0.708056,0 -73.000000,-0.708056,0 -72.000000,-0.708056,0 -71.000000,-0.708056,0 -70.000000,-0.708056,0 -69.000000,-0.708056,0 -68.000000,-0.708056,0 -67.000000,-0.708056,0 -66.000000,-0.708056,0 -65.000000,-0.708056,0 -64.000000,-0.708056,0 -63.000000,-0.708056,0 -62.000000,-0.708056,0 -61.000000,-0.708056,0 -60.000000,-0.708056,0 -59.000000,-0.708056,0 -58.000000,-0.708056,0 -57.000000,-0.708056,0 -56.000000,-0.708056,0 -55.000000,-0.708056,0 -54.000000,-0.708056,0 -53.000000,-0.708056,0 -52.000000,-0.708056,0 -51.000000,-0.708056,0 -50.000000,-0.708056,0 -49.000000,-0.708056,0 -48.000000,-0.708056,0 -47.000000,-0.708056,0 -46.000000,-0.708056,0 -45.000000,-0.708056,0 -44.000000,-0.708056,0 -43.000000,-0.708056,0 -42.000000,-0.708056,0 -41.000000,-0.708056,0 -40.000000,-0.708056,0 -39.000000,-0.708056,0 -38.000000,-0.708056,0 -37.000000,-0.708056,0 -36.000000,-0.708056,0 -35.000000,-0.708056,0 -34.000000,-0.708056,0 -33.000000,-0.708056,0 -32.000000,-0.708056,0 -31.000000,-0.708056,0 -30.000000,-0.708056,0 -29.000000,-0.708056,0 -28.000000,-0.708056,0 -27.000000,-0.708056,0 -26.000000,-0.708056,0 -25.000000,-0.708056,0 -24.000000,-0.708056,0 -23.000000,-0.708056,0 -22.000000,-0.708056,0 -21.000000,-0.708056,0 -20.000000,-0.708056,0 -19.000000,-0.708056,0 -18.000000,-0.708056,0 -17.000000,-0.708056,0 -16.000000,-0.708056,0 -15.000000,-0.708056,0 -14.000000,-0.708056,0 -13.000000,-0.708056,0 -12.000000,-0.708056,0 -11.000000,-0.708056,0 -10.000000,-0.708056,0 -9.000000,-0.708056,0 -8.000000,-0.708056,0 -7.000000,-0.708056,0 -6.000000,-0.708056,0 -5.000000,-0.708056,0 -4.000000,-0.708056,0 -3.000000,-0.708056,0 -2.000000,-0.708056,0 -1.000000,-0.708056,0 0.000000,-0.708056,0 1.000000,-0.708056,0 2.000000,-0.708056,0 3.000000,-0.708056,0 4.000000,-0.708056,0 5.000000,-0.708056,0 6.000000,-0.708056,0 7.000000,-0.708056,0 8.000000,-0.708056,0 9.000000,-0.708056,0 10.000000,-0.708056,0 11.000000,-0.708056,0 12.000000,-0.708056,0 13.000000,-0.708056,0 14.000000,-0.708056,0 15.000000,-0.708056,0 16.000000,-0.708056,0 17.000000,-0.708056,0 18.000000,-0.708056,0 19.000000,-0.708056,0 20.000000,-0.708056,0 21.000000,-0.708056,0 22.000000,-0.708056,0 23.000000,-0.708056,0 24.000000,-0.708056,0 25.000000,-0.708056,0 26.000000,-0.708056,0 27.000000,-0.708056,0 28.000000,-0.708056,0 29.000000,-0.708056,0 30.000000,-0.708056,0 31.000000,-0.708056,0 32.000000,-0.708056,0 33.000000,-0.708056,0 34.000000,-0.708056,0 35.000000,-0.708056,0 36.000000,-0.708056,0 37.000000,-0.708056,0 38.000000,-0.708056,0 39.000000,-0.708056,0 40.000000,-0.708056,0 41.000000,-0.708056,0 42.000000,-0.708056,0 43.000000,-0.708056,0 44.000000,-0.708056,0 45.000000,-0.708056,0 46.000000,-0.708056,0 47.000000,-0.708056,0 48.000000,-0.708056,0 49.000000,-0.708056,0 50.000000,-0.708056,0 51.000000,-0.708056,0 52.000000,-0.708056,0 53.000000,-0.708056,0 54.000000,-0.708056,0 55.000000,-0.708056,0 56.000000,-0.708056,0 57.000000,-0.708056,0 58.000000,-0.708056,0 59.000000,-0.708056,0 60.000000,-0.708056,0 61.000000,-0.708056,0 62.000000,-0.708056,0 63.000000,-0.708056,0 64.000000,-0.708056,0 65.000000,-0.708056,0 66.000000,-0.708056,0 67.000000,-0.708056,0 68.000000,-0.708056,0 69.000000,-0.708056,0 70.000000,-0.708056,0 71.000000,-0.708056,0 72.000000,-0.708056,0 73.000000,-0.708056,0 74.000000,-0.708056,0 75.000000,-0.708056,0 76.000000,-0.708056,0 77.000000,-0.708056,0 78.000000,-0.708056,0 79.000000,-0.708056,0 80.000000,-0.708056,0 81.000000,-0.708056,0 82.000000,-0.708056,0 83.000000,-0.708056,0 84.000000,-0.708056,0 85.000000,-0.708056,0 86.000000,-0.708056,0 87.000000,-0.708056,0 88.000000,-0.708056,0 89.000000,-0.708056,0 90.000000,-0.708056,0 91.000000,-0.708056,0 92.000000,-0.708056,0 93.000000,-0.708056,0 94.000000,-0.708056,0 95.000000,-0.708056,0 96.000000,-0.708056,0 97.000000,-0.708056,0 98.000000,-0.708056,0 99.000000,-0.708056,0 100.000000,-0.708056,0 101.000000,-0.708056,0 102.000000,-0.708056,0 103.000000,-0.708056,0 104.000000,-0.708056,0 105.000000,-0.708056,0 106.000000,-0.708056,0 107.000000,-0.708056,0 108.000000,-0.708056,0 109.000000,-0.708056,0 110.000000,-0.708056,0 111.000000,-0.708056,0 112.000000,-0.708056,0 113.000000,-0.708056,0 114.000000,-0.708056,0 115.000000,-0.708056,0 116.000000,-0.708056,0 117.000000,-0.708056,0 118.000000,-0.708056,0 119.000000,-0.708056,0 120.000000,-0.708056,0 121.000000,-0.708056,0 122.000000,-0.708056,0 123.000000,-0.708056,0 124.000000,-0.708056,0 125.000000,-0.708056,0 126.000000,-0.708056,0 127.000000,-0.708056,0 128.000000,-0.708056,0 129.000000,-0.708056,0 130.000000,-0.708056,0 131.000000,-0.708056,0 132.000000,-0.708056,0 133.000000,-0.708056,0 134.000000,-0.708056,0 135.000000,-0.708056,0 136.000000,-0.708056,0 137.000000,-0.708056,0 138.000000,-0.708056,0 139.000000,-0.708056,0 140.000000,-0.708056,0 141.000000,-0.708056,0 142.000000,-0.708056,0 143.000000,-0.708056,0 144.000000,-0.708056,0 145.000000,-0.708056,0 146.000000,-0.708056,0 147.000000,-0.708056,0 148.000000,-0.708056,0 149.000000,-0.708056,0 150.000000,-0.708056,0 151.000000,-0.708056,0 152.000000,-0.708056,0 153.000000,-0.708056,0 154.000000,-0.708056,0 155.000000,-0.708056,0 156.000000,-0.708056,0 157.000000,-0.708056,0 158.000000,-0.708056,0 159.000000,-0.708056,0 160.000000,-0.708056,0 161.000000,-0.708056,0 162.000000,-0.708056,0 163.000000,-0.708056,0 164.000000,-0.708056,0 165.000000,-0.708056,0 166.000000,-0.708056,0 167.000000,-0.708056,0 168.000000,-0.708056,0 169.000000,-0.708056,0 170.000000,-0.708056,0 171.000000,-0.708056,0 172.000000,-0.708056,0 173.000000,-0.708056,0 174.000000,-0.708056,0 175.000000,-0.708056,0 176.000000,-0.708056,0 177.000000,-0.708056,0 178.000000,-0.708056,0 179.000000,-0.708056,0 180.000000,-0.708056,0</coordinates>
        </LineString>
      </Placemark>
      <Placemark>
        <name>lat = -3.848889</name>
        <LineString>
          <tessellate>1</tessellate>
          <coordinates>-180.000000,-3.848889,0 -179.000000,-3.848889,0 -178.000000,-3.848889,0 -177.000000,-3.848889,0 -176.000000,-3.848889,0 -175.000000,-3.848889,0 -174.000000,-3.848889,0 -173.000000,-3.848889,0 -172.000000,-3.848889,0 -171.000000,-3.848889,0 -170.000000,-3.848889,0 -169.000000,-3.848889,0 -168.000000,-3.848889,0 -167.000000,-3.848889,0 -166.000000,-3.848889,0 -165.000000,-3.848889,0 -164.000000,-3.848889,0 -163.000000,-3.848889,0 -162.000000,-3.848889,0 -161.000000,-3.848889,0 -160.000000,-3.848889,0 -159.000000,-3.848889,0 -158.000000,-3.848889,0 -157.000000,-3.848889,0 -156.000000,-3.848889,0 -155.000000,-3.848889,0 -154.000000,-3.848889,0 -153.000000,-3.848889,0 -152.000000,-3.848889,0 -151.000000,-3.848889,0 -150.000000,-3.848889,0 -149.000000,-3.848889,0 -148.000000,-3.848889,0 -147.000000,-3.848889,0 -146.000000,-3.848889,0 -145.000000,-3.848889,0 -144.000000,-3.848889,0 -143.000000,-3.848889,0 -142.000000,-3.848889,0 -141.000000,-3.848889,0 -140.000000,-3.848889,0 -139.000000,-3.848889,0 -138.000000,-3.848889,0 -137.000000,-3.848889,0 -136.000000,-3.848889,0 -135.000000,-3.848889,0 -134.000000,-3.848889,0 -133.000000,-3.848889,0 -132.000000,-3.848889,0 -131.000000,-3.848889,0 -130.000000,-3.848889,0 -129.000000,-3.848889,0 -128.000000,-3.848889,0 -127.000000,-3.848889,0 -126.000000,-3.848889,0 -125.000000,-3.848889,0 -124.000000,-3.848889,0 -123.000000,-3.848889,0 -122.000000,-3.848889,0 -121.000000,-3.848889,0 -120.000000,-3.848889,0 -119.000000,-3.848889,0 -118.000000,-3.848889,0 -117.000000,-3.848889,0 -116.000000,-3.848889,0 -115.000000,-3.848889,0 -114.000000,-3.848889,0 -113.000000,-3.848889,0 -112.000000,-3.848889,0 -111.000000,-3.848889,0 -110.000000,-3.848889,0 -109.000000,-3.848889,0 -108.000000,-3.848889,0 -107.000000,-3.848889,0 -106.000000,-3.848889,0 -105.000000,-3.848889,0 -104.000000,-3.848889,0 -103.000000,-3.848889,0 -102.000000,-3.848889,0 -101.000000,-3.848889,0 -100.000000,-3.848889,0 -99.000000,-3.848889,0 -98.000000,-3.848889,0 -97.000000,-3.848889,0 -96.000000,-3.848889,0 -95.000000,-3.848889,0 -94.000000,-3.848889,0 -93.000000,-3.848889,0 -92.000000,-3.848889,0 -91.000000,-3.848889,0 -90.000000,-3.848889,0 -89.000000,-3.848889,0 -88.000000,-3.848889,0 -87.000000,-3.848889,0 -86.000000,-3.848889,0 -85.000000,-3.848889,0 -84.000000,-3.848889,0 -83.000000,-3.848889,0 -82.000000,-3.848889,0 -81.000000,-3.848889,0 -80.000000,-3.848889,0 -79.000000,-3.848889,0 -78.000000,-3.848889,0 -77.000000,-3.848889,0 -76.000000,-3.848889,0 -75.000000,-3.848889,0 -74.000000,-3.848889,0 -73.000000,-3.848889,0 -72.000000,-3.848889,0 -71.000000,-3.848889,0 -70.000000,-3.848889,0 -69.000000,-3.848889,0 -68.000000,-3.848889,0 -67.000000,-3.848889,0 -66.000000,-3.848889,0 -65.000000,-3.848889,0 -64.000000,-3.848889,0 -63.000000,-3.848889,0 -62.000000,-3.848889,0 -61.000000,-3.848889,0 -60.000000,-3.848889,0 -59.000000,-3.848889,0 -58.000000,-3.848889,0 -57.000000,-3.848889,0 -56.000000,-3.848889,0 -55.000000,-3.848889,0 -54.000000,-3.848889,0 -53.000000,-3.848889,0 -52.000000,-3.848889,0 -51.000000,-3.848889,0 -50.000000,-3.848889,0 -49.000000,-3.848889,0 -48.000000,-3.848889,0 -47.000000,-3.848889,0 -46.000000,-3.848889,0 -45.000000,-3.848889,0 -44.000000,-3.848889,0 -43.000000,-3.848889,0 -42.000000,-3.848889,0 -41.000000,-3.848889,0 -40.000000,-3.848889,0 -39.000000,-3.848889,0 -38.000000,-3.848889,0 -37.000000,-3.848889,0 -36.000000,-3.848889,0 -35.000000,-3.848889,0 -34.000000,-3.848889,0 -33.000000,-3.848889,0 -32.000000,-3.848889,0 -31.000000,-3.848889,0 -30.000000,-3.848889,0 -29.000000,-3.848889,0 -28.000000,-3.848889,0 -27.000000,-3.848889,0 -26.000000,-3.848889,0 -25.000000,-3.848889,0 -24.000000,-3.848889,0 -23.000000,-3.848889,0 -22.000000,-3.848889,0 -21.000000,-3.848889,0 -20.000000,-3.848889,0 -19.000000,-3.848889,0 -18.000000,-3.848889,0 -17.000000,-3.848889,0 -16.000000,-3.848889,0 -15.000000,-3.848889,0 -14.000000,-3.848889,0 -13.000000,-3.848889,0 -12.000000,-3.848889,0 -11.000000,-3.848889,0 -10.000000,-3.848889,0 -9.000000,-3.848889,0 -8.000000,-3.848889,0 -7.000000,-3.848889,0 -6.000000,-3.848889,0 -5.000000,-3.848889,0 -4.000000,-3.848889,0 -3.000000,-3.848889,0 -2.000000,-3.848889,0 -1.000000,-3.848889,0 0.000000,-3.848889,0 1.000000,-3.848889,0 2.000000,-3.848889,0 3.000000,-3.848889,0 4.000000,-3.848889,0 5.000000,-3.848889,0 6.000000,-3.848889,0 7.000000,-3.848889,0 8.000000,-3.848889,0 9.000000,-3.848889,0 10.000000,-3.848889,0 11.000000,-3.848889,0 12.000000,-3.848889,0 13.000000,-3.848889,0 14.000000,-3.848889,0 15.000000,-3.848889,0 16.000000,-3.848889,0 17.000000,-3.848889,0 18.000000,-3.848889,0 19.000000,-3.848889,0 20.000000,-3.848889,0 21.000000,-3.848889,0 22.000000,-3.848889,0 23.000000,-3.848889,0 24.000000,-3.848889,0 25.000000,-3.848889,0 26.000000,-3.848889,0 27.000000,-3.848889,0 28.000000,-3.848889,0 29.000000,-3.848889,0 30.000000,-3.848889,0 31.000000,-3.848889,0 32.000000,-3.848889,0 33.000000,-3.848889,0 34.000000,-3.848889,0 35.000000,-3.848889,0 36.000000,-3.848889,0 37.000000,-3.848889,0 38.000000,-3.848889,0 39.000000,-3.848889,0 40.000000,-3.848889,0 41.000000,-3.848889,0 42.000000,-3.848889,0 43.000000,-3.848889,0 44.000000,-3.848889,0 45.000000,-3.848889,0 46.000000,-3.848889,0 47.000000,-3.848889,0 48.000000,-3.848889,0 49.000000,-3.848889,0 50.000000,-3.848889,0 51.000000,-3.848889,0 52.000000,-3.848889,0 53.000000,-3.848889,0 54.000000,-3.848889,0 55.000000,-3.848889,0 56.000000,-3.848889,0 57.000000,-3.848889,0 58.000000,-3.848889,0 59.000000,-3.848889,0 60.000000,-3.848889,0 61.000000,-3.848889,0 62.000000,-3.848889,0 63.000000,-3.848889,0 64.000000,-3.848889,0 65.000000,-3.848889,0 66.000000,-3.848889,0 67.000000,-3.848889,0 68.000000,-3.848889,0 69.000000,-3.848889,0 70.000000,-3.848889,0 71.000000,-3.848889,0 72.000000,-3.848889,0 73.000000,-3.848889,0 74.000000,-3.848889,0 75.000000,-3.848889,0 76.000000,-3.848889,0 77.000000,-3.848889,0 78.000000,-3.848889,0 79.000000,-3.848889,0 80.000000,-3.848889,0 81.000000,-3.848889,0 82.000000,-3.848889,0 83.000000,-3.848889,0 84.000000,-3.848889,0 85.000000,-3.848889,0 86.000000,-3.848889,0 87.000000,-3.848889,0 88.000000,-3.848889,0 89.000000,-3.848889,0 90.000000,-3.848889,0 91.000000,-3.848889,0 92.000000,-3.848889,0 93.000000,-3.848889,0 94.000000,-3.848889,0 95.000000,-3.848889,0 96.000000,-3.848889,0 97.000000,-3.848889,0 98.000000,-3.848889,0 99.000000,-3.848889,0 100.000000,-3.848889,0 101.000000,-3.848889,0 102.000000,-3.848889,0 103.000000,-3.848889,0 104.000000,-3.848889,0 105.000000,-3.848889,0 106.000000,-3.848889,0 107.000000,-3.848889,0 108.000000,-3.848889,0 109.000000,-3.848889,0 110.000000,-3.848889,0 111.000000,-3.848889,0 112.000000,-3.848889,0 113.000000,-3.848889,0 114.000000,-3.848889,0 115.000000,-3.848889,0 116.000000,-3.848889,0 117.000000,-3.848889,0 118.000000,-3.848889,0 119.000000,-3.848889,0 120.000000,-3.848889,0 121.000000,-3.848889,0 122.000000,-3.848889,0 123.000000,-3.848889,0 124.000000,-3.848889,0 125.000000,-3.848889,0 126.000000,-3.848889,0 127.000000,-3.848889,0 128.000000,-3.848889,0 129.000000,-3.848889,0 130.000000,-3.848889,0 131.000000,-3.848889,0 132.000000,-3.848889,0 133.000000,-3.848889,0 134.000000,-3.848889,0 135.000000,-3.848889,0 136.000000,-3.848889,0 137.000000,-3.848889,0 138.000000,-3.848889,0 139.000000,-3.848889,0 140.000000,-3.848889,0 141.000000,-3.848889,0 142.000000,-3.848889,0 143.000000,-3.848889,0 144.000000,-3.848889,0 145.000000,-3.848889,0 146.000000,-3.848889,0 147.000000,-3.848889,0 148.000000,-3.848889,0 149.000000,-3.848889,0 150.000000,-3.848889,0 151.000000,-3.848889,0 152.000000,-3.848889,0 153.000000,-3.848889,0 154.000000,-3.848889,0 155.000000,-3.848889,0 156.000000,-3.848889,0 157.000000,-3.848889,0 158.000000,-3.848889,0 159.000000,-3.848889,0 160.000000,-3.848889,0 161.000000,-3.848889,0 162.000000,-3.848889,0 163.000000,-3.848889,0 164.000000,-3.848889,0 165.000000,-3.848889,0 166.000000,-3.848889,0 167.000000,-3.848889,0 168.000000,-3.848889,0 169.000000,-3.848889,0 170.000000,-3.848889,0 171.000000,-3.848889,0 172.000000,-3.848889,0 173.000000,-3.848889,0 174.000000,-3.848889,0 175.000000,-3.848889,0 176.000000,-3.848889,0 177.000000,-3.848889,0 178.000000,-3.848889,0 179.000000,-3.848889,0 180.000000,-3.848889,0</coordinates>
        </LineString>
      </Placemark>
      <Placemark>
        <name>lat = -14.665833</name>
        <LineString>
          <tessellate>1</tessellate>
          <coordinates>-180.000000,-14.665833,0 -179.000000,-14.665833,0 -178.000000,-14.665833,0 -177.000000,-14.665833,0 -176.000000,-14.665833,0 -175.000000,-14.665833,0 -174.000000,-14.665833,0 -173.000000,-14.665833,0 -172.000000,-14.665833,0 -171.000000,-14.665833,0 -170.000000,-14.665833,0 -169.000000,-14.665833,0 -168.000000,-14.665833,0 -167.000000,-14.665833,0 -166.000000,-14.665833,0 -165.000000,-14.665833,0 -164.000000,-14.665833,0 -163.000000,-14.665833,0 -162.000000,-14.665833,0 -161.000000,-14.665833,0 -160.000000,-14.665833,0 -159.000000,-14.665833,0 -158.000000,-14.665833,0 -157.000000,-14.665833,0 -156.000000,-14.665833,0 -155.000000,-14.665833,0 -154.000000,-14.665833,0 -153.000000,-14.665833,0 -152.000000,-14.665833,0 -151.000000,-14.665833,0 -150.000000,-14.665833,0 -149.000000,-14.665833,0 -148.000000,-14.665833,0 -147.000000,-14.665833,0 -146.000000,-14.665833,0 -145.000000,-14.665833,0 -144.000000,-14.665833,0 -143.000000,-14.665833,0 -142.000000,-14.665833,0 -141.000000,-14.665833,0 -140.000000,-14.665833,0 -139.000000,-14.665833,0 -138.000000,-14.665833,0 -137.000000,-14.665833,0 -136.000000,-14.665833,0 -135.000000,-14.665833,0 -134.000000,-14.665833,0 -133.000000,-14.665833,0 -132.000000,-14.665833,0 -131.000000,-14.665833,0 -130.000000,-14.665833,0 -129.000000,-14.665833,0 -128.000000,-14.665833,0 -127.000000,-14.665833,0 -126.000000,-14.665833,0 -125.000000,-14.665833,0 -124.000000,-14.665833,0 -123.000000,-14.665833,0 -122.000000,-14.665833,0 -121.000000,-14.665833,0 -120.000000,-14.665833,0 -119.000000,-14.665833,0 -118.000000,-14.665833,0 -117.000000,-14.665833,0 -116.000000,-14.665833,0 -115.000000,-14.665833,0 -114.000000,-14.665833,0 -113.000000,-14.665833,0 -112.000000,-14.665833,0 -111.000000,-14.665833,0 -110.000000,-14.665833,0 -109.000000,-14.665833,0 -108.000000,-14.665833,0 -107.000000,-14.665833,0 -106.000000,-14.665833,0 -105.000000,-14.665833,0 -104.000000,-14.665833,0 -103.000000,-14.665833,0 -102.000000,-14.665833,0 -101.000000,-14.665833,0 -100.000000,-14.665833,0 -99.000000,-14.665833,0 -98.000000,-14.665833,0 -97.000000,-14.665833,0 -96.000000,-14.665833,0 -95.000000,-14.665833,0 -94.000000,-14.665833,0 -93.000000,-14.665833,0 -92.000000,-14.665833,0 -91.000000,-14.665833,0 -90.000000,-14.665833,0 -89.000000,-14.665833,0 -88.000000,-14.665833,0 -87.000000,-14.665833,0 -86.000000,-14.665833,0 -85.000000,-14.665833,0 -84.000000,-14.665833,0 -83.000000,-14.665833,0 -82.000000,-14.665833,0 -81.000000,-14.665833,0 -80.000000,-14.665833,0 -79.000000,-14.665833,0 -78.000000,-14.665833,0 -77.000000,-14.665833,0 -76.000000,-14.665833,0 -75.000000,-14.665833,0 -74.000000,-14.665833,0 -73.000000,-14.665833,0 -72.000000,-14.665833,0 -71.000000,-14.665833,0 -70.000000,-14.665833,0 -69.000000,-14.665833,0 -68.000000,-14.665833,0 -67.000000,-14.665833,0 -66.000000,-14.665833,0 -65.000000,-14.665833,0 -64.000000,-14.665833,0 -63.000000,-14.665833,0 -62.000000,-14.665833,0 -61.000000,-14.665833,0 -60.000000,-14.665833,0 -59.000000,-14.665833,0 -58.000000,-14.665833,0 -57.000000,-14.665833,0 -56.000000,-14.665833,0 -55.000000,-14.665833,0 -54.000000,-14.665833,0 -53.000000,-14.665833,0 -52.000000,-14.665833,0 -51.000000,-14.665833,0 -50.000000,-14.665833,0 -49.000000,-14.665833,0 -48.000000,-14.665833,0 -47.000000,-14.665833,0 -46.000000,-14.665833,0 -45.000000,-14.665833,0 -44.000000,-14.665833,0 -43.000000,-14.665833,0 -42.000000,-14.665833,0 -41.000000,-14.665833,0 -40.000000,-14.665833,0 -39.000000,-14.665833,0 -38.000000,-14.665833,0 -37.000000,-14.665833,0 -36.000000,-14.665833,0 -35.000000,-14.665833,0 -34.000000,-14.665833,0 -33.000000,-14.665833,0 -32.000000,-14.665833,0 -31.000000,-14.665833,0 -30.000000,-14.665833,0 -29.000000,-14.665833,0 -28.000000,-14.665833,0 -27.000000,-14.665833,0 -26.000000,-14.665833,0 -25.000000,-14.665833,0 -24.000000,-14.665833,0 -23.000000,-14.665833,0 -22.000000,-14.665833,0 -21.000000,-14.665833,0 -20.000000,-14.665833,0 -19.000000,-14.665833,0 -18.000000,-14.665833,0 -17.000000,-14.665833,0 -16.000000,-14.665833,0 -15.000000,-14.665833,0 -14.000000,-14.665833,0 -13.000000,-14.665833,0 -12.000000,-14.665833,0 -11.000000,-14.665833,0 -10.000000,-14.665833,0 -9.000000,-14.665833,0 -8.000000,-14.665833,0 -7.000000,-14.665833,0 -6.000000,-14.665833,0 -5.000000,-14.665833,0 -4.000000,-14.665833,0 -3.000000,-14.665833,0 -2.000000,-14.665833,0 -1.000000,-14.665833,0 0.000000,-14.665833,0 1.000000,-14.665833,0 2.000000,-14.665833,0 3.000000,-14.665833,0 4.000000,-14.665833,0 5.000000,-14.665833,0 6.000000,-14.665833,0 7.000000,-14.665833,0 8.000000,-14.665833,0 9.000000,-14.665833,0 10.000000,-14.665833,0 11.000000,-14.665833,0 12.000000,-14.665833,0 13.000000,-14.665833,0 14.000000,-14.665833,0 15.000000,-14.665833,0 16.000000,-14.665833,0 17.000000,-14.665833,0 18.000000,-14.665833,0 19.000000,-14.665833,0 20.000000,-14.665833,0 21.000000,-14.665833,0 22.000000,-14.665833,0 23.000000,-14.665833,0 24.000000,-14.665833,0 25.000000,-14.665833,0 26.000000,-14.665833,0 27.000000,-14.665833,0 28.000000,-14.665833,0 29.000000,-14.665833,0 30.000000,-14.665833,0 31.000000,-14.665833,0 32.000000,-14.665833,0 33.000000,-14.665833,0 34.000000,-14.665833,0 35.000000,-14.665833,0 36.000000,-14.665833,0 37.000000,-14.665833,0 38.000000,-14.665833,0 39.000000,-14.665833,0 40.000000,-14.665833,0 41.000000,-14.665833,0 42.000000,-14.665833,0 43.000000,-14.665833,0 44.000000,-14.665833,0 45.000000,-14.665833,0 46.000000,-14.665833,0 47.000000,-14.665833,0 48.000000,-14.665833,0 49.000000,-14.665833,0 50.000000,-14.665833,0 51.000000,-14.665833,0 52.000000,-14.665833,0 53.000000,-14.665833,0 54.000000,-14.665833,0 55.000000,-14.665833,0 56.000000,-14.665833,0 57.000000,-14.665833,0 58.000000,-14.665833,0 59.000000,-14.665833,0 60.000000,-14.665833,0 61.000000,-14.665833,0 62.000000,-14.665833,0 63.000000,-14.665833,0 64.000000,-14.665833,0 65.000000,-14.665833,0 66.000000,-14.665833,0 67.000000,-14.665833,0 68.000000,-14.665833,0 69.000000,-14.665833,0 70.000000,-14.665833,0 71.000000,-14.665833,0 72.000000,-14.665833,0 73.000000,-14.665833,0 74.000000,-14.665833,0 75.000000,-14.665833,0 76.000000,-14.665833,0 77.000000,-14.665833,0 78.000000,-14.665833,0 79.000000,-14.665833,0 80.000000,-14.665833,0 81.000000,-14.665833,0 82.000000,-14.665833,0 83.000000,-14.665833,0 84.000000,-14.665833,0 85.000000,-14.665833,0 86.000000,-14.665833,0 87.000000,-14.665833,0 88.000000,-14.665833,0 89.000000,-14.665833,0 90.000000,-14.665833,0 91.000000,-14.665833,0 92.000000,-14.665833,0 93.000000,-14.665833,0 94.000000,-14.665833,0 95.000000,-14.665833,0 96.000000,-14.665833,0 97.000000,-14.665833,0 98.000000,-14.665833,0 99.000000,-14.665833,0 100.000000,-14.665833,0 101.000000,-14.665833,0 102.000000,-14.665833,0 103.000000,-14.665833,0 104.000000,-14.665833,0 105.000000,-14.665833,0 106.000000,-14.665833,0 107.000000,-14.665833,0 108.000000,-14.665833,0 109.000000,-14.665833,0 110.000000,-14.665833,0 111.000000,-14.665833,0 112.000000,-14.665833,0 113.000000,-14.665833,0 114.000000,-14.665833,0 115.000000,-14.665833,0 116.000000,-14.665833,0 117.000000,-14.665833,0 118.000000,-14.665833,0 119.000000,-14.665833,0 120.000000,-14.665833,0 121.000000,-14.665833,0 122.000000,-14.665833,0 123.000000,-14.665833,0 124.000000,-14.665833,0 125.000000,-14.665833,0 126.000000,-14.665833,0 127.000000,-14.665833,0 128.000000,-14.665833,0 129.000000,-14.665833,0 130.000000,-14.665833,0 131.000000,-14.665833,0 132.000000,-14.665833,0 133.000000,-14.665833,0 134.000000,-14.665833,0 135.000000,-14.665833,0 136.000000,-14.665833,0 137.000000,-14.665833,0 138.000000,-14.665833,0 139.000000,-14.665833,0 140.000000,-14.665833,0 141.000000,-14.665833,0 142.000000,-14.665833,0 143.000000,-14.665833,0 144.000000,-14.665833,0 145.000000,-14.665833,0 146.000000,-14.665833,0 147.000000,-14.665833,0 148.000000,-14.665833,0 149.000000,-14.665833,0 150.000000,-14.665833,0 151.000000,-14.665833,0 152.000000,-14.665833,0 153.000000,-14.665833,0 154.000000,-14.665833,0 155.000000,-14.665833,0 156.000000,-14.665833,0 157.000000,-14.665833,0 158.000000,-14.665833,0 159.000000,-14.665833,0 160.000000,-14.665833,0 161.000000,-14.665833,0 162.000000,-14.665833,0 163.000000,-14.665833,0 164.000000,-14.665833,0 165.000000,-14.665833,0 166.000000,-14.665833,0 167.000000,-14.665833,0 168.000000,-14.665833,0 169.000000,-14.665833,0 170.000000,-14.665833,0 171.000000,-14.665833,0 172.000000,-14.665833,0 173.000000,-14.665833,0 174.000000,-14.665833,0 175.000000,-14.665833,0 176.000000,-14.665833,0 177.000000,-14.665833,0 178.000000,-14.665833,0 179.000000,-14.665833,0 180.000000,-14.665833,0</coordinates>
        </LineString>
      </Placemark>
      <Placemark>
        <name>lat = -21.235556</name>
        <LineString>
          <tessellate>1</tessellate>
          <coordinates>-180.000000,-21.235556,0 -179.000000,-21.235556,0 -178.000000,-21.235556,0 -177.000000,-21.235556,0 -176.000000,-21.235556,0 -175.000000,-21.235556,0 -174.000000,-21.235556,0 -173.000000,-21.235556,0 -172.000000,-21.235556,0 -171.000000,-21.235556,0 -170.000000,-21.235556,0 -169.000000,-21.235556,0 -168.000000,-21.235556,0 -167.000000,-21.235556,0 -166.000000,-21.235556,0 -165.000000,-21.235556,0 -164.000000,-21.235556,0 -163.000000,-21.235556,0 -162.000000,-21.235556,0 -161.000000,-21.235556,0 -160.000000,-21.235556,0 -159.000000,-21.235556,0 -158.000000,-21.235556,0 -157.000000,-21.235556,0 -156.000000,-21.235556,0 -155.000000,-21.235556,0 -154.000000,-21.235556,0 -153.000000,-21.235556,0 -152.000000,-21.235556,0 -151.000000,-21.235556,0 -150.000000,-21.235556,0 -149.000000,-21.235556,0 -148.000000,-21.235556,0 -147.000000,-21.235556,0 -146.000000,-21.235556,0 -145.000000,-21.235556,0 -144.000000,-21.235556,0 -143.000000,-21.235556,0 -142.000000,-21.235556,0 -141.000000,-21.235556,0 -140.000000,-21.235556,0 -139.000000,-21.235556,0 -138.000000,-21.235556,0 -137.000000,-21.235556,0 -136.000000,-21.235556,0 -135.000000,-21.235556,0 -134.000000,-21.235556,0 -133.000000,-21.235556,0 -132.000000,-21.235556,0 -131.000000,-21.235556,0 -130.000000,-21.235556,0 -129.000000,-21.235556,0 -128.000000,-21.235556,0 -127.000000,-21.235556,0 -126.000000,-21.235556,0 -125.000000,-21.235556,0 -124.000000,-21.235556,0 -123.000000,-21.235556,0 -122.000000,-21.235556,0 -121.000000,-21.235556,0 -120.000000,-21.235556,0 -119.000000,-21.235556,0 -118.000000,-21.235556,0 -117.000000,-21.235556,0 -116.000000,-21.235556,0 -115.000000,-21.235556,0 -114.000000,-21.235556,0 -113.000000,-21.235556,0 -112.000000,-21.235556,0 -111.000000,-21.235556,0 -110.000000,-21.235556,0 -109.000000,-21.235556,0 -108.000000,-21.235556,0 -107.000000,-21.235556,0 -106.000000,-21.235556,0 -105.000000,-21.235556,0 -104.000000,-21.235556,0 -103.000000,-21.235556,0 -102.000000,-21.235556,0 -101.000000,-21.235556,0 -100.000000,-21.235556,0 -99.000000,-21.235556,0 -98.000000,-21.235556,0 -97.000000,-21.235556,0 -96.000000,-21.235556,0 -95.000000,-21.235556,0 -94.000000,-21.235556,0 -93.000000,-21.235556,0 -92.000000,-21.235556,0 -91.000000,-21.235556,0 -90.000000,-21.235556,0 -89.000000,-21.235556,0 -88.000000,-21.235556,0 -87.000000,-21.235556,0 -86.000000,-21.235556,0 -85.000000,-21.235556,0 -84.000000,-21.235556,0 -83.000000,-21.235556,0 -82.000000,-21.235556,0 -81.000000,-21.235556,0 -80.000000,-21.235556,0 -79.000000,-21.235556,0 -78.000000,-21.235556,0 -77.000000,-21.235556,0 -76.000000,-21.235556,0 -75.000000,-21.235556,0 -74.000000,-21.235556,0 -73.000000,-21.235556,0 -72.000000,-21.235556,0 -71.000000,-21.235556,0 -70.000000,-21.235556,0 -69.000000,-21.235556,0 -68.000000,-21.235556,0 -67.000000,-21.235556,0 -66.000000,-21.235556,0 -65.000000,-21.235556,0 -64.000000,-21.235556,0 -63.000000,-21.235556,0 -62.000000,-21.235556,0 -61.000000,-21.235556,0 -60.000000,-21.235556,0 -59.000000,-21.235556,0 -58.000000,-21.235556,0 -57.000000,-21.235556,0 -56.000000,-21.235556,0 -55.000000,-21.235556,0 -54.000000,-21.235556,0 -53.000000,-21.235556,0 -52.000000,-21.235556,0 -51.000000,-21.235556,0 -50.000000,-21.235556,0 -49.000000,-21.235556,0 -48.000000,-21.235556,0 -47.000000,-21.235556,0 -46.000000,-21.235556,0 -45.000000,-21.235556,0 -44.000000,-21.235556,0 -43.000000,-21.235556,0 -42.000000,-21.235556,0 -41.000000,-21.235556,0 -40.000000,-21.235556,0 -39.000000,-21.235556,0 -38.000000,-21.235556,0 -37.000000,-21.235556,0 -36.000000,-21.235556,0 -35.000000,-21.235556,0 -34.000000,-21.235556,0 -33.000000,-21.235556,0 -32.000000,-21.235556,0 -31.000000,-21.235556,0 -30.000000,-21.235556,0 -29.000000,-21.235556,0 -28.000000,-21.235556,0 -27.000000,-21.235556,0 -26.000000,-21.235556,0 -25.000000,-21.235556,0 -24.000000,-21.235556,0 -23.000000,-21.235556,0 -22.000000,-21.235556,0 -21.000000,-21.235556,0 -20.000000,-21.235556,0 -19.000000,-21.235556,0 -18.000000,-21.235556,0 -17.000000,-21.235556,0 -16.000000,-21.235556,0 -15.000000,-21.235556,0 -14.000000,-21.235556,0 -13.000000,-21.235556,0 -12.000000,-21.235556,0 -11.000000,-21.235556,0 -10.000000,-21.235556,0 -9.000000,-21.235556,0 -8.000000,-21.235556,0 -7.000000,-21.235556,0 -6.000000,-21.235556,0 -5.000000,-21.235556,0 -4.000000,-21.235556,0 -3.000000,-21.235556,0 -2.000000,-21.235556,0 -1.000000,-21.235556,0 0.000000,-21.235556,0 1.000000,-21.235556,0 2.000000,-21.235556,0 3.000000,-21.235556,0 4.000000,-21.235556,0 5.000000,-21.235556,0 6.000000,-21.235556,0 7.000000,-21.235556,0 8.000000,-21.235556,0 9.000000,-21.235556,0 10.000000,-21.235556,0 11.000000,-21.235556,0 12.000000,-21.235556,0 13.000000,-21.235556,0 14.000000,-21.235556,0 15.000000,-21.235556,0 16.000000,-21.235556,0 17.000000,-21.235556,0 18.000000,-21.235556,0 19.000000,-21.235556,0 20.000000,-21.235556,0 21.000000,-21.235556,0 22.000000,-21.235556,0 23.000000,-21.235556,0 24.000000,-21.235556,0 25.000000,-21.235556,0 26.000000,-21.235556,0 27.000000,-21.235556,0 28.000000,-21.235556,0 29.000000,-21.235556,0 30.000000,-21.235556,0 31.000000,-21.235556,0 32.000000,-21.235556,0 33.000000,-21.235556,0 34.000000,-21.235556,0 35.000000,-21.235556,0 36.000000,-21.235556,0 37.000000,-21.235556,0 38.000000,-21.235556,0 39.000000,-21.235556,0 40.000000,-21.235556,0 41.000000,-21.235556,0 42.000000,-21.235556,0 43.000000,-21.235556,0 44.000000,-21.235556,0 45.000000,-21.235556,0 46.000000,-21.235556,0 47.000000,-21.235556,0 48.000000,-21.235556,0 49.000000,-21.235556,0 50.000000,-21.235556,0 51.000000,-21.235556,0 52.000000,-21.235556,0 53.000000,-21.235556,0 54.000000,-21.235556,0 55.000000,-21.235556,0 56.000000,-21.235556,0 57.000000,-21.235556,0 58.000000,-21.235556,0 59.000000,-21.235556,0 60.000000,-21.235556,0 61.000000,-21.235556,0 62.000000,-21.235556,0 63.000000,-21.235556,0 64.000000,-21.235556,0 65.000000,-21.235556,0 66.000000,-21.235556,0 67.000000,-21.235556,0 68.000000,-21.235556,0 69.000000,-21.235556,0 70.000000,-21.235556,0 71.000000,-21.235556,0 72.000000,-21.235556,0 73.000000,-21.235556,0 74.000000,-21.235556,0 75.000000,-21.235556,0 76.000000,-21.235556,0 77.000000,-21.235556,0 78.000000,-21.235556,0 79.000000,-21.235556,0 80.000000,-21.235556,0 81.000000,-21.235556,0 82.000000,-21.235556,0 83.000000,-21.235556,0 84.000000,-21.235556,0 85.000000,-21.235556,0 86.000000,-21.235556,0 87.000000,-21.235556,0 88.000000,-21.235556,0 89.000000,-21.235556,0 90.000000,-21.235556,0 91.000000,-21.235556,0 92.000000,-21.235556,0 93.000000,-21.235556,0 94.000000,-21.235556,0 95.000000,-21.235556,0 96.000000,-21.235556,0 97.000000,-21.235556,0 98.000000,-21.235556,0 99.000000,-21.235556,0 100.000000,-21.235556,0 101.000000,-21.235556,0 102.000000,-21.235556,0 103.000000,-21.235556,0 104.000000,-21.235556,0 105.000000,-21.235556,0 106.000000,-21.235556,0 107.000000,-21.235556,0 108.000000,-21.235556,0 109.000000,-21.235556,0 110.000000,-21.235556,0 111.000000,-21.235556,0 112.000000,-21.235556,0 113.000000,-21.235556,0 114.000000,-21.235556,0 115.000000,-21.235556,0 116.000000,-21.235556,0 117.000000,-21.235556,0 118.000000,-21.235556,0 119.000000,-21.235556,0 120.000000,-21.235556,0 121.000000,-21.235556,0 122.000000,-21.235556,0 123.000000,-21.235556,0 124.000000,-21.235556,0 125.000000,-21.235556,0 126.000000,-21.235556,0 127.000000,-21.235556,0 128.000000,-21.235556,0 129.000000,-21.235556,0 130.000000,-21.235556,0 131.000000,-21.235556,0 132.000000,-21.235556,0 133.000000,-21.235556,0 134.000000,-21.235556,0 135.000000,-21.235556,0 136.000000,-21.235556,0 137.000000,-21.235556,0 138.000000,-21.235556,0 139.000000,-21.235556,0 140.000000,-21.235556,0 141.000000,-21.235556,0 142.000000,-21.235556,0 143.000000,-21.235556,0 144.000000,-21.235556,0 145.000000,-21.235556,0 146.000000,-21.235556,0 147.000000,-21.235556,0 148.000000,-21.235556,0 149.000000,-21.235556,0 150.000000,-21.235556,0 151.000000,-21.235556,0 152.000000,-21.235556,0 153.000000,-21.235556,0 154.000000,-21.235556,0 155.000000,-21.235556,0 156.000000,-21.235556,0 157.000000,-21.235556,0 158.000000,-21.235556,0 159.000000,-21.235556,0 160.000000,-21.235556,0 161.000000,-21.235556,0 162.000000,-21.235556,0 163.000000,-21.235556,0 164.000000,-21.235556,0 165.000000,-21.235556,0 166.000000,-21.235556,0 167.000000,-21.235556,0 168.000000,-21.235556,0 169.000000,-21.235556,0 170.000000,-21.235556,0 171.000000,-21.235556,0 172.000000,-21.235556,0 173.000000,-21.235556,0 174.000000,-21.235556,0 175.000000,-21.235556,0 176.000000,-21.235556,0 177.000000,-21.235556,0 178.000000,-21.235556,0 179.000000,-21.235556,0 180.000000,-21.235556,0</coordinates>
        </LineString>
      </Placemark>
      <Placemark>
        <name>lat = -27.448333</name>
        <LineString>
          <tessellate>1</tessellate>
          <coordinates>-180.000000,-27.448333,0 -179.000000,-27.448333,0 -178.000000,-27.448333,0 -177.000000,-27.448333,0 -176.000000,-27.448333,0 -175.000000,-27.448333,0 -174.000000,-27.448333,0 -173.000000,-27.448333,0 -172.000000,-27.448333,0 -171.000000,-27.448333,0 -170.000000,-27.448333,0 -169.000000,-27.448333,0 -168.000000,-27.448333,0 -167.000000,-27.448333,0 -166.000000,-27.448333,0 -165.000000,-27.448333,0 -164.000000,-27.448333,0 -163.000000,-27.448333,0 -162.000000,-27.448333,0 -161.000000,-27.448333,0 -160.000000,-27.448333,0 -159.000000,-27.448333,0 -158.000000,-27.448333,0 -157.000000,-27.448333,0 -156.000000,-27.448333,0 -155.000000,-27.448333,0 -154.000000,-27.448333,0 -153.000000,-27.448333,0 -152.000000,-27.448333,0 -151.000000,-27.448333,0 -150.000000,-27.448333,0 -149.000000,-27.448333,0 -148.000000,-27.448333,0 -147.000000,-27.448333,0 -146.000000,-27.448333,0 -145.000000,-27.448333,0 -144.000000,-27.448333,0 -143.000000,-27.448333,0 -142.000000,-27.448333,0 -141.000000,-27.448333,0 -140.000000,-27.448333,0 -139.000000,-27.448333,0 -138.000000,-27.448333,0 -137.000000,-27.448333,0 -136.000000,-27.448333,0 -135.000000,-27.448333,0 -134.000000,-27.448333,0 -133.000000,-27.448333,0 -132.000000,-27.448333,0 -131.000000,-27.448333,0 -130.000000,-27.448333,0 -129.000000,-27.448333,0 -128.000000,-27.448333,0 -127.000000,-27.448333,0 -126.000000,-27.448333,0 -125.000000,-27.448333,0 -124.000000,-27.448333,0 -123.000000,-27.448333,0 -122.000000,-27.448333,0 -121.000000,-27.448333,0 -120.000000,-27.448333,0 -119.000000,-27.448333,0 -118.000000,-27.448333,0 -117.000000,-27.448333,0 -116.000000,-27.448333,0 -115.000000,-27.448333,0 -114.000000,-27.448333,0 -113.000000,-27.448333,0 -112.000000,-27.448333,0 -111.000000,-27.448333,0 -110.000000,-27.448333,0 -109.000000,-27.448333,0 -108.000000,-27.448333,0 -107.000000,-27.448333,0 -106.000000,-27.448333,0 -105.000000,-27.448333,0 -104.000000,-27.448333,0 -103.000000,-27.448333,0 -102.000000,-27.448333,0 -101.000000,-27.448333,0 -100.000000,-27.448333,0 -99.000000,-27.448333,0 -98.000000,-27.448333,0 -97.000000,-27.448333,0 -96.000000,-27.448333,0 -95.000000,-27.448333,0 -94.000000,-27.448333,0 -93.000000,-27.448333,0 -92.000000,-27.448333,0 -91.000000,-27.448333,0 -90.000000,-27.448333,0 -89.000000,-27.448333,0 -88.000000,-27.448333,0 -87.000000,-27.448333,0 -86.000000,-27.448333,0 -85.000000,-27.448333,0 -84.000000,-27.448333,0 -83.000000,-27.448333,0 -82.000000,-27.448333,0 -81.000000,-27.448333,0 -80.000000,-27.448333,0 -79.000000,-27.448333,0 -78.000000,-27.448333,0 -77.000000,-27.448333,0 -76.000000,-27.448333,0 -75.000000,-27.448333,0 -74.000000,-27.448333,0 -73.000000,-27.448333,0 -72.000000,-27.448333,0 -71.000000,-27.448333,0 -70.000000,-27.448333,0 -69.000000,-27.448333,0 -68.000000,-27.448333,0 -67.000000,-27.448333,0 -66.000000,-27.448333,0 -65.000000,-27.448333,0 -64.000000,-27.448333,0 -63.000000,-27.448333,0 -62.000000,-27.448333,0 -61.000000,-27.448333,0 -60.000000,-27.448333,0 -59.000000,-27.448333,0 -58.000000,-27.448333,0 -57.000000,-27.448333,0 -56.000000,-27.448333,0 -55.000000,-27.448333,0 -54.000000,-27.448333,0 -53.000000,-27.448333,0 -52.000000,-27.448333,0 -51.000000,-27.448333,0 -50.000000,-27.448333,0 -49.000000,-27.448333,0 -48.000000,-27.448333,0 -47.000000,-27.448333,0 -46.000000,-27.448333,0 -45.000000,-27.448333,0 -44.000000,-27.448333,0 -43.000000,-27.448333,0 -42.000000,-27.448333,0 -41.000000,-27.448333,0 -40.000000,-27.448333,0 -39.000000,-27.448333,0 -38.000000,-27.448333,0 -37.000000,-27.448333,0 -36.000000,-27.448333,0 -35.000000,-27.448333,0 -34.000000,-27.448333,0 -33.000000,-27.448333,0 -32.000000,-27.448333,0 -31.000000,-27.448333,0 -30.000000,-27.448333,0 -29.000000,-27.448333,0 -28.000000,-27.448333,0 -27.000000,-27.448333,0 -26.000000,-27.448333,0 -25.000000,-27.448333,0 -24.000000,-27.448333,0 -23.000000,-27.448333,0 -22.000000,-27.448333,0 -21.000000,-27.448333,0 -20.000000,-27.448333,0 -19.000000,-27.448333,0 -18.000000,-27.448333,0 -17.000000,-27.448333,0 -16.000000,-27.448333,0 -15.000000,-27.448333,0 -14.000000,-27.448333,0 -13.000000,-27.448333,0 -12.000000,-27.448333,0 -11.000000,-27.448333,0 -10.000000,-27.448333,0 -9.000000,-27.448333,0 -8.000000,-27.448333,0 -7.000000,-27.448333,0 -6.000000,-27.448333,0 -5.000000,-27.448333,0 -4.000000,-27.448333,0 -3.000000,-27.448333,0 -2.000000,-27.448333,0 -1.000000,-27.448333,0 0.000000,-27.448333,0 1.000000,-27.448333,0 2.000000,-27.448333,0 3.000000,-27.448333,0 4.000000,-27.448333,0 5.000000,-27.448333,0 6.000000,-27.448333,0 7.000000,-27.448333,0 8.000000,-27.448333,0 9.000000,-27.448333,0 10.000000,-27.448333,0 11.000000,-27.448333,0 12.000000,-27.448333,0 13.000000,-27.448333,0 14.000000,-27.448333,0 15.000000,-27.448333,0 16.000000,-27.448333,0 17.000000,-27.448333,0 18.000000,-27.448333,0 19.000000,-27.448333,0 20.000000,-27.448333,0 21.000000,-27.448333,0 22.000000,-27.448333,0 23.000000,-27.448333,0 24.000000,-27.448333,0 25.000000,-27.448333,0 26.000000,-27.448333,0 27.000000,-27.448333,0 28.000000,-27.448333,0 29.000000,-27.448333,0 30.000000,-27.448333,0 31.000000,-27.448333,0 32.000000,-27.448333,0 33.000000,-27.448333,0 34.000000,-27.448333,0 35.000000,-27.448333,0 36.000000,-27.448333,0 37.000000,-27.448333,0 38.000000,-27.448333,0 39.000000,-27.448333,0 40.000000,-27.448333,0 41.000000,-27.448333,0 42.000000,-27.448333,0 43.000000,-27.448333,0 44.000000,-27.448333,0 45.000000,-27.448333,0 46.000000,-27.448333,0 47.000000,-27.448333,0 48.000000,-27.448333,0 49.000000,-27.448333,0 50.000000,-27.448333,0 51.000000,-27.448333,0 52.000000,-27.448333,0 53.000000,-27.448333,0 54.000000,-27.448333,0 55.000000,-27.448333,0 56.000000,-27.448333,0 57.000000,-27.448333,0 58.000000,-27.448333,0 59.000000,-27.448333,0 60.000000,-27.448333,0 61.000000,-27.448333,0 62.000000,-27.448333,0 63.000000,-27.448333,0 64.000000,-27.448333,0 65.000000,-27.448333,0 66.000000,-27.448333,0 67.000000,-27.448333,0 68.000000,-27.448333,0 69.000000,-27.448333,0 70.000000,-27.448333,0 71.000000,-27.448333,0 72.000000,-27.448333,0 73.000000,-27.448333,0 74.000000,-27.448333,0 75.000000,-27.448333,0 76.000000,-27.448333,0 77.000000,-27.448333,0 78.000000,-27.448333,0 79.000000,-27.448333,0 80.000000,-27.448333,0 81.000000,-27.448333,0 82.000000,-27.448333,0 83.000000,-27.448333,0 84.000000,-27.448333,0 85.000000,-27.448333,0 86.000000,-27.448333,0 87.000000,-27.448333,0 88.000000,-27.448333,0 89.000000,-27.448333,0 90.000000,-27.448333,0 91.000000,-27.448333,0 92.000000,-27.448333,0 93.000000,-27.448333,0 94.000000,-27.448333,0 95.000000,-27.448333,0 96.000000,-27.448333,0 97.000000,-27.448333,0 98.000000,-27.448333,0 99.000000,-27.448333,0 100.000000,-27.448333,0 101.000000,-27.448333,0 102.000000,-27.448333,0 103.000000,-27.448333,0 104.000000,-27.448333,0 105.000000,-27.448333,0 106.000000,-27.448333,0 107.000000,-27.448333,0 108.000000,-27.448333,0 109.000000,-27.448333,0 110.000000,-27.448333,0 111.000000,-27.448333,0 112.000000,-27.448333,0 113.000000,-27.448333,0 114.000000,-27.448333,0 115.000000,-27.448333,0 116.000000,-27.448333,0 117.000000,-27.448333,0 118.000000,-27.448333,0 119.000000,-27.448333,0 120.000000,-27.448333,0 121.000000,-27.448333,0 122.000000,-27.448333,0 123.000000,-27.448333,0 124.000000,-27.448333,0 125.000000,-27.448333,0 126.000000,-27.448333,0 127.000000,-27.448333,0 128.000000,-27.448333,0 129.000000,-27.448333,0 130.000000,-27.448333,0 131.000000,-27.448333,0 132.000000,-27.448333,0 133.000000,-27.448333,0 134.000000,-27.448333,0 135.000000,-27.448333,0 136.000000,-27.448333,0 137.000000,-27.448333,0 138.000000,-27.448333,0 139.000000,-27.448333,0 140.000000,-27.448333,0 141.000000,-27.448333,0 142.000000,-27.448333,0 143.000000,-27.448333,0 144.000000,-27.448333,0 145.000000,-27.448333,0 146.000000,-27.448333,0 147.000000,-27.448333,0 148.000000,-27.448333,0 149.000000,-27.448333,0 150.000000,-27.448333,0 151.000000,-27.448333,0 152.000000,-27.448333,0 153.000000,-27.448333,0 154.000000,-27.448333,0 155.000000,-27.448333,0 156.000000,-27.448333,0 157.000000,-27.448333,0 158.000000,-27.448333,0 159.000000,-27.448333,0 160.000000,-27.448333,0 161.000000,-27.448333,0 162.000000,-27.448333,0 163.000000,-27.448333,0 164.000000,-27.448333,0 165.000000,-27.448333,0 166.000000,-27.448333,0 167.000000,-27.448333,0 168.000000,-27.448333,0 169.000000,-27.448333,0 170.000000,-27.448333,0 171.000000,-27.448333,0 172.000000,-27.448333,0 173.000000,-27.448333,0 174.000000,-27.448333,0 175.000000,-27.448333,0 176.000000,-27.448333,0 177.000000,-27.448333,0 178.000000,-27.448333,0 179.000000,-27.448333,0 180.000000,-27.448333,0</coordinates>
        </LineString>
      </Placemark>
      <Placemark>
        <name>lat = -30.044444</name>
        <LineString>
          <tessellate>1</tessellate>
          <coordinates>-180.000000,-30.044444,0 -179.000000,-30.044444,0 -178.000000,-30.044444,0 -177.000000,-30.044444,0 -176.000000,-30.044444,0 -175.000000,-30.044444,0 -174.000000,-30.044444,0 -173.000000,-30.044444,0 -172.000000,-30.044444,0 -171.000000,-30.044444,0 -170.000000,-30.044444,0 -169.000000,-30.044444,0 -168.000000,-30.044444,0 -167.000000,-30.044444,0 -166.000000,-30.044444,0 -165.000000,-30.044444,0 -164.000000,-30.044444,0 -163.000000,-30.044444,0 -162.000000,-30.044444,0 -161.000000,-30.044444,0 -160.000000,-30.044444,0 -159.000000,-30.044444,0 -158.000000,-30.044444,0 -157.000000,-30.044444,0 -156.000000,-30.044444,0 -155.000000,-30.044444,0 -154.000000,-30.044444,0 -153.000000,-30.044444,0 -152.000000,-30.044444,0 -151.000000,-30.044444,0 -150.000000,-30.044444,0 -149.000000,-30.044444,0 -148.000000,-30.044444,0 -147.000000,-30.044444,0 -146.000000,-30.044444,0 -145.000000,-30.044444,0 -144.000000,-30.044444,0 -143.000000,-30.044444,0 -142.000000,-30.044444,0 -141.000000,-30.044444,0 -140.000000,-30.044444,0 -139.000000,-30.044444,0 -138.000000,-30.044444,0 -137.000000,-30.044444,0 -136.000000,-30.044444,0 -135.000000,-30.044444,0 -134.000000,-30.044444,0 -133.000000,-30.044444,0 -132.000000,-30.044444,0 -131.000000,-30.044444,0 -130.000000,-30.044444,0 -129.000000,-30.044444,0 -128.000000,-30.044444,0 -127.000000,-30.044444,0 -126.000000,-30.044444,0 -125.000000,-30.044444,0 -124.000000,-30.044444,0 -123.000000,-30.044444,0 -122.000000,-30.044444,0 -121.000000,-30.044444,0 -120.000000,-30.044444,0 -119.000000,-30.044444,0 -118.000000,-30.044444,0 -117.000000,-30.044444,0 -116.000000,-30.044444,0 -115.000000,-30.044444,0 -114.000000,-30.044444,0 -113.000000,-30.044444,0 -112.000000,-30.044444,0 -111.000000,-30.044444,0 -110.000000,-30.044444,0 -109.000000,-30.044444,0 -108.000000,-30.044444,0 -107.000000,-30.044444,0 -106.000000,-30.044444,0 -105.000000,-30.044444,0 -104.000000,-30.044444,0 -103.000000,-30.044444,0 -102.000000,-30.044444,0 -101.000000,-30.044444,0 -100.000000,-30.044444,0 -99.000000,-30.044444,0 -98.000000,-30.044444,0 -97.000000,-30.044444,0 -96.000000,-30.044444,0 -95.000000,-30.044444,0 -94.000000,-30.044444,0 -93.000000,-30.044444,0 -92.000000,-30.044444,0 -91.000000,-30.044444,0 -90.000000,-30.044444,0 -89.000000,-30.044444,0 -88.000000,-30.044444,0 -87.000000,-30.044444,0 -86.000000,-30.044444,0 -85.000000,-30.044444,0 -84.000000,-30.044444,0 -83.000000,-30.044444,0 -82.000000,-30.044444,0 -81.000000,-30.044444,0 -80.000000,-30.044444,0 -79.000000,-30.044444,0 -78.000000,-30.044444,0 -77.000000,-30.044444,0 -76.000000,-30.044444,0 -75.000000,-30.044444,0 -74.000000,-30.044444,0 -73.000000,-30.044444,0 -72.000000,-30.044444,0 -71.000000,-30.044444,0 -70.000000,-30.044444,0 -69.000000,-30.044444,0 -68.000000,-30.044444,0 -67.000000,-30.044444,0 -66.000000,-30.044444,0 -65.000000,-30.044444,0 -64.000000,-30.044444,0 -63.000000,-30.044444,0 -62.000000,-30.044444,0 -61.000000,-30.044444,0 -60.000000,-30.044444,0 -59.000000,-30.044444,0 -58.000000,-30.044444,0 -57.000000,-30.044444,0 -56.000000,-30.044444,0 -55.000000,-30.044444,0 -54.000000,-30.044444,0 -53.000000,-30.044444,0 -52.000000,-30.044444,0 -51.000000,-30.044444,0 -50.000000,-30.044444,0 -49.000000,-30.044444,0 -48.000000,-30.044444,0 -47.000000,-30.044444,0 -46.000000,-30.044444,0 -45.000000,-30.044444,0 -44.000000,-30.044444,0 -43.000000,-30.044444,0 -42.000000,-30.044444,0 -41.000000,-30.044444,0 -40.000000,-30.044444,0 -39.000000,-30.044444,0 -38.000000,-30.044444,0 -37.000000,-30.044444,0 -36.000000,-30.044444,0 -35.000000,-30.044444,0 -34.000000,-30.044444,0 -33.000000,-30.044444,0 -32.000000,-30.044444,0 -31.000000,-30.044444,0 -30.000000,-30.044444,0 -29.000000,-30.044444,0 -28.000000,-30.044444,0 -27.000000,-30.044444,0 -26.000000,-30.044444,0 -25.000000,-30.044444,0 -24.000000,-30.044444,0 -23.000000,-30.044444,0 -22.000000,-30.044444,0 -21.000000,-30.044444,0 -20.000000,-30.044444,0 -19.000000,-30.044444,0 -18.000000,-30.044444,0 -17.000000,-30.044444,0 -16.000000,-30.044444,0 -15.000000,-30.044444,0 -14.000000,-30.044444,0 -13.000000,-30.044444,0 -12.000000,-30.044444,0 -11.000000,-30.044444,0 -10.000000,-30.044444,0 -9.000000,-30.044444,0 -8.000000,-30.044444,0 -7.000000,-30.044444,0 -6.000000,-30.044444,0 -5.000000,-30.044444,0 -4.000000,-30.044444,0 -3.000000,-30.044444,0 -2.000000,-30.044444,0 -1.000000,-30.044444,0 0.000000,-30.044444,0 1.000000,-30.044444,0 2.000000,-30.044444,0 3.000000,-30.044444,0 4.000000,-30.044444,0 5.000000,-30.044444,0 6.000000,-30.044444,0 7.000000,-30.044444,0 8.000000,-30.044444,0 9.000000,-30.044444,0 10.000000,-30.044444,0 11.000000,-30.044444,0 12.000000,-30.044444,0 13.000000,-30.044444,0 14.000000,-30.044444,0 15.000000,-30.044444,0 16.000000,-30.044444,0 17.000000,-30.044444,0 18.000000,-30.044444,0 19.000000,-30.044444,0 20.000000,-30.044444,0 21.000000,-30.044444,0 22.000000,-30.044444,0 23.000000,-30.044444,0 24.000000,-30.044444,0 25.000000,-30.044444,0 26.000000,-30.044444,0 27.000000,-30.044444,0 28.000000,-30.044444,0 29.000000,-30.044444,0 30.000000,-30.044444,0 31.000000,-30.044444,0 32.000000,-30.044444,0 33.000000,-30.044444,0 34.000000,-30.044444,0 35.000000,-30.044444,0 36.000000,-30.044444,0 37.000000,-30.044444,0 38.000000,-30.044444,0 39.000000,-30.044444,0 40.000000,-30.044444,0 41.000000,-30.044444,0 42.000000,-30.044444,0 43.000000,-30.044444,0 44.000000,-30.044444,0 45.000000,-30.044444,0 46.000000,-30.044444,0 47.000000,-30.044444,0 48.000000,-30.044444,0 49.000000,-30.044444,0 50.000000,-30.044444,0 51.000000,-30.044444,0 52.000000,-30.044444,0 53.000000,-30.044444,0 54.000000,-30.044444,0 55.000000,-30.044444,0 56.000000,-30.044444,0 57.000000,-30.044444,0 58.000000,-30.044444,0 59.000000,-30.044444,0 60.000000,-30.044444,0 61.000000,-30.044444,0 62.000000,-30.044444,0 63.000000,-30.044444,0 64.000000,-30.044444,0 65.000000,-30.044444,0 66.000000,-30.044444,0 67.000000,-30.044444,0 68.000000,-30.044444,0 69.000000,-30.044444,0 70.000000,-30.044444,0 71.000000,-30.044444,0 72.000000,-30.044444,0 73.000000,-30.044444,0 74.000000,-30.044444,0 75.000000,-30.044444,0 76.000000,-30.044444,0 77.000000,-30.044444,0 78.000000,-30.044444,0 79.000000,-30.044444,0 80.000000,-30.044444,0 81.000000,-30.044444,0 82.000000,-30.044444,0 83.000000,-30.044444,0 84.000000,-30.044444,0 85.000000,-30.044444,0 86.000000,-30.044444,0 87.000000,-30.044444,0 88.000000,-30.044444,0 89.000000,-30.044444,0 90.000000,-30.044444,0 91.000000,-30.044444,0 92.000000,-30.044444,0 93.000000,-30.044444,0 94.000000,-30.044444,0 95.000000,-30.044444,0 96.000000,-30.044444,0 97.000000,-30.044444,0 98.000000,-30.044444,0 99.000000,-30.044444,0 100.000000,-30.044444,0 101.000000,-30.044444,0 102.000000,-30.044444,0 103.000000,-30.044444,0 104.000000,-30.044444,0 105.000000,-30.044444,0 106.000000,-30.044444,0 107.000000,-30.044444,0 108.000000,-30.044444,0 109.000000,-30.044444,0 110.000000,-30.044444,0 111.000000,-30.044444,0 112.000000,-30.044444,0 113.000000,-30.044444,0 114.000000,-30.044444,0 115.000000,-30.044444,0 116.000000,-30.044444,0 117.000000,-30.044444,0 118.000000,-30.044444,0 119.000000,-30.044444,0 120.000000,-30.044444,0 121.000000,-30.044444,0 122.000000,-30.044444,0 123.000000,-30.044444,0 124.000000,-30.044444,0 125.000000,-30.044444,0 126.000000,-30.044444,0 127.000000,-30.044444,0 128.000000,-30.044444,0 129.000000,-30.044444,0 130.000000,-30.044444,0 131.000000,-30.044444,0 132.000000,-30.044444,0 133.000000,-30.044444,0 134.000000,-30.044444,0 135.000000,-30.044444,0 136.000000,-30.044444,0 137.000000,-30.044444,0 138.000000,-30.044444,0 139.000000,-30.044444,0 140.000000,-30.044444,0 141.000000,-30.044444,0 142.000000,-30.044444,0 143.000000,-30.044444,0 144.000000,-30.044444,0 145.000000,-30.044444,0 146.000000,-30.044444,0 147.000000,-30.044444,0 148.000000,-30.044444,0 149.000000,-30.044444,0 150.000000,-30.044444,0 151.000000,-30.044444,0 152.000000,-30.044444,0 153.000000,-30.044444,0 154.000000,-30.044444,0 155.000000,-30.044444,0 156.000000,-30.044444,0 157.000000,-30.044444,0 158.000000,-30.044444,0 159.000000,-30.044444,0 160.000000,-30.044444,0 161.000000,-30.044444,0 162.000000,-30.044444,0 163.000000,-30.044444,0 164.000000,-30.044444,0 165.000000,-30.044444,0 166.000000,-30.044444,0 167.000000,-30.044444,0 168.000000,-30.044444,0 169.000000,-30.044444,0 170.000000,-30.044444,0 171.000000,-30.044444,0 172.000000,-30.044444,0 173.000000,-30.044444,0 174.000000,-30.044444,0 175.000000,-30.044444,0 176.000000,-30.044444,0 177.000000,-30.044444,0 178.000000,-30.044444,0 179.000000,-30.044444,0 180.000000,-30.044444,0</coordinates>
        </LineString>
      </Placemark>
      <Placemark>
        <name>lat = -31.235833</name>
        <LineString>
          <tessellate>1</tessellate>
          <coordinates>-180.000000,-31.235833,0 -179.000000,-31.235833,0 -178.000000,-31.235833,0 -177.000000,-31.235833,0 -176.000000,-31.235833,0 -175.000000,-31.235833,0 -174.000000,-31.235833,0 -173.000000,-31.235833,0 -172.000000,-31.235833,0 -171.000000,-31.235833,0 -170.000000,-31.235833,0 -169.000000,-31.235833,0 -168.000000,-31.235833,0 -167.000000,-31.235833,0 -166.000000,-31.235833,0 -165.000000,-31.235833,0 -164.000000,-31.235833,0 -163.000000,-31.235833,0 -162.000000,-31.235833,0 -161.000000,-31.235833,0 -160.000000,-31.235833,0 -159.000000,-31.235833,0 -158.000000,-31.235833,0 -157.000000,-31.235833,0 -156.000000,-31.235833,0 -155.000000,-31.235833,0 -154.000000,-31.235833,0 -153.000000,-31.235833,0 -152.000000,-31.235833,0 -151.000000,-31.235833,0 -150.000000,-31.235833,0 -149.000000,-31.235833,0 -148.000000,-31.235833,0 -147.000000,-31.235833,0 -146.000000,-31.235833,0 -145.000000,-31.235833,0 -144.000000,-31.235833,0 -143.000000,-31.235833,0 -142.000000,-31.235833,0 -141.000000,-31.235833,0 -140.000000,-31.235833,0 -139.000000,-31.235833,0 -138.000000,-31.235833,0 -137.000000,-31.235833,0 -136.000000,-31.235833,0 -135.000000,-31.235833,0 -134.000000,-31.235833,0 -133.000000,-31.235833,0 -132.000000,-31.235833,0 -131.000000,-31.235833,0 -130.000000,-31.235833,0 -129.000000,-31.235833,0 -128.000000,-31.235833,0 -127.000000,-31.235833,0 -126.000000,-31.235833,0 -125.000000,-31.235833,0 -124.000000,-31.235833,0 -123.000000,-31.235833,0 -122.000000,-31.235833,0 -121.000000,-31.235833,0 -120.000000,-31.235833,0 -119.000000,-31.235833,0 -118.000000,-31.235833,0 -117.000000,-31.235833,0 -116.000000,-31.235833,0 -115.000000,-31.235833,0 -114.000000,-31.235833,0 -113.000000,-31.235833,0 -112.000000,-31.235833,0 -111.000000,-31.235833,0 -110.000000,-31.235833,0 -109.000000,-31.235833,0 -108.000000,-31.235833,0 -107.000000,-31.235833,0 -106.000000,-31.235833,0 -105.000000,-31.235833,0 -104.000000,-31.235833,0 -103.000000,-31.235833,0 -102.000000,-31.235833,0 -101.000000,-31.235833,0 -100.000000,-31.235833,0 -99.000000,-31.235833,0 -98.000000,-31.235833,0 -97.000000,-31.235833,0 -96.000000,-31.235833,0 -95.000000,-31.235833,0 -94.000000,-31.235833,0 -93.000000,-31.235833,0 -92.000000,-31.235833,0 -91.000000,-31.235833,0 -90.000000,-31.235833,0 -89.000000,-31.235833,0 -88.000000,-31.235833,0 -87.000000,-31.235833,0 -86.000000,-31.235833,0 -85.000000,-31.235833,0 -84.000000,-31.235833,0 -83.000000,-31.235833,0 -82.000000,-31.235833,0 -81.000000,-31.235833,0 -80.000000,-31.235833,0 -79.000000,-31.235833,0 -78.000000,-31.235833,0 -77.000000,-31.235833,0 -76.000000,-31.235833,0 -75.000000,-31.235833,0 -74.000000,-31.235833,0 -73.000000,-31.235833,0 -72.000000,-31.235833,0 -71.000000,-31.235833,0 -70.000000,-31.235833,0 -69.000000,-31.235833,0 -68.000000,-31.235833,0 -67.000000,-31.235833,0 -66.000000,-31.235833,0 -65.000000,-31.235833,0 -64.000000,-31.235833,0 -63.000000,-31.235833,0 -62.000000,-31.235833,0 -61.000000,-31.235833,0 -60.000000,-31.235833,0 -59.000000,-31.235833,0 -58.000000,-31.235833,0 -57.000000,-31.235833,0 -56.000000,-31.235833,0 -55.000000,-31.235833,0 -54.000000,-31.235833,0 -53.000000,-31.235833,0 -52.000000,-31.235833,0 -51.000000,-31.235833,0 -50.000000,-31.235833,0 -49.000000,-31.235833,0 -48.000000,-31.235833,0 -47.000000,-31.235833,0 -46.000000,-31.235833,0 -45.000000,-31.235833,0 -44.000000,-31.235833,0 -43.000000,-31.235833,0 -42.000000,-31.235833,0 -41.000000,-31.235833,0 -40.000000,-31.235833,0 -39.000000,-31.235833,0 -38.000000,-31.235833,0 -37.000000,-31.235833,0 -36.000000,-31.235833,0 -35.000000,-31.235833,0 -34.000000,-31.235833,0 -33.000000,-31.235833,0 -32.000000,-31.235833,0 -31.000000,-31.235833,0 -30.000000,-31.235833,0 -29.000000,-31.235833,0 -28.000000,-31.235833,0 -27.000000,-31.235833,0 -26.000000,-31.235833,0 -25.000000,-31.235833,0 -24.000000,-31.235833,0 -23.000000,-31.235833,0 -22.000000,-31.235833,0 -21.000000,-31.235833,0 -20.000000,-31.235833,0 -19.000000,-31.235833,0 -18.000000,-31.235833,0 -17.000000,-31.235833,0 -16.000000,-31.235833,0 -15.000000,-31.235833,0 -14.000000,-31.235833,0 -13.000000,-31.235833,0 -12.000000,-31.235833,0 -11.000000,-31.235833,0 -10.000000,-31.235833,0 -9.000000,-31.235833,0 -8.000000,-31.235833,0 -7.000000,-31.235833,0 -6.000000,-31.235833,0 -5.000000,-31.235833,0 -4.000000,-31.235833,0 -3.000000,-31.235833,0 -2.000000,-31.235833,0 -1.000000,-31.235833,0 0.000000,-31.235833,0 1.000000,-31.235833,0 2.000000,-31.235833,0 3.000000,-31.235833,0 4.000000,-31.235833,0 5.000000,-31.235833,0 6.000000,-31.235833,0 7.000000,-31.235833,0 8.000000,-31.235833,0 9.000000,-31.235833,0 10.000000,-31.235833,0 11.000000,-31.235833,0 12.000000,-31.235833,0 13.000000,-31.235833,0 14.000000,-31.235833,0 15.000000,-31.235833,0 16.000000,-31.235833,0 17.000000,-31.235833,0 18.000000,-31.235833,0 19.000000,-31.235833,0 20.000000,-31.235833,0 21.000000,-31.235833,0 22.000000,-31.235833,0 23.000000,-31.235833,0 24.000000,-31.235833,0 25.000000,-31.235833,0 26.000000,-31.235833,0 27.000000,-31.235833,0 28.000000,-31.235833,0 29.000000,-31.235833,0 30.000000,-31.235833,0 31.000000,-31.235833,0 32.000000,-31.235833,0 33.000000,-31.235833,0 34.000000,-31.235833,0 35.000000,-31.235833,0 36.000000,-31.235833,0 37.000000,-31.235833,0 38.000000,-31.235833,0 39.000000,-31.235833,0 40.000000,-31.235833,0 41.000000,-31.235833,0 42.000000,-31.235833,0 43.000000,-31.235833,0 44.000000,-31.235833,0 45.000000,-31.235833,0 46.000000,-31.235833,0 47.000000,-31.235833,0 48.000000,-31.235833,0 49.000000,-31.235833,0 50.000000,-31.235833,0 51.000000,-31.235833,0 52.000000,-31.235833,0 53.000000,-31.235833,0 54.000000,-31.235833,0 55.000000,-31.235833,0 56.000000,-31.235833,0 57.000000,-31.235833,0 58.000000,-31.235833,0 59.000000,-31.235833,0 60.000000,-31.235833,0 61.000000,-31.235833,0 62.000000,-31.235833,0 63.000000,-31.235833,0 64.000000,-31.235833,0 65.000000,-31.235833,0 66.000000,-31.235833,0 67.000000,-31.235833,0 68.000000,-31.235833,0 69.000000,-31.235833,0 70.000000,-31.235833,0 71.000000,-31.235833,0 72.000000,-31.235833,0 73.000000,-31.235833,0 74.000000,-31.235833,0 75.000000,-31.235833,0 76.000000,-31.235833,0 77.000000,-31.235833,0 78.000000,-31.235833,0 79.000000,-31.235833,0 80.000000,-31.235833,0 81.000000,-31.235833,0 82.000000,-31.235833,0 83.000000,-31.235833,0 84.000000,-31.235833,0 85.000000,-31.235833,0 86.000000,-31.235833,0 87.000000,-31.235833,0 88.000000,-31.235833,0 89.000000,-31.235833,0 90.000000,-31.235833,0 91.000000,-31.235833,0 92.000000,-31.235833,0 93.000000,-31.235833,0 94.000000,-31.235833,0 95.000000,-31.235833,0 96.000000,-31.235833,0 97.000000,-31.235833,0 98.000000,-31.235833,0 99.000000,-31.235833,0 100.000000,-31.235833,0 101.000000,-31.235833,0 102.000000,-31.235833,0 103.000000,-31.235833,0 104.000000,-31.235833,0 105.000000,-31.235833,0 106.000000,-31.235833,0 107.000000,-31.235833,0 108.000000,-31.235833,0 109.000000,-31.235833,0 110.000000,-31.235833,0 111.000000,-31.235833,0 112.000000,-31.235833,0 113.000000,-31.235833,0 114.000000,-31.235833,0 115.000000,-31.235833,0 116.000000,-31.235833,0 117.000000,-31.235833,0 118.000000,-31.235833,0 119.000000,-31.235833,0 120.000000,-31.235833,0 121.000000,-31.235833,0 122.000000,-31.235833,0 123.000000,-31.235833,0 124.000000,-31.235833,0 125.000000,-31.235833,0 126.000000,-31.235833,0 127.000000,-31.235833,0 128.000000,-31.235833,0 129.000000,-31.235833,0 130.000000,-31.235833,0 131.000000,-31.235833,0 132.000000,-31.235833,0 133.000000,-31.235833,0 134.000000,-31.235833,0 135.000000,-31.235833,0 136.000000,-31.235833,0 137.000000,-31.235833,0 138.000000,-31.235833,0 139.000000,-31.235833,0 140.000000,-31.235833,0 141.000000,-31.235833,0 142.000000,-31.235833,0 143.000000,-31.235833,0 144.000000,-31.235833,0 145.000000,-31.235833,0 146.000000,-31.235833,0 147.000000,-31.235833,0 148.000000,-31.235833,0 149.000000,-31.235833,0 150.000000,-31.235833,0 151.000000,-31.235833,0 152.000000,-31.235833,0 153.000000,-31.235833,0 154.000000,-31.235833,0 155.000000,-31.235833,0 156.000000,-31.235833,0 157.000000,-31.235833,0 158.000000,-31.235833,0 159.000000,-31.235833,0 160.000000,-31.235833,0 161.000000,-31.235833,0 162.000000,-31.235833,0 163.000000,-31.235833,0 164.000000,-31.235833,0 165.000000,-31.235833,0 166.000000,-31.235833,0 167.000000,-31.235833,0 168.000000,-31.235833,0 169.000000,-31.235833,0 170.000000,-31.235833,0 171.000000,-31.235833,0 172.000000,-31.235833,0 173.000000,-31.235833,0 174.000000,-31.235833,0 175.000000,-31.235833,0 176.000000,-31.235833,0 177.000000,-31.235833,0 178.000000,-31.235833,0 179.000000,-31.235833,0 180.000000,-31.235833,0</coordinates>
        </LineString>
      </Placemark>
      <Placemark>
        <name>lat = -32.513056</name>
        <LineString>
          <tessellate>1</tessellate>
          <coordinates>-180.000000,-32.513056,0 -179.000000,-32.513056,0 -178.000000,-32.513056,0 -177.000000,-32.513056,0 -176.000000,-32.513056,0 -175.000000,-32.513056,0 -174.000000,-32.513056,0 -173.000000,-32.513056,0 -172.000000,-32.513056,0 -171.000000,-32.513056,0 -170.000000,-32.513056,0 -169.000000,-32.513056,0 -168.000000,-32.513056,0 -167.000000,-32.513056,0 -166.000000,-32.513056,0 -165.000000,-32.513056,0 -164.000000,-32.513056,0 -163.000000,-32.513056,0 -162.000000,-32.513056,0 -161.000000,-32.513056,0 -160.000000,-32.513056,0 -159.000000,-32.513056,0 -158.000000,-32.513056,0 -157.000000,-32.513056,0 -156.000000,-32.513056,0 -155.000000,-32.513056,0 -154.000000,-32.513056,0 -153.000000,-32.513056,0 -152.000000,-32.513056,0 -151.000000,-32.513056,0 -150.000000,-32.513056,0 -149.000000,-32.513056,0 -148.000000,-32.513056,0 -147.000000,-32.513056,0 -146.000000,-32.513056,0 -145.000000,-32.513056,0 -144.000000,-32.513056,0 -143.000000,-32.513056,0 -142.000000,-32.513056,0 -141.000000,-32.513056,0 -140.000000,-32.513056,0 -139.000000,-32.513056,0 -138.000000,-32.513056,0 -137.000000,-32.513056,0 -136.000000,-32.513056,0 -135.000000,-32.513056,0 -134.000000,-32.513056,0 -133.000000,-32.513056,0 -132.000000,-32.513056,0 -131.000000,-32.513056,0 -130.000000,-32.513056,0 -129.000000,-32.513056,0 -128.000000,-32.513056,0 -127.000000,-32.513056,0 -126.000000,-32.513056,0 -125.000000,-32.513056,0 -124.000000,-32.513056,0 -123.000000,-32.513056,0 -122.000000,-32.513056,0 -121.000000,-32.513056,0 -120.000000,-32.513056,0 -119.000000,-32.513056,0 -118.000000,-32.513056,0 -117.000000,-32.513056,0 -116.000000,-32.513056,0 -115.000000,-32.513056,0 -114.000000,-32.513056,0 -113.000000,-32.513056,0 -112.000000,-32.513056,0 -111.000000,-32.513056,0 -110.000000,-32.513056,0 -109.000000,-32.513056,0 -108.000000,-32.513056,0 -107.000000,-32.513056,0 -106.000000,-32.513056,0 -105.000000,-32.513056,0 -104.000000,-32.513056,0 -103.000000,-32.513056,0 -102.000000,-32.513056,0 -101.000000,-32.513056,0 -100.000000,-32.513056,0 -99.000000,-32.513056,0 -98.000000,-32.513056,0 -97.000000,-32.513056,0 -96.000000,-32.513056,0 -95.000000,-32.513056,0 -94.000000,-32.513056,0 -93.000000,-32.513056,0 -92.000000,-32.513056,0 -91.000000,-32.513056,0 -90.000000,-32.513056,0 -89.000000,-32.513056,0 -88.000000,-32.513056,0 -87.000000,-32.513056,0 -86.000000,-32.513056,0 -85.000000,-32.513056,0 -84.000000,-32.513056,0 -83.000000,-32.513056,0 -82.000000,-32.513056,0 -81.000000,-32.513056,0 -80.000000,-32.513056,0 -79.000000,-32.513056,0 -78.000000,-32.513056,0 -77.000000,-32.513056,0 -76.000000,-32.513056,0 -75.000000,-32.513056,0 -74.000000,-32.513056,0 -73.000000,-32.513056,0 -72.000000,-32.513056,0 -71.000000,-32.513056,0 -70.000000,-32.513056,0 -69.000000,-32.513056,0 -68.000000,-32.513056,0 -67.000000,-32.513056,0 -66.000000,-32.513056,0 -65.000000,-32.513056,0 -64.000000,-32.513056,0 -63.000000,-32.513056,0 -62.000000,-32.513056,0 -61.000000,-32.513056,0 -60.000000,-32.513056,0 -59.000000,-32.513056,0 -58.000000,-32.513056,0 -57.000000,-32.513056,0 -56.000000,-32.513056,0 -55.000000,-32.513056,0 -54.000000,-32.513056,0 -53.000000,-32.513056,0 -52.000000,-32.513056,0 -51.000000,-32.513056,0 -50.000000,-32.513056,0 -49.000000,-32.513056,0 -48.000000,-32.513056,0 -47.000000,-32.513056,0 -46.000000,-32.513056,0 -45.000000,-32.513056,0 -44.000000,-32.513056,0 -43.000000,-32.513056,0 -42.000000,-32.513056,0 -41.000000,-32.513056,0 -40.000000,-32.513056,0 -39.000000,-32.513056,0 -38.000000,-32.513056,0 -37.000000,-32.513056,0 -36.000000,-32.513056,0 -35.000000,-32.513056,0 -34.000000,-32.513056,0 -33.000000,-32.513056,0 -32.000000,-32.513056,0 -31.000000,-32.513056,0 -30.000000,-32.513056,0 -29.000000,-32.513056,0 -28.000000,-32.513056,0 -27.000000,-32.513056,0 -26.000000,-32.513056,0 -25.000000,-32.513056,0 -24.000000,-32.513056,0 -23.000000,-32.513056,0 -22.000000,-32.513056,0 -21.000000,-32.513056,0 -20.000000,-32.513056,0 -19.000000,-32.513056,0 -18.000000,-32.513056,0 -17.000000,-32.513056,0 -16.000000,-32.513056,0 -15.000000,-32.513056,0 -14.000000,-32.513056,0 -13.000000,-32.513056,0 -12.000000,-32.513056,0 -11.000000,-32.513056,0 -10.000000,-32.513056,0 -9.000000,-32.513056,0 -8.000000,-32.513056,0 -7.000000,-32.513056,0 -6.000000,-32.513056,0 -5.000000,-32.513056,0 -4.000000,-32.513056,0 -3.000000,-32.513056,0 -2.000000,-32.513056,0 -1.000000,-32.513056,0 0.000000,-32.513056,0 1.000000,-32.513056,0 2.000000,-32.513056,0 3.000000,-32.513056,0 4.000000,-32.513056,0 5.000000,-32.513056,0 6.000000,-32.513056,0 7.000000,-32.513056,0 8.000000,-32.513056,0 9.000000,-32.513056,0 10.000000,-32.513056,0 11.000000,-32.513056,0 12.000000,-32.513056,0 13.000000,-32.513056,0 14.000000,-32.513056,0 15.000000,-32.513056,0 16.000000,-32.513056,0 17.000000,-32.513056,0 18.000000,-32.513056,0 19.000000,-32.513056,0 20.000000,-32.513056,0 21.000000,-32.513056,0 22.000000,-32.513056,0 23.000000,-32.513056,0 24.000000,-32.513056,0 25.000000,-32.513056,0 26.000000,-32.513056,0 27.000000,-32.513056,0 28.000000,-32.513056,0 29.000000,-32.513056,0 30.000000,-32.513056,0 31.000000,-32.513056,0 32.000000,-32.513056,0 33.000000,-32.513056,0 34.000000,-32.513056,0 35.000000,-32.513056,0 36.000000,-32.513056,0 37.000000,-32.513056,0 38.000000,-32.513056,0 39.000000,-32.513056,0 40.000000,-32.513056,0 41.000000,-32.513056,0 42.000000,-32.513056,0 43.000000,-32.513056,0 44.000000,-32.513056,0 45.000000,-32.513056,0 46.000000,-32.513056,0 47.000000,-32.513056,0 48.000000,-32.513056,0 49.000000,-32.513056,0 50.000000,-32.513056,0 51.000000,-32.513056,0 52.000000,-32.513056,0 53.000000,-32.513056,0 54.000000,-32.513056,0 55.000000,-32.513056,0 56.000000,-32.513056,0 57.000000,-32.513056,0 58.000000,-32.513056,0 59.000000,-32.513056,0 60.000000,-32.513056,0 61.000000,-32.513056,0 62.000000,-32.513056,0 63.000000,-32.513056,0 64.000000,-32.513056,0 65.000000,-32.513056,0 66.000000,-32.513056,0 67.000000,-32.513056,0 68.000000,-32.513056,0 69.000000,-32.513056,0 70.000000,-32.513056,0 71.000000,-32.513056,0 72.000000,-32.513056,0 73.000000,-32.513056,0 74.000000,-32.513056,0 75.000000,-32.513056,0 76.000000,-32.513056,0 77.000000,-32.513056,0 78.000000,-32.513056,0 79.000000,-32.513056,0 80.000000,-32.513056,0 81.000000,-32.513056,0 82.000000,-32.513056,0 83.000000,-32.513056,0 84.000000,-32.513056,0 85.000000,-32.513056,0 86.000000,-32.513056,0 87.000000,-32.513056,0 88.000000,-32.513056,0 89.000000,-32.513056,0 90.000000,-32.513056,0 91.000000,-32.513056,0 92.000000,-32.513056,0 93.000000,-32.513056,0 94.000000,-32.513056,0 95.000000,-32.513056,0 96.000000,-32.513056,0 97.000000,-32.513056,0 98.000000,-32.513056,0 99.000000,-32.513056,0 100.000000,-32.513056,0 101.000000,-32.513056,0 102.000000,-32.513056,0 103.000000,-32.513056,0 104.000000,-32.513056,0 105.000000,-32.513056,0 106.000000,-32.513056,0 107.000000,-32.513056,0 108.000000,-32.513056,0 109.000000,-32.513056,0 110.000000,-32.513056,0 111.000000,-32.513056,0 112.000000,-32.513056,0 113.000000,-32.513056,0 114.000000,-32.513056,0 115.000000,-32.513056,0 116.000000,-32.513056,0 117.000000,-32.513056,0 118.000000,-32.513056,0 119.000000,-32.513056,0 120.000000,-32.513056,0 121.000000,-32.513056,0 122.000000,-32.513056,0 123.000000,-32.513056,0 124.000000,-32.513056,0 125.000000,-32.513056,0 126.000000,-32.513056,0 127.000000,-32.513056,0 128.000000,-32.513056,0 129.000000,-32.513056,0 130.000000,-32.513056,0 131.000000,-32.513056,0 132.000000,-32.513056,0 133.000000,-32.513056,0 134.000000,-32.513056,0 135.000000,-32.513056,0 136.000000,-32.513056,0 137.000000,-32.513056,0 138.000000,-32.513056,0 139.000000,-32.513056,0 140.000000,-32.513056,0 141.000000,-32.513056,0 142.000000,-32.513056,0 143.000000,-32.513056,0 144.000000,-32.513056,0 145.000000,-32.513056,0 146.000000,-32.513056,0 147.000000,-32.513056,0 148.000000,-32.513056,0 149.000000,-32.513056,0 150.000000,-32.513056,0 151.000000,-32.513056,0 152.000000,-32.513056,0 153.000000,-32.513056,0 154.000000,-32.513056,0 155.000000,-32.513056,0 156.000000,-32.513056,0 157.000000,-32.513056,0 158.000000,-32.513056,0 159.000000,-32.513056,0 160.000000,-32.513056,0 161.000000,-32.513056,0 162.000000,-32.513056,0 163.000000,-32.513056,0 164.000000,-32.513056,0 165.000000,-32.513056,0 166.000000,-32.513056,0 167.000000,-32.513056,0 168.000000,-32.513056,0 169.000000,-32.513056,0 170.000000,-32.513056,0 171.000000,-32.513056,0 172.000000,-32.513056,0 173.000000,-32.513056,0 174.000000,-32.513056,0 175.000000,-32.513056,0 176.000000,-32.513056,0 177.000000,-32.513056,0 178.000000,-32.513056,0 179.000000,-32.513056,0 180.000000,-32.513056,0</coordinates>
        </LineString>
      </Placemark>
      <Placemark>
        <name>lat = -32.751667</name>
        <LineString>
          <tessellate>1</tessellate>
          <coordinates>-180.000000,-32.751667,0 -179.000000,-32.751667,0 -178.000000,-32.751667,0 -177.000000,-32.751667,0 -176.000000,-32.751667,0 -175.000000,-32.751667,0 -174.000000,-32.751667,0 -173.000000,-32.751667,0 -172.000000,-32.751667,0 -171.000000,-32.751667,0 -170.000000,-32.751667,0 -169.000000,-32.751667,0 -168.000000,-32.751667,0 -167.000000,-32.751667,0 -166.000000,-32.751667,0 -165.000000,-32.751667,0 -164.000000,-32.751667,0 -163.000000,-32.751667,0 -162.000000,-32.751667,0 -161.000000,-32.751667,0 -160.000000,-32.751667,0 -159.000000,-32.751667,0 -158.000000,-32.751667,0 -157.000000,-32.751667,0 -156.000000,-32.751667,0 -155.000000,-32.751667,0 -154.000000,-32.751667,0 -153.000000,-32.751667,0 -152.000000,-32.751667,0 -151.000000,-32.751667,0 -150.000000,-32.751667,0 -149.000000,-32.751667,0 -148.000000,-32.751667,0 -147.000000,-32.751667,0 -146.000000,-32.751667,0 -145.000000,-32.751667,0 -144.000000,-32.751667,0 -143.000000,-32.751667,0 -142.000000,-32.751667,0 -141.000000,-32.751667,0 -140.000000,-32.751667,0 -139.000000,-32.751667,0 -138.000000,-32.751667,0 -137.000000,-32.751667,0 -136.000000,-32.751667,0 -135.000000,-32.751667,0 -134.000000,-32.751667,0 -133.000000,-32.751667,0 -132.000000,-32.751667,0 -131.000000,-32.751667,0 -130.000000,-32.751667,0 -129.000000,-32.751667,0 -128.000000,-32.751667,0 -127.000000,-32.751667,0 -126.000000,-32.751667,0 -125.000000,-32.751667,0 -124.000000,-32.751667,0 -123.000000,-32.751667,0 -122.000000,-32.751667,0 -121.000000,-32.751667,0 -120.000000,-32.751667,0 -119.000000,-32.751667,0 -118.000000,-32.751667,0 -117.000000,-32.751667,0 -116.000000,-32.751667,0 -115.000000,-32.751667,0 -114.000000,-32.751667,0 -113.000000,-32.751667,0 -112.000000,-32.751667,0 -111.000000,-32.751667,0 -110.000000,-32.751667,0 -109.000000,-32.751667,0 -108.000000,-32.751667,0 -107.000000,-32.751667,0 -106.000000,-32.751667,0 -105.000000,-32.751667,0 -104.000000,-32.751667,0 -103.000000,-32.751667,0 -102.000000,-32.751667,0 -101.000000,-32.751667,0 -100.000000,-32.751667,0 -99.000000,-32.751667,0 -98.000000,-32.751667,0 -97.000000,-32.751667,0 -96.000000,-32.751667,0 -95.000000,-32.751667,0 -94.000000,-32.751667,0 -93.000000,-32.751667,0 -92.000000,-32.751667,0 -91.000000,-32.751667,0 -90.000000,-32.751667,0 -89.000000,-32.751667,0 -88.000000,-32.751667,0 -87.000000,-32.751667,0 -86.000000,-32.751667,0 -85.000000,-32.751667,0 -84.000000,-32.751667,0 -83.000000,-32.751667,0 -82.000000,-32.751667,0 -81.000000,-32.751667,0 -80.000000,-32.751667,0 -79.000000,-32.751667,0 -78.000000,-32.751667,0 -77.000000,-32.751667,0 -76.000000,-32.751667,0 -75.000000,-32.751667,0 -74.000000,-32.751667,0 -73.000000,-32.751667,0 -72.000000,-32.751667,0 -71.000000,-32.751667,0 -70.000000,-32.751667,0 -69.000000,-32.751667,0 -68.000000,-32.751667,0 -67.000000,-32.751667,0 -66.000000,-32.751667,0 -65.000000,-32.751667,0 -64.000000,-32.751667,0 -63.000000,-32.751667,0 -62.000000,-32.751667,0 -61.000000,-32.751667,0 -60.000000,-32.751667,0 -59.000000,-32.751667,0 -58.000000,-32.751667,0 -57.000000,-32.751667,0 -56.000000,-32.751667,0 -55.000000,-32.751667,0 -54.000000,-32.751667,0 -53.000000,-32.751667,0 -52.000000,-32.751667,0 -51.000000,-32.751667,0 -50.000000,-32.751667,0 -49.000000,-32.751667,0 -48.000000,-32.751667,0 -47.000000,-32.751667,0 -46.000000,-32.751667,0 -45.000000,-32.751667,0 -44.000000,-32.751667,0 -43.000000,-32.751667,0 -42.000000,-32.751667,0 -41.000000,-32.751667,0 -40.000000,-32.751667,0 -39.000000,-32.751667,0 -38.000000,-32.751667,0 -37.000000,-32.751667,0 -36.000000,-32.751667,0 -35.000000,-32.751667,0 -34.000000,-32.751667,0 -33.000000,-32.751667,0 -32.000000,-32.751667,0 -31.000000,-32.751667,0 -30.000000,-32.751667,0 -29.000000,-32.751667,0 -28.000000,-32.751667,0 -27.000000,-32.751667,0 -26.000000,-32.751667,0 -25.000000,-32.751667,0 -24.000000,-32.751667,0 -23.000000,-32.751667,0 -22.000000,-32.751667,0 -21.000000,-32.751667,0 -20.000000,-32.751667,0 -19.000000,-32.751667,0 -18.000000,-32.751667,0 -17.000000,-32.751667,0 -16.000000,-32.751667,0 -15.000000,-32.751667,0 -14.000000,-32.751667,0 -13.000000,-32.751667,0 -12.000000,-32.751667,0 -11.000000,-32.751667,0 -10.000000,-32.751667,0 -9.000000,-32.751667,0 -8.000000,-32.751667,0 -7.000000,-32.751667,0 -6.000000,-32.751667,0 -5.000000,-32.751667,0 -4.000000,-32.751667,0 -3.000000,-32.751667,0 -2.000000,-32.751667,0 -1.000000,-32.751667,0 0.000000,-32.751667,0 1.000000,-32.751667,0 2.000000,-32.751667,0 3.000000,-32.751667,0 4.000000,-32.751667,0 5.000000,-32.751667,0 6.000000,-32.751667,0 7.000000,-32.751667,0 8.000000,-32.751667,0 9.000000,-32.751667,0 10.000000,-32.751667,0 11.000000,-32.751667,0 12.000000,-32.751667,0 13.000000,-32.751667,0 14.000000,-32.751667,0 15.000000,-32.751667,0 16.000000,-32.751667,0 17.000000,-32.751667,0 18.000000,-32.751667,0 19.000000,-32.751667,0 20.000000,-32.751667,0 21.000000,-32.751667,0 22.000000,-32.751667,0 23.000000,-32.751667,0 24.000000,-32.751667,0 25.000000,-32.751667,0 26.000000,-32.751667,0 27.000000,-32.751667,0 28.000000,-32.751667,0 29.000000,-32.751667,0 30.000000,-32.751667,0 31.000000,-32.751667,0 32.000000,-32.751667,0 33.000000,-32.751667,0 34.000000,-32.751667,0 35.000000,-32.751667,0 36.000000,-32.751667,0 37.000000,-32.751667,0 38.000000,-32.751667,0 39.000000,-32.751667,0 40.000000,-32.751667,0 41.000000,-32.751667,0 42.000000,-32.751667,0 43.000000,-32.751667,0 44.000000,-32.751667,0 45.000000,-32.751667,0 46.000000,-32.751667,0 47.000000,-32.751667,0 48.000000,-32.751667,0 49.000000,-32.751667,0 50.000000,-32.751667,0 51.000000,-32.751667,0 52.000000,-32.751667,0 53.000000,-32.751667,0 54.000000,-32.751667,0 55.000000,-32.751667,0 56.000000,-32.751667,0 57.000000,-32.751667,0 58.000000,-32.751667,0 59.000000,-32.751667,0 60.000000,-32.751667,0 61.000000,-32.751667,0 62.000000,-32.751667,0 63.000000,-32.751667,0 64.000000,-32.751667,0 65.000000,-32.751667,0 66.000000,-32.751667,0 67.000000,-32.751667,0 68.000000,-32.751667,0 69.000000,-32.751667,0 70.000000,-32.751667,0 71.000000,-32.751667,0 72.000000,-32.751667,0 73.000000,-32.751667,0 74.000000,-32.751667,0 75.000000,-32.751667,0 76.000000,-32.751667,0 77.000000,-32.751667,0 78.000000,-32.751667,0 79.000000,-32.751667,0 80.000000,-32.751667,0 81.000000,-32.751667,0 82.000000,-32.751667,0 83.000000,-32.751667,0 84.000000,-32.751667,0 85.000000,-32.751667,0 86.000000,-32.751667,0 87.000000,-32.751667,0 88.000000,-32.751667,0 89.000000,-32.751667,0 90.000000,-32.751667,0 91.000000,-32.751667,0 92.000000,-32.751667,0 93.000000,-32.751667,0 94.000000,-32.751667,0 95.000000,-32.751667,0 96.000000,-32.751667,0 97.000000,-32.751667,0 98.000000,-32.751667,0 99.000000,-32.751667,0 100.000000,-32.751667,0 101.000000,-32.751667,0 102.000000,-32.751667,0 103.000000,-32.751667,0 104.000000,-32.751667,0 105.000000,-32.751667,0 106.000000,-32.751667,0 107.000000,-32.751667,0 108.000000,-32.751667,0 109.000000,-32.751667,0 110.000000,-32.751667,0 111.000000,-32.751667,0 112.000000,-32.751667,0 113.000000,-32.751667,0 114.000000,-32.751667,0 115.000000,-32.751667,0 116.000000,-32.751667,0 117.000000,-32.751667,0 118.000000,-32.751667,0 119.000000,-32.751667,0 120.000000,-32.751667,0 121.000000,-32.751667,0 122.000000,-32.751667,0 123.000000,-32.751667,0 124.000000,-32.751667,0 125.000000,-32.751667,0 126.000000,-32.751667,0 127.000000,-32.751667,0 128.000000,-32.751667,0 129.000000,-32.751667,0 130.000000,-32.751667,0 131.000000,-32.751667,0 132.000000,-32.751667,0 133.000000,-32.751667,0 134.000000,-32.751667,0 135.000000,-32.751667,0 136.000000,-32.751667,0 137.000000,-32.751667,0 138.000000,-32.751667,0 139.000000,-32.751667,0 140.000000,-32.751667,0 141.000000,-32.751667,0 142.000000,-32.751667,0 143.000000,-32.751667,0 144.000000,-32.751667,0 145.000000,-32.751667,0 146.000000,-32.751667,0 147.000000,-32.751667,0 148.000000,-32.751667,0 149.000000,-32.751667,0 150.000000,-32.751667,0 151.000000,-32.751667,0 152.000000,-32.751667,0 153.000000,-32.751667,0 154.000000,-32.751667,0 155.000000,-32.751667,0 156.000000,-32.751667,0 157.000000,-32.751667,0 158.000000,-32.751667,0 159.000000,-32.751667,0 160.000000,-32.751667,0 161.000000,-32.751667,0 162.000000,-32.751667,0 163.000000,-32.751667,0 164.000000,-32.751667,0 165.000000,-32.751667,0 166.000000,-32.751667,0 167.000000,-32.751667,0 168.000000,-32.751667,0 169.000000,-32.751667,0 170.000000,-32.751667,0 171.000000,-32.751667,0 172.000000,-32.751667,0 173.000000,-32.751667,0 174.000000,-32.751667,0 175.000000,-32.751667,0 176.000000,-32.751667,0 177.000000,-32.751667,0 178.000000,-32.751667,0 179.000000,-32.751667,0 180.000000,-32.751667,0</coordinates>
        </LineString>
      </Placemark>
      <Placemark>
        <name>lat = -36.866944</name>
        <LineString>
          <tessellate>1</tessellate>
          <coordinates>-180.000000,-36.866944,0 -179.000000,-36.866944,0 -178.000000,-36.866944,0 -177.000000,-36.866944,0 -176.000000,-36.866944,0 -175.000000,-36.866944,0 -174.000000,-36.866944,0 -173.000000,-36.866944,0 -172.000000,-36.866944,0 -171.000000,-36.866944,0 -170.000000,-36.866944,0 -169.000000,-36.866944,0 -168.000000,-36.866944,0 -167.000000,-36.866944,0 -166.000000,-36.866944,0 -165.000000,-36.866944,0 -164.000000,-36.866944,0 -163.000000,-36.866944,0 -162.000000,-36.866944,0 -161.000000,-36.866944,0 -160.000000,-36.866944,0 -159.000000,-36.866944,0 -158.000000,-36.866944,0 -157.000000,-36.866944,0 -156.000000,-36.866944,0 -155.000000,-36.866944,0 -154.000000,-36.866944,0 -153.000000,-36.866944,0 -152.000000,-36.866944,0 -151.000000,-36.866944,0 -150.000000,-36.866944,0 -149.000000,-36.866944,0 -148.000000,-36.866944,0 -147.000000,-36.866944,0 -146.000000,-36.866944,0 -145.000000,-36.866944,0 -144.000000,-36.866944,0 -143.000000,-36.866944,0 -142.000000,-36.866944,0 -141.000000,-36.866944,0 -140.000000,-36.866944,0 -139.000000,-36.866944,0 -138.000000,-36.866944,0 -137.000000,-36.866944,0 -136.000000,-36.866944,0 -135.000000,-36.866944,0 -134.000000,-36.866944,0 -133.000000,-36.866944,0 -132.000000,-36.866944,0 -131.000000,-36.866944,0 -130.000000,-36.866944,0 -129.000000,-36.866944,0 -128.000000,-36.866944,0 -127.000000,-36.866944,0 -126.000000,-36.866944,0 -125.000000,-36.866944,0 -124.000000,-36.866944,0 -123.000000,-36.866944,0 -122.000000,-36.866944,0 -121.000000,-36.866944,0 -120.000000,-36.866944,0 -119.000000,-36.866944,0 -118.000000,-36.866944,0 -117.000000,-36.866944,0 -116.000000,-36.866944,0 -115.000000,-36.866944,0 -114.000000,-36.866944,0 -113.000000,-36.866944,0 -112.000000,-36.866944,0 -111.000000,-36.866944,0 -110.000000,-36.866944,0 -109.000000,-36.866944,0 -108.000000,-36.866944,0 -107.000000,-36.866944,0 -106.000000,-36.866944,0 -105.000000,-36.866944,0 -104.000000,-36.866944,0 -103.000000,-36.866944,0 -102.000000,-36.866944,0 -101.000000,-36.866944,0 -100.000000,-36.866944,0 -99.000000,-36.866944,0 -98.000000,-36.866944,0 -97.000000,-36.866944,0 -96.000000,-36.866944,0 -95.000000,-36.866944,0 -94.000000,-36.866944,0 -93.000000,-36.866944,0 -92.000000,-36.866944,0 -91.000000,-36.866944,0 -90.000000,-36.866944,0 -89.000000,-36.866944,0 -88.000000,-36.866944,0 -87.000000,-36.866944,0 -86.000000,-36.866944,0 -85.000000,-36.866944,0 -84.000000,-36.866944,0 -83.000000,-36.866944,0 -82.000000,-36.866944,0 -81.000000,-36.866944,0 -80.000000,-36.866944,0 -79.000000,-36.866944,0 -78.000000,-36.866944,0 -77.000000,-36.866944,0 -76.000000,-36.866944,0 -75.000000,-36.866944,0 -74.000000,-36.866944,0 -73.000000,-36.866944,0 -72.000000,-36.866944,0 -71.000000,-36.866944,0 -70.000000,-36.866944,0 -69.000000,-36.866944,0 -68.000000,-36.866944,0 -67.000000,-36.866944,0 -66.000000,-36.866944,0 -65.000000,-36.866944,0 -64.000000,-36.866944,0 -63.000000,-36.866944,0 -62.000000,-36.866944,0 -61.000000,-36.866944,0 -60.000000,-36.866944,0 -59.000000,-36.866944,0 -58.000000,-36.866944,0 -57.000000,-36.866944,0 -56.000000,-36.866944,0 -55.000000,-36.866944,0 -54.000000,-36.866944,0 -53.000000,-36.866944,0 -52.000000,-36.866944,0 -51.000000,-36.866944,0 -50.000000,-36.866944,0 -49.000000,-36.866944,0 -48.000000,-36.866944,0 -47.000000,-36.866944,0 -46.000000,-36.866944,0 -45.000000,-36.866944,0 -44.000000,-36.866944,0 -43.000000,-36.866944,0 -42.000000,-36.866944,0 -41.000000,-36.866944,0 -40.000000,-36.866944,0 -39.000000,-36.866944,0 -38.000000,-36.866944,0 -37.000000,-36.866944,0 -36.000000,-36.866944,0 -35.000000,-36.866944,0 -34.000000,-36.866944,0 -33.000000,-36.866944,0 -32.000000,-36.866944,0 -31.000000,-36.866944,0 -30.000000,-36.866944,0 -29.000000,-36.866944,0 -28.000000,-36.866944,0 -27.000000,-36.866944,0 -26.000000,-36.866944,0 -25.000000,-36.866944,0 -24.000000,-36.866944,0 -23.000000,-36.866944,0 -22.000000,-36.866944,0 -21.000000,-36.866944,0 -20.000000,-36.866944,0 -19.000000,-36.866944,0 -18.000000,-36.866944,0 -17.000000,-36.866944,0 -16.000000,-36.866944,0 -15.000000,-36.866944,0 -14.000000,-36.866944,0 -13.000000,-36.866944,0 -12.000000,-36.866944,0 -11.000000,-36.866944,0 -10.000000,-36.866944,0 -9.000000,-36.866944,0 -8.000000,-36.866944,0 -7.000000,-36.866944,0 -6.000000,-36.866944,0 -5.000000,-36.866944,0 -4.000000,-36.866944,0 -3.000000,-36.866944,0 -2.000000,-36.866944,0 -1.000000,-36.866944,0 0.000000,-36.866944,0 1.000000,-36.866944,0 2.000000,-36.866944,0 3.000000,-36.866944,0 4.000000,-36.866944,0 5.000000,-36.866944,0 6.000000,-36.866944,0 7.000000,-36.866944,0 8.000000,-36.866944,0 9.000000,-36.866944,0 10.000000,-36.866944,0 11.000000,-36.866944,0 12.000000,-36.866944,0 13.000000,-36.866944,0 14.000000,-36.866944,0 15.000000,-36.866944,0 16.000000,-36.866944,0 17.000000,-36.866944,0 18.000000,-36.866944,0 19.000000,-36.866944,0 20.000000,-36.866944,0 21.000000,-36.866944,0 22.000000,-36.866944,0 23.000000,-36.866944,0 24.000000,-36.866944,0 25.000000,-36.866944,0 26.000000,-36.866944,0 27.000000,-36.866944,0 28.000000,-36.866944,0 29.000000,-36.866944,0 30.000000,-36.866944,0 31.000000,-36.866944,0 32.000000,-36.866944,0 33.000000,-36.866944,0 34.000000,-36.866944,0 35.000000,-36.866944,0 36.000000,-36.866944,0 37.000000,-36.866944,0 38.000000,-36.866944,0 39.000000,-36.866944,0 40.000000,-36.866944,0 41.000000,-36.866944,0 42.000000,-36.866944,0 43.000000,-36.866944,0 44.000000,-36.866944,0 45.000000,-36.866944,0 46.000000,-36.866944,0 47.000000,-36.866944,0 48.000000,-36.866944,0 49.000000,-36.866944,0 50.000000,-36.866944,0 51.000000,-36.866944,0 52.000000,-36.866944,0 53.000000,-36.866944,0 54.000000,-36.866944,0 55.000000,-36.866944,0 56.000000,-36.866944,0 57.000000,-36.866944,0 58.000000,-36.866944,0 59.000000,-36.866944,0 60.000000,-36.866944,0 61.000000,-36.866944,0 62.000000,-36.866944,0 63.000000,-36.866944,0 64.000000,-36.866944,0 65.000000,-36.866944,0 66.000000,-36.866944,0 67.000000,-36.866944,0 68.000000,-36.866944,0 69.000000,-36.866944,0 70.000000,-36.866944,0 71.000000,-36.866944,0 72.000000,-36.866944,0 73.000000,-36.866944,0 74.000000,-36.866944,0 75.000000,-36.866944,0 76.000000,-36.866944,0 77.000000,-36.866944,0 78.000000,-36.866944,0 79.000000,-36.866944,0 80.000000,-36.866944,0 81.000000,-36.866944,0 82.000000,-36.866944,0 83.000000,-36.866944,0 84.000000,-36.866944,0 85.000000,-36.866944,0 86.000000,-36.866944,0 87.000000,-36.866944,0 88.000000,-36.866944,0 89.000000,-36.866944,0 90.000000,-36.866944,0 91.000000,-36.866944,0 92.000000,-36.866944,0 93.000000,-36.866944,0 94.000000,-36.866944,0 95.000000,-36.866944,0 96.000000,-36.866944,0 97.000000,-36.866944,0 98.000000,-36.866944,0 99.000000,-36.866944,0 100.000000,-36.866944,0 101.000000,-36.866944,0 102.000000,-36.866944,0 103.000000,-36.866944,0 104.000000,-36.866944,0 105.000000,-36.866944,0 106.000000,-36.866944,0 107.000000,-36.866944,0 108.000000,-36.866944,0 109.000000,-36.866944,0 110.000000,-36.866944,0 111.000000,-36.866944,0 112.000000,-36.866944,0 113.000000,-36.866944,0 114.000000,-36.866944,0 115.000000,-36.866944,0 116.000000,-36.866944,0 117.000000,-36.866944,0 118.000000,-36.866944,0 119.000000,-36.866944,0 120.000000,-36.866944,0 121.000000,-36.866944,0 122.000000,-36.866944,0 123.000000,-36.866944,0 124.000000,-36.866944,0 125.000000,-36.866944,0 126.000000,-36.866944,0 127.000000,-36.866944,0 128.000000,-36.866944,0 129.000000,-36.866944,0 130.000000,-36.866944,0 131.000000,-36.866944,0 132.000000,-36.866944,0 133.000000,-36.866944,0 134.000000,-36.866944,0 135.000000,-36.866944,0 136.000000,-36.866944,0 137.000000,-36.866944,0 138.000000,-36.866944,0 139.000000,-36.866944,0 140.000000,-36.866944,0 141.000000,-36.866944,0 142.000000,-36.866944,0 143.000000,-36.866944,0 144.000000,-36.866944,0 145.000000,-36.866944,0 146.000000,-36.866944,0 147.000000,-36.866944,0 148.000000,-36.866944,0 149.000000,-36.866944,0 150.000000,-36.866944,0 151.000000,-36.866944,0 152.000000,-36.866944,0 153.000000,-36.866944,0 154.000000,-36.866944,0 155.000000,-36.866944,0 156.000000,-36.866944,0 157.000000,-36.866944,0 158.000000,-36.866944,0 159.000000,-36.866944,0 160.000000,-36.866944,0 161.000000,-36.866944,0 162.000000,-36.866944,0 163.000000,-36.866944,0 164.000000,-36.866944,0 165.000000,-36.866944,0 166.000000,-36.866944,0 167.000000,-36.866944,0 168.000000,-36.866944,0 169.000000,-36.866944,0 170.000000,-36.866944,0 171.000000,-36.866944,0 172.000000,-36.866944,0 173.000000,-36.866944,0 174.000000,-36.866944,0 175.000000,-36.866944,0 176.000000,-36.866944,0 177.000000,-36.866944,0 178.000000,-36.866944,0 179.000000,-36.866944,0 180.000000,-36.866944,0</coordinates>
        </LineString>
      </Placemark>
      <Placemark>
        <name>lat = -40.450000</name>
        <LineString>
          <tessellate>1</tessellate>
          <coordinates>-180.000000,-40.450000,0 -179.000000,-40.450000,0 -178.000000,-40.450000,0 -177.000000,-40.450000,0 -176.000000,-40.450000,0 -175.000000,-40.450000,0 -174.000000,-40.450000,0 -173.000000,-40.450000,0 -172.000000,-40.450000,0 -171.000000,-40.450000,0 -170.000000,-40.450000,0 -169.000000,-40.450000,0 -168.000000,-40.450000,0 -167.000000,-40.450000,0 -166.000000,-40.450000,0 -165.000000,-40.450000,0 -164.000000,-40.450000,0 -163.000000,-40.450000,0 -162.000000,-40.450000,0 -161.000000,-40.450000,0 -160.000000,-40.450000,0 -159.000000,-40.450000,0 -158.000000,-40.450000,0 -157.000000,-40.450000,0 -156.000000,-40.450000,0 -155.000000,-40.450000,0 -154.000000,-40.450000,0 -153.000000,-40.450000,0 -152.000000,-40.450000,0 -151.000000,-40.450000,0 -150.000000,-40.450000,0 -149.000000,-40.450000,0 -148.000000,-40.450000,0 -147.000000,-40.450000,0 -146.000000,-40.450000,0 -145.000000,-40.450000,0 -144.000000,-40.450000,0 -143.000000,-40.450000,0 -142.000000,-40.450000,0 -141.000000,-40.450000,0 -140.000000,-40.450000,0 -139.000000,-40.450000,0 -138.000000,-40.450000,0 -137.000000,-40.450000,0 -136.000000,-40.450000,0 -135.000000,-40.450000,0 -134.000000,-40.450000,0 -133.000000,-40.450000,0 -132.000000,-40.450000,0 -131.000000,-40.450000,0 -130.000000,-40.450000,0 -129.000000,-40.450000,0 -128.000000,-40.450000,0 -127.000000,-40.450000,0 -126.000000,-40.450000,0 -125.000000,-40.450000,0 -124.000000,-40.450000,0 -123.000000,-40.450000,0 -122.000000,-40.450000,0 -121.000000,-40.450000,0 -120.000000,-40.450000,0 -119.000000,-40.450000,0 -118.000000,-40.450000,0 -117.000000,-40.450000,0 -116.000000,-40.450000,0 -115.000000,-40.450000,0 -114.000000,-40.450000,0 -113.000000,-40.450000,0 -112.000000,-40.450000,0 -111.000000,-40.450000,0 -110.000000,-40.450000,0 -109.000000,-40.450000,0 -108.000000,-40.450000,0 -107.000000,-40.450000,0 -106.000000,-40.450000,0 -105.000000,-40.450000,0 -104.000000,-40.450000,0 -103.000000,-40.450000,0 -102.000000,-40.450000,0 -101.000000,-40.450000,0 -100.000000,-40.450000,0 -99.000000,-40.450000,0 -98.000000,-40.450000,0 -97.000000,-40.450000,0 -96.000000,-40.450000,0 -95.000000,-40.450000,0 -94.000000,-40.450000,0 -93.000000,-40.450000,0 -92.000000,-40.450000,0 -91.000000,-40.450000,0 -90.000000,-40.450000,0 -89.000000,-40.450000,0 -88.000000,-40.450000,0 -87.000000,-40.450000,0 -86.000000,-40.450000,0 -85.000000,-40.450000,0 -84.000000,-40.450000,0 -83.000000,-40.450000,0 -82.000000,-40.450000,0 -81.000000,-40.450000,0 -80.000000,-40.450000,0 -79.000000,-40.450000,0 -78.000000,-40.450000,0 -77.000000,-40.450000,0 -76.000000,-40.450000,0 -75.000000,-40.450000,0 -74.000000,-40.450000,0 -73.000000,-40.450000,0 -72.000000,-40.450000,0 -71.000000,-40.450000,0 -70.000000,-40.450000,0 -69.000000,-40.450000,0 -68.000000,-40.450000,0 -67.000000,-40.450000,0 -66.000000,-40.450000,0 -65.000000,-40.450000,0 -64.000000,-40.450000,0 -63.000000,-40.450000,0 -62.000000,-40.450000,0 -61.000000,-40.450000,0 -60.000000,-40.450000,0 -59.000000,-40.450000,0 -58.000000,-40.450000,0 -57.000000,-40.450000,0 -56.000000,-40.450000,0 -55.000000,-40.450000,0 -54.000000,-40.450000,0 -53.000000,-40.450000,0 -52.000000,-40.450000,0 -51.000000,-40.450000,0 -50.000000,-40.450000,0 -49.000000,-40.450000,0 -48.000000,-40.450000,0 -47.000000,-40.450000,0 -46.000000,-40.450000,0 -45.000000,-40.450000,0 -44.000000,-40.450000,0 -43.000000,-40.450000,0 -42.000000,-40.450000,0 -41.000000,-40.450000,0 -40.000000,-40.450000,0 -39.000000,-40.450000,0 -38.000000,-40.450000,0 -37.000000,-40.450000,0 -36.000000,-40.450000,0 -35.000000,-40.450000,0 -34.000000,-40.450000,0 -33.000000,-40.450000,0 -32.000000,-40.450000,0 -31.000000,-40.450000,0 -30.000000,-40.450000,0 -29.000000,-40.450000,0 -28.000000,-40.450000,0 -27.000000,-40.450000,0 -26.000000,-40.450000,0 -25.000000,-40.450000,0 -24.000000,-40.450000,0 -23.000000,-40.450000,0 -22.000000,-40.450000,0 -21.000000,-40.450000,0 -20.000000,-40.450000,0 -19.000000,-40.450000,0 -18.000000,-40.450000,0 -17.000000,-40.450000,0 -16.000000,-40.450000,0 -15.000000,-40.450000,0 -14.000000,-40.450000,0 -13.000000,-40.450000,0 -12.000000,-40.450000,0 -11.000000,-40.450000,0 -10.000000,-40.450000,0 -9.000000,-40.450000,0 -8.000000,-40.450000,0 -7.000000,-40.450000,0 -6.000000,-40.450000,0 -5.000000,-40.450000,0 -4.000000,-40.450000,0 -3.000000,-40.450000,0 -2.000000,-40.450000,0 -1.000000,-40.450000,0 0.000000,-40.450000,0 1.000000,-40.450000,0 2.000000,-40.450000,0 3.000000,-40.450000,0 4.000000,-40.450000,0 5.000000,-40.450000,0 6.000000,-40.450000,0 7.000000,-40.450000,0 8.000000,-40.450000,0 9.000000,-40.450000,0 10.000000,-40.450000,0 11.000000,-40.450000,0 12.000000,-40.450000,0 13.000000,-40.450000,0 14.000000,-40.450000,0 15.000000,-40.450000,0 16.000000,-40.450000,0 17.000000,-40.450000,0 18.000000,-40.450000,0 19.000000,-40.450000,0 20.000000,-40.450000,0 21.000000,-40.450000,0 22.000000,-40.450000,0 23.000000,-40.450000,0 24.000000,-40.450000,0 25.000000,-40.450000,0 26.000000,-40.450000,0 27.000000,-40.450000,0 28.000000,-40.450000,0 29.000000,-40.450000,0 30.000000,-40.450000,0 31.000000,-40.450000,0 32.000000,-40.450000,0 33.000000,-40.450000,0 34.000000,-40.450000,0 35.000000,-40.450000,0 36.000000,-40.450000,0 37.000000,-40.450000,0 38.000000,-40.450000,0 39.000000,-40.450000,0 40.000000,-40.450000,0 41.000000,-40.450000,0 42.000000,-40.450000,0 43.000000,-40.450000,0 44.000000,-40.450000,0 45.000000,-40.450000,0 46.000000,-40.450000,0 47.000000,-40.450000,0 48.000000,-40.450000,0 49.000000,-40.450000,0 50.000000,-40.450000,0 51.000000,-40.450000,0 52.000000,-40.450000,0 53.000000,-40.450000,0 54.000000,-40.450000,0 55.000000,-40.450000,0 56.000000,-40.450000,0 57.000000,-40.450000,0 58.000000,-40.450000,0 59.000000,-40.450000,0 60.000000,-40.450000,0 61.000000,-40.450000,0 62.000000,-40.450000,0 63.000000,-40.450000,0 64.000000,-40.450000,0 65.000000,-40.450000,0 66.000000,-40.450000,0 67.000000,-40.450000,0 68.000000,-40.450000,0 69.000000,-40.450000,0 70.000000,-40.450000,0 71.000000,-40.450000,0 72.000000,-40.450000,0 73.000000,-40.450000,0 74.000000,-40.450000,0 75.000000,-40.450000,0 76.000000,-40.450000,0 77.000000,-40.450000,0 78.000000,-40.450000,0 79.000000,-40.450000,0 80.000000,-40.450000,0 81.000000,-40.450000,0 82.000000,-40.450000,0 83.000000,-40.450000,0 84.000000,-40.450000,0 85.000000,-40.450000,0 86.000000,-40.450000,0 87.000000,-40.450000,0 88.000000,-40.450000,0 89.000000,-40.450000,0 90.000000,-40.450000,0 91.000000,-40.450000,0 92.000000,-40.450000,0 93.000000,-40.450000,0 94.000000,-40.450000,0 95.000000,-40.450000,0 96.000000,-40.450000,0 97.000000,-40.450000,0 98.000000,-40.450000,0 99.000000,-40.450000,0 100.000000,-40.450000,0 101.000000,-40.450000,0 102.000000,-40.450000,0 103.000000,-40.450000,0 104.000000,-40.450000,0 105.000000,-40.450000,0 106.000000,-40.450000,0 107.000000,-40.450000,0 108.000000,-40.450000,0 109.000000,-40.450000,0 110.000000,-40.450000,0 111.000000,-40.450000,0 112.000000,-40.450000,0 113.000000,-40.450000,0 114.000000,-40.450000,0 115.000000,-40.450000,0 116.000000,-40.450000,0 117.000000,-40.450000,0 118.000000,-40.450000,0 119.000000,-40.450000,0 120.000000,-40.450000,0 121.000000,-40.450000,0 122.000000,-40.450000,0 123.000000,-40.450000,0 124.000000,-40.450000,0 125.000000,-40.450000,0 126.000000,-40.450000,0 127.000000,-40.450000,0 128.000000,-40.450000,0 129.000000,-40.450000,0 130.000000,-40.450000,0 131.000000,-40.450000,0 132.000000,-40.450000,0 133.000000,-40.450000,0 134.000000,-40.450000,0 135.000000,-40.450000,0 136.000000,-40.450000,0 137.000000,-40.450000,0 138.000000,-40.450000,0 139.000000,-40.450000,0 140.000000,-40.450000,0 141.000000,-40.450000,0 142.000000,-40.450000,0 143.000000,-40.450000,0 144.000000,-40.450000,0 145.000000,-40.450000,0 146.000000,-40.450000,0 147.000000,-40.450000,0 148.000000,-40.450000,0 149.000000,-40.450000,0 150.000000,-40.450000,0 151.000000,-40.450000,0 152.000000,-40.450000,0 153.000000,-40.450000,0 154.000000,-40.450000,0 155.000000,-40.450000,0 156.000000,-40.450000,0 157.000000,-40.450000,0 158.000000,-40.450000,0 159.000000,-40.450000,0 160.000000,-40.450000,0 161.000000,-40.450000,0 162.000000,-40.450000,0 163.000000,-40.450000,0 164.000000,-40.450000,0 165.000000,-40.450000,0 166.000000,-40.450000,0 167.000000,-40.450000,0 168.000000,-40.450000,0 169.000000,-40.450000,0 170.000000,-40.450000,0 171.000000,-40.450000,0 172.000000,-40.450000,0 173.000000,-40.450000,0 174.000000,-40.450000,0 175.000000,-40.450000,0 176.000000,-40.450000,0 177.000000,-40.450000,0 178.000000,-40.450000,0 179.000000,-40.450000,0 180.000000,-40.450000,0</coordinates>
        </LineString>
      </Placemark>
      <Placemark>
        <name>lat = -42.874722</name>
        <LineString>
          <tessellate>1</tessellate>
          <coordinates>-180.000000,-42.874722,0 -179.000000,-42.874722,0 -178.000000,-42.874722,0 -177.000000,-42.874722,0 -176.000000,-42.874722,0 -175.000000,-42.874722,0 -174.000000,-42.874722,0 -173.000000,-42.874722,0 -172.000000,-42.874722,0 -171.000000,-42.874722,0 -170.000000,-42.874722,0 -169.000000,-42.874722,0 -168.000000,-42.874722,0 -167.000000,-42.874722,0 -166.000000,-42.874722,0 -165.000000,-42.874722,0 -164.000000,-42.874722,0 -163.000000,-42.874722,0 -162.000000,-42.874722,0 -161.000000,-42.874722,0 -160.000000,-42.874722,0 -159.000000,-42.874722,0 -158.000000,-42.874722,0 -157.000000,-42.874722,0 -156.000000,-42.874722,0 -155.000000,-42.874722,0 -154.000000,-42.874722,0 -153.000000,-42.874722,0 -152.000000,-42.874722,0 -151.000000,-42.874722,0 -150.000000,-42.874722,0 -149.000000,-42.874722,0 -148.000000,-42.874722,0 -147.000000,-42.874722,0 -146.000000,-42.874722,0 -145.000000,-42.874722,0 -144.000000,-42.874722,0 -143.000000,-42.874722,0 -142.000000,-42.874722,0 -141.000000,-42.874722,0 -140.000000,-42.874722,0 -139.000000,-42.874722,0 -138.000000,-42.874722,0 -137.000000,-42.874722,0 -136.000000,-42.874722,0 -135.000000,-42.874722,0 -134.000000,-42.874722,0 -133.000000,-42.874722,0 -132.000000,-42.874722,0 -131.000000,-42.874722,0 -130.000000,-42.874722,0 -129.000000,-42.874722,0 -128.000000,-42.874722,0 -127.000000,-42.874722,0 -126.000000,-42.874722,0 -125.000000,-42.874722,0 -124.000000,-42.874722,0 -123.000000,-42.874722,0 -122.000000,-42.874722,0 -121.000000,-42.874722,0 -120.000000,-42.874722,0 -119.000000,-42.874722,0 -118.000000,-42.874722,0 -117.000000,-42.874722,0 -116.000000,-42.874722,0 -115.000000,-42.874722,0 -114.000000,-42.874722,0 -113.000000,-42.874722,0 -112.000000,-42.874722,0 -111.000000,-42.874722,0 -110.000000,-42.874722,0 -109.000000,-42.874722,0 -108.000000,-42.874722,0 -107.000000,-42.874722,0 -106.000000,-42.874722,0 -105.000000,-42.874722,0 -104.000000,-42.874722,0 -103.000000,-42.874722,0 -102.000000,-42.874722,0 -101.000000,-42.874722,0 -100.000000,-42.874722,0 -99.000000,-42.874722,0 -98.000000,-42.874722,0 -97.000000,-42.874722,0 -96.000000,-42.874722,0 -95.000000,-42.874722,0 -94.000000,-42.874722,0 -93.000000,-42.874722,0 -92.000000,-42.874722,0 -91.000000,-42.874722,0 -90.000000,-42.874722,0 -89.000000,-42.874722,0 -88.000000,-42.874722,0 -87.000000,-42.874722,0 -86.000000,-42.874722,0 -85.000000,-42.874722,0 -84.000000,-42.874722,0 -83.000000,-42.874722,0 -82.000000,-42.874722,0 -81.000000,-42.874722,0 -80.000000,-42.874722,0 -79.000000,-42.874722,0 -78.000000,-42.874722,0 -77.000000,-42.874722,0 -76.000000,-42.874722,0 -75.000000,-42.874722,0 -74.000000,-42.874722,0 -73.000000,-42.874722,0 -72.000000,-42.874722,0 -71.000000,-42.874722,0 -70.000000,-42.874722,0 -69.000000,-42.874722,0 -68.000000,-42.874722,0 -67.000000,-42.874722,0 -66.000000,-42.874722,0 -65.000000,-42.874722,0 -64.000000,-42.874722,0 -63.000000,-42.874722,0 -62.000000,-42.874722,0 -61.000000,-42.874722,0 -60.000000,-42.874722,0 -59.000000,-42.874722,0 -58.000000,-42.874722,0 -57.000000,-42.874722,0 -56.000000,-42.874722,0 -55.000000,-42.874722,0 -54.000000,-42.874722,0 -53.000000,-42.874722,0 -52.000000,-42.874722,0 -51.000000,-42.874722,0 -50.000000,-42.874722,0 -49.000000,-42.874722,0 -48.000000,-42.874722,0 -47.000000,-42.874722,0 -46.000000,-42.874722,0 -45.000000,-42.874722,0 -44.000000,-42.874722,0 -43.000000,-42.874722,0 -42.000000,-42.874722,0 -41.000000,-42.874722,0 -40.000000,-42.874722,0 -39.000000,-42.874722,0 -38.000000,-42.874722,0 -37.000000,-42.874722,0 -36.000000,-42.874722,0 -35.000000,-42.874722,0 -34.000000,-42.874722,0 -33.000000,-42.874722,0 -32.000000,-42.874722,0 -31.000000,-42.874722,0 -30.000000,-42.874722,0 -29.000000,-42.874722,0 -28.000000,-42.874722,0 -27.000000,-42.874722,0 -26.000000,-42.874722,0 -25.000000,-42.874722,0 -24.000000,-42.874722,0 -23.000000,-42.874722,0 -22.000000,-42.874722,0 -21.000000,-42.874722,0 -20.000000,-42.874722,0 -19.000000,-42.874722,0 -18.000000,-42.874722,0 -17.000000,-42.874722,0 -16.000000,-42.874722,0 -15.000000,-42.874722,0 -14.000000,-42.874722,0 -13.000000,-42.874722,0 -12.000000,-42.874722,0 -11.000000,-42.874722,0 -10.000000,-42.874722,0 -9.000000,-42.874722,0 -8.000000,-42.874722,0 -7.000000,-42.874722,0 -6.000000,-42.874722,0 -5.000000,-42.874722,0 -4.000000,-42.874722,0 -3.000000,-42.874722,0 -2.000000,-42.874722,0 -1.000000,-42.874722,0 0.000000,-42.874722,0 1.000000,-42.874722,0 2.000000,-42.874722,0 3.000000,-42.874722,0 4.000000,-42.874722,0 5.000000,-42.874722,0 6.000000,-42.874722,0 7.000000,-42.874722,0 8.000000,-42.874722,0 9.000000,-42.874722,0 10.000000,-42.874722,0 11.000000,-42.874722,0 12.000000,-42.874722,0 13.000000,-42.874722,0 14.000000,-42.874722,0 15.000000,-42.874722,0 16.000000,-42.874722,0 17.000000,-42.874722,0 18.000000,-42.874722,0 19.000000,-42.874722,0 20.000000,-42.874722,0 21.000000,-42.874722,0 22.000000,-42.874722,0 23.000000,-42.874722,0 24.000000,-42.874722,0 25.000000,-42.874722,0 26.000000,-42.874722,0 27.000000,-42.874722,0 28.000000,-42.874722,0 29.000000,-42.874722,0 30.000000,-42.874722,0 31.000000,-42.874722,0 32.000000,-42.874722,0 33.000000,-42.874722,0 34.000000,-42.874722,0 35.000000,-42.874722,0 36.000000,-42.874722,0 37.000000,-42.874722,0 38.000000,-42.874722,0 39.000000,-42.874722,0 40.000000,-42.874722,0 41.000000,-42.874722,0 42.000000,-42.874722,0 43.000000,-42.874722,0 44.000000,-42.874722,0 45.000000,-42.874722,0 46.000000,-42.874722,0 47.000000,-42.874722,0 48.000000,-42.874722,0 49.000000,-42.874722,0 50.000000,-42.874722,0 51.000000,-42.874722,0 52.000000,-42.874722,0 53.000000,-42.874722,0 54.000000,-42.874722,0 55.000000,-42.874722,0 56.000000,-42.874722,0 57.000000,-42.874722,0 58.000000,-42.874722,0 59.000000,-42.874722,0 60.000000,-42.874722,0 61.000000,-42.874722,0 62.000000,-42.874722,0 63.000000,-42.874722,0 64.000000,-42.874722,0 65.000000,-42.874722,0 66.000000,-42.874722,0 67.000000,-42.874722,0 68.000000,-42.874722,0 69.000000,-42.874722,0 70.000000,-42.874722,0 71.000000,-42.874722,0 72.000000,-42.874722,0 73.000000,-42.874722,0 74.000000,-42.874722,0 75.000000,-42.874722,0 76.000000,-42.874722,0 77.000000,-42.874722,0 78.000000,-42.874722,0 79.000000,-42.874722,0 80.000000,-42.874722,0 81.000000,-42.874722,0 82.000000,-42.874722,0 83.000000,-42.874722,0 84.000000,-42.874722,0 85.000000,-42.874722,0 86.000000,-42.874722,0 87.000000,-42.874722,0 88.000000,-42.874722,0 89.000000,-42.874722,0 90.000000,-42.874722,0 91.000000,-42.874722,0 92.000000,-42.874722,0 93.000000,-42.874722,0 94.000000,-42.874722,0 95.000000,-42.874722,0 96.000000,-42.874722,0 97.000000,-42.874722,0 98.000000,-42.874722,0 99.000000,-42.874722,0 100.000000,-42.874722,0 101.000000,-42.874722,0 102.000000,-42.874722,0 103.000000,-42.874722,0 104.000000,-42.874722,0 105.000000,-42.874722,0 106.000000,-42.874722,0 107.000000,-42.874722,0 108.000000,-42.874722,0 109.000000,-42.874722,0 110.000000,-42.874722,0 111.000000,-42.874722,0 112.000000,-42.874722,0 113.000000,-42.874722,0 114.000000,-42.874722,0 115.000000,-42.874722,0 116.000000,-42.874722,0 117.000000,-42.874722,0 118.000000,-42.874722,0 119.000000,-42.874722,0 120.000000,-42.874722,0 121.000000,-42.874722,0 122.000000,-42.874722,0 123.000000,-42.874722,0 124.000000,-42.874722,0 125.000000,-42.874722,0 126.000000,-42.874722,0 127.000000,-42.874722,0 128.000000,-42.874722,0 129.000000,-42.874722,0 130.000000,-42.874722,0 131.000000,-42.874722,0 132.000000,-42.874722,0 133.000000,-42.874722,0 134.000000,-42.874722,0 135.000000,-42.874722,0 136.000000,-42.874722,0 137.000000,-42.874722,0 138.000000,-42.874722,0 139.000000,-42.874722,0 140.000000,-42.874722,0 141.000000,-42.874722,0 142.000000,-42.874722,0 143.000000,-42.874722,0 144.000000,-42.874722,0 145.000000,-42.874722,0 146.000000,-42.874722,0 147.000000,-42.874722,0 148.000000,-42.874722,0 149.000000,-42.874722,0 150.000000,-42.874722,0 151.000000,-42.874722,0 152.000000,-42.874722,0 153.000000,-42.874722,0 154.000000,-42.874722,0 155.000000,-42.874722,0 156.000000,-42.874722,0 157.000000,-42.874722,0 158.000000,-42.874722,0 159.000000,-42.874722,0 160.000000,-42.874722,0 161.000000,-42.874722,0 162.000000,-42.874722,0 163.000000,-42.874722,0 164.000000,-42.874722,0 165.000000,-42.874722,0 166.000000,-42.874722,0 167.000000,-42.874722,0 168.000000,-42.874722,0 169.000000,-42.874722,0 170.000000,-42.874722,0 171.000000,-42.874722,0 172.000000,-42.874722,0 173.000000,-42.874722,0 174.000000,-42.874722,0 175.000000,-42.874722,0 176.000000,-42.874722,0 177.000000,-42.874722,0 178.000000,-42.874722,0 179.000000,-42.874722,0 180.000000,-42.874722,0</coordinates>
        </LineString>
      </Placemark>
    </Folder>
  </Document>
</kml>
